{
    "extrinsic_matrix": [
        [
            -0.7984267473220825,
            0.14393910765647888,
            0.26511529088020325,
            46.029083251953125
        ],
        [
            -0.07730160653591156,
            -0.9283305406570435,
            0.3574985861778259,
            -19.76839828491211
        ],
        [
            0.3020692467689514,
            0.28930720686912537,
            0.74436354637146,
            64.93724822998047
        ],
        [
            0.0,
            0.0,
            0.0,
            1.0
        ]
    ],
    "rotation_matrix": [
        [
            -0.7984267473220825,
            0.14393910765647888,
            0.26511529088020325
        ],
        [
            -0.07730160653591156,
            -0.9283305406570435,
            0.3574985861778259
        ],
        [
            0.3020692467689514,
            0.28930720686912537,
            0.74436354637146
        ]
    ],
    "rotation_euler_deg": [
        [
            0.3706957995891571
        ],
        [
            -0.3601461946964264
        ],
        [
            -3.0450761318206787
        ]
    ],
    "translation_vector": [
        [
            46.029083251953125
        ],
        [
            -19.76839828491211
        ],
        [
            64.93724822998047
        ]
    ]
}