{
    "extrinsic_matrix": [
        [
            0.9138400554656982,
            -0.4010595381259918,
            -0.06361313164234161,
            44.91275405883789
        ],
        [
            -0.31176871061325073,
            -0.7933239936828613,
            0.5229120850563049,
            -17.315475463867188
        ],
        [
            -0.2601848542690277,
            -0.45802536606788635,
            -0.8500095009803772,
            40.713294982910156
        ],
        [
            0.0,
            0.0,
            0.0,
            1.0
        ]
    ],
    "rotation_matrix": [
        [
            0.9138400554656982,
            -0.4010595381259918,
            -0.06361313164234161
        ],
        [
            -0.31176871061325073,
            -0.7933239936828613,
            0.5229120850563049
        ],
        [
            -0.2601848542690277,
            -0.45802536606788635,
            -0.8500095009803772
        ]
    ],
    "rotation_euler_deg": [
        [
            -2.6473522186279297
        ],
        [
            0.26321372389793396
        ],
        [
            -0.3287809193134308
        ]
    ],
    "translation_vector": [
        [
            44.91275405883789
        ],
        [
            -17.315475463867188
        ],
        [
            40.713294982910156
        ]
    ]
}