{
    "extrinsic_matrix": [
        [
            -0.9812458157539368,
            0.10190906375646591,
            -0.16361917555332184,
            23.66881561279297
        ],
        [
            -0.18097352981567383,
            -0.194776251912117,
            0.9640074968338013,
            -3.484952449798584
        ],
        [
            0.06637225300073624,
            0.9755392670631409,
            0.2095663696527481,
            16.87139892578125
        ],
        [
            0.0,
            0.0,
            0.0,
            1.0
        ]
    ],
    "rotation_matrix": [
        [
            -0.9812458157539368,
            0.10190906375646591,
            -0.16361917555332184
        ],
        [
            -0.18097352981567383,
            -0.194776251912117,
            0.9640074968338013
        ],
        [
            0.06637225300073624,
            0.9755392670631409,
            0.2095663696527481
        ]
    ],
    "rotation_euler_deg": [
        [
            1.3591911792755127
        ],
        [
            -0.06642107665538788
        ],
        [
            -2.959209680557251
        ]
    ],
    "translation_vector": [
        [
            23.66881561279297
        ],
        [
            -3.484952449798584
        ],
        [
            16.87139892578125
        ]
    ]
}