{
    "extrinsic_matrix": [
        [
            -0.3237491250038147,
            0.9441675543785095,
            0.061107099056243896,
            17.38235855102539
        ],
        [
            -0.6043025255203247,
            -0.15665166079998016,
            -0.7812031507492065,
            -0.6508646011352539
        ],
        [
            -0.7280142903327942,
            -0.2898412346839905,
            0.6212788224220276,
            4.223536968231201
        ],
        [
            0.0,
            0.0,
            0.0,
            1.0
        ]
    ],
    "rotation_matrix": [
        [
            -0.3237491250038147,
            0.9441675543785095,
            0.061107099056243896
        ],
        [
            -0.6043025255203247,
            -0.15665166079998016,
            -0.7812031507492065
        ],
        [
            -0.7280142903327942,
            -0.2898412346839905,
            0.6212788224220276
        ]
    ],
    "rotation_euler_deg": [
        [
            -0.4365096688270569
        ],
        [
            0.8154211044311523
        ],
        [
            -2.0626256465911865
        ]
    ],
    "translation_vector": [
        [
            17.38235855102539
        ],
        [
            -0.6508646011352539
        ],
        [
            4.223536968231201
        ]
    ]
}