{
    "extrinsic_matrix": [
        [
            0.30465880036354065,
            -0.5102798342704773,
            0.8042369484901428,
            30.308700561523438
        ],
        [
            -0.18221113085746765,
            0.7975571751594543,
            0.5750662088394165,
            -10.777857780456543
        ],
        [
            -0.9348699450492859,
            -0.3217400312423706,
            0.1500038206577301,
            23.649690628051758
        ],
        [
            0.0,
            0.0,
            0.0,
            1.0
        ]
    ],
    "rotation_matrix": [
        [
            0.30465880036354065,
            -0.5102798342704773,
            0.8042369484901428
        ],
        [
            -0.18221113085746765,
            0.7975571751594543,
            0.5750662088394165
        ],
        [
            -0.9348699450492859,
            -0.3217400312423706,
            0.1500038206577301
        ]
    ],
    "rotation_euler_deg": [
        [
            -1.1345304250717163
        ],
        [
            1.207892894744873
        ],
        [
            -0.5390084385871887
        ]
    ],
    "translation_vector": [
        [
            30.308700561523438
        ],
        [
            -10.777857780456543
        ],
        [
            23.649690628051758
        ]
    ]
}