{
    "extrinsic_matrix": [
        [
            0.11196231842041016,
            -0.7194989323616028,
            -0.6854088306427002,
            44.311851501464844
        ],
        [
            -0.24243497848510742,
            -0.6886810660362244,
            0.6833324432373047,
            -11.083009719848633
        ],
        [
            -0.9636852741241455,
            0.08966001123189926,
            -0.2515382468700409,
            26.63319969177246
        ],
        [
            0.0,
            0.0,
            0.0,
            1.0
        ]
    ],
    "rotation_matrix": [
        [
            0.11196231842041016,
            -0.7194989323616028,
            -0.6854088306427002
        ],
        [
            -0.24243497848510742,
            -0.6886810660362244,
            0.6833324432373047
        ],
        [
            -0.9636852741241455,
            0.08966001123189926,
            -0.2515382468700409
        ]
    ],
    "rotation_euler_deg": [
        [
            2.7991862297058105
        ],
        [
            1.3004761934280396
        ],
        [
            -1.138153076171875
        ]
    ],
    "translation_vector": [
        [
            44.311851501464844
        ],
        [
            -11.083009719848633
        ],
        [
            26.63319969177246
        ]
    ]
}