{
    "extrinsic_matrix": [
        [
            0.09051062911748886,
            0.034955378621816635,
            0.9952816367149353,
            28.58051872253418
        ],
        [
            -0.5236480832099915,
            0.851750373840332,
            0.017705855891108513,
            -10.32276439666748
        ],
        [
            -0.8471126556396484,
            -0.522780179977417,
            0.0953965112566948,
            21.608705520629883
        ],
        [
            0.0,
            0.0,
            0.0,
            1.0
        ]
    ],
    "rotation_matrix": [
        [
            0.09051062911748886,
            0.034955378621816635,
            0.9952816367149353
        ],
        [
            -0.5236480832099915,
            0.851750373840332,
            0.017705855891108513
        ],
        [
            -0.8471126556396484,
            -0.522780179977417,
            0.0953965112566948
        ]
    ],
    "rotation_euler_deg": [
        [
            -1.3903030157089233
        ],
        [
            1.0105286836624146
        ],
        [
            -1.3996411561965942
        ]
    ],
    "translation_vector": [
        [
            28.58051872253418
        ],
        [
            -10.32276439666748
        ],
        [
            21.608705520629883
        ]
    ]
}