{
    "extrinsic_matrix": [
        [
            0.7170685529708862,
            0.12977446615695953,
            -0.6848141551017761,
            46.13690948486328
        ],
        [
            -0.31240200996398926,
            0.9381385445594788,
            -0.1493346244096756,
            -17.136964797973633
        ],
        [
            0.6230711936950684,
            0.3210203945636749,
            0.7132515907287598,
            39.899322509765625
        ],
        [
            0.0,
            0.0,
            0.0,
            1.0
        ]
    ],
    "rotation_matrix": [
        [
            0.7170685529708862,
            0.12977446615695953,
            -0.6848141551017761
        ],
        [
            -0.31240200996398926,
            0.9381385445594788,
            -0.1493346244096756
        ],
        [
            0.6230711936950684,
            0.3210203945636749,
            0.7132515907287598
        ]
    ],
    "rotation_euler_deg": [
        [
            0.4229205846786499
        ],
        [
            -0.6726630926132202
        ],
        [
            -0.4108695983886719
        ]
    ],
    "translation_vector": [
        [
            46.13690948486328
        ],
        [
            -17.136964797973633
        ],
        [
            39.899322509765625
        ]
    ]
}