{
    "extrinsic_matrix": [
        [
            -0.5304232239723206,
            -0.4390469193458557,
            -0.7251810431480408,
            44.89354705810547
        ],
        [
            -0.39103826880455017,
            0.8857094645500183,
            -0.2502155900001526,
            -18.90388298034668
        ],
        [
            0.7521567940711975,
            0.1508532613515854,
            -0.641485333442688,
            42.980560302734375
        ],
        [
            0.0,
            0.0,
            0.0,
            1.0
        ]
    ],
    "rotation_matrix": [
        [
            -0.5304232239723206,
            -0.4390469193458557,
            -0.7251810431480408
        ],
        [
            -0.39103826880455017,
            0.8857094645500183,
            -0.2502155900001526
        ],
        [
            0.7521567940711975,
            0.1508532613515854,
            -0.641485333442688
        ]
    ],
    "rotation_euler_deg": [
        [
            2.9106266498565674
        ],
        [
            -0.8513291478157043
        ],
        [
            -2.506321430206299
        ]
    ],
    "translation_vector": [
        [
            44.89354705810547
        ],
        [
            -18.90388298034668
        ],
        [
            42.980560302734375
        ]
    ]
}