{
    "extrinsic_matrix": [
        [
            0.43420934677124023,
            -0.2735426425933838,
            -0.8582752346992493,
            29.142498016357422
        ],
        [
            0.001823514699935913,
            0.9530445337295532,
            -0.30282407999038696,
            -9.899697303771973
        ],
        [
            0.9008097648620605,
            0.12992383539676666,
            0.41432005167007446,
            22.646459579467773
        ],
        [
            0.0,
            0.0,
            0.0,
            1.0
        ]
    ],
    "rotation_matrix": [
        [
            0.43420934677124023,
            -0.2735426425933838,
            -0.8582752346992493
        ],
        [
            0.001823514699935913,
            0.9530445337295532,
            -0.30282407999038696
        ],
        [
            0.9008097648620605,
            0.12992383539676666,
            0.41432005167007446
        ]
    ],
    "rotation_euler_deg": [
        [
            0.3038714528083801
        ],
        [
            -1.1216315031051636
        ],
        [
            0.004199596121907234
        ]
    ],
    "translation_vector": [
        [
            29.142498016357422
        ],
        [
            -9.899697303771973
        ],
        [
            22.646459579467773
        ]
    ]
}