{
    "extrinsic_matrix": [
        [
            -0.51862633228302,
            -0.8305663466453552,
            0.20294055342674255,
            44.88147735595703
        ],
        [
            -0.5841144919395447,
            0.17085619270801544,
            -0.7934849262237549,
            -18.143068313598633
        ],
        [
            0.6243689060211182,
            -0.5300630927085876,
            -0.5737565755844116,
            41.21943664550781
        ],
        [
            0.0,
            0.0,
            0.0,
            1.0
        ]
    ],
    "rotation_matrix": [
        [
            -0.51862633228302,
            -0.8305663466453552,
            0.20294055342674255
        ],
        [
            -0.5841144919395447,
            0.17085619270801544,
            -0.7934849262237549
        ],
        [
            0.6243689060211182,
            -0.5300630927085876,
            -0.5737565755844116
        ]
    ],
    "rotation_euler_deg": [
        [
            -2.3957576751708984
        ],
        [
            -0.674323558807373
        ],
        [
            -2.296877384185791
        ]
    ],
    "translation_vector": [
        [
            44.88147735595703
        ],
        [
            -18.143068313598633
        ],
        [
            41.21943664550781
        ]
    ]
}