{
    "extrinsic_matrix": [
        [
            -0.7297092080116272,
            0.10858029127120972,
            0.0018513202667236328,
            44.43806838989258
        ],
        [
            0.1758124828338623,
            0.10127106308937073,
            -0.8536684513092041,
            -19.362783432006836
        ],
        [
            0.01951545476913452,
            -0.7435545921325684,
            -0.34490782022476196,
            57.867095947265625
        ],
        [
            0.0,
            0.0,
            0.0,
            1.0
        ]
    ],
    "rotation_matrix": [
        [
            -0.7297092080116272,
            0.10858029127120972,
            0.0018513202667236328
        ],
        [
            0.1758124828338623,
            0.10127106308937073,
            -0.8536684513092041
        ],
        [
            0.01951545476913452,
            -0.7435545921325684,
            -0.34490782022476196
        ]
    ],
    "rotation_euler_deg": [
        [
            -2.0051190853118896
        ],
        [
            -0.02599429152905941
        ],
        [
            2.9051637649536133
        ]
    ],
    "translation_vector": [
        [
            44.43806838989258
        ],
        [
            -19.362783432006836
        ],
        [
            57.867095947265625
        ]
    ]
}