{
    "extrinsic_matrix": [
        [
            0.9653825163841248,
            0.04526601359248161,
            -0.2568801939487457,
            16.224084854125977
        ],
        [
            -0.03346535563468933,
            0.9981818795204163,
            0.05012817308306694,
            -0.22758737206459045
        ],
        [
            0.2586822211742401,
            -0.039796244353055954,
            0.9651424288749695,
            0.6737657189369202
        ],
        [
            0.0,
            0.0,
            0.0,
            1.0
        ]
    ],
    "rotation_matrix": [
        [
            0.9653825163841248,
            0.04526601359248161,
            -0.2568801939487457
        ],
        [
            -0.03346535563468933,
            0.9981818795204163,
            0.05012817308306694
        ],
        [
            0.2586822211742401,
            -0.039796244353055954,
            0.9651424288749695
        ]
    ],
    "rotation_euler_deg": [
        [
            -0.041210200637578964
        ],
        [
            -0.2616577744483948
        ],
        [
            -0.0346515066921711
        ]
    ],
    "translation_vector": [
        [
            16.224084854125977
        ],
        [
            -0.22758737206459045
        ],
        [
            0.6737657189369202
        ]
    ]
}