{
    "extrinsic_matrix": [
        [
            -0.9655097723007202,
            0.01852644979953766,
            -0.2127307653427124,
            45.802833557128906
        ],
        [
            -0.109784334897995,
            -0.9049484729766846,
            0.41067567467689514,
            -19.630001068115234
        ],
        [
            -0.18453389406204224,
            0.42185765504837036,
            0.8751190900802612,
            65.89241027832031
        ],
        [
            0.0,
            0.0,
            0.0,
            1.0
        ]
    ],
    "rotation_matrix": [
        [
            -0.9655097723007202,
            0.01852644979953766,
            -0.2127307653427124
        ],
        [
            -0.109784334897995,
            -0.9049484729766846,
            0.41067567467689514
        ],
        [
            -0.18453389406204224,
            0.42185765504837036,
            0.8751190900802612
        ]
    ],
    "rotation_euler_deg": [
        [
            0.44919079542160034
        ],
        [
            0.18766753375530243
        ],
        [
            -3.0283727645874023
        ]
    ],
    "translation_vector": [
        [
            45.802833557128906
        ],
        [
            -19.630001068115234
        ],
        [
            65.89241027832031
        ]
    ]
}