{
    "extrinsic_matrix": [
        [
            0.6500617265701294,
            -0.5289008617401123,
            -0.537447452545166,
            28.94831657409668
        ],
        [
            0.3143172860145569,
            -0.4598369598388672,
            0.828091561794281,
            -11.353326797485352
        ],
        [
            -0.6846924424171448,
            -0.7122076749801636,
            -0.13055983185768127,
            26.0629940032959
        ],
        [
            0.0,
            0.0,
            0.0,
            1.0
        ]
    ],
    "rotation_matrix": [
        [
            0.6500617265701294,
            -0.5289008617401123,
            -0.537447452545166
        ],
        [
            0.3143172860145569,
            -0.4598369598388672,
            0.828091561794281
        ],
        [
            -0.6846924424171448,
            -0.7122076749801636,
            -0.13055983185768127
        ]
    ],
    "rotation_euler_deg": [
        [
            -1.7521003484725952
        ],
        [
            0.7588390707969666
        ],
        [
            0.4503762125968933
        ]
    ],
    "translation_vector": [
        [
            28.94831657409668
        ],
        [
            -11.353326797485352
        ],
        [
            26.0629940032959
        ]
    ]
}