{
    "extrinsic_matrix": [
        [
            -0.7566560506820679,
            0.17529228329658508,
            0.38457682728767395,
            46.08564758300781
        ],
        [
            -0.0691809207201004,
            -0.9341760277748108,
            0.344204306602478,
            -19.802997589111328
        ],
        [
            0.4237200617790222,
            0.2561695873737335,
            0.711674690246582,
            64.69845581054688
        ],
        [
            0.0,
            0.0,
            0.0,
            1.0
        ]
    ],
    "rotation_matrix": [
        [
            -0.7566560506820679,
            0.17529228329658508,
            0.38457682728767395
        ],
        [
            -0.0691809207201004,
            -0.9341760277748108,
            0.344204306602478
        ],
        [
            0.4237200617790222,
            0.2561695873737335,
            0.711674690246582
        ]
    ],
    "rotation_euler_deg": [
        [
            0.3455141484737396
        ],
        [
            -0.5087084770202637
        ],
        [
            -3.0504162311553955
        ]
    ],
    "translation_vector": [
        [
            46.08564758300781
        ],
        [
            -19.802997589111328
        ],
        [
            64.69845581054688
        ]
    ]
}