{
    "extrinsic_matrix": [
        [
            -0.7379111051559448,
            -0.26935771107673645,
            -0.618815541267395,
            47.47882080078125
        ],
        [
            0.4613317549228668,
            -0.8705571889877319,
            -0.171181783080101,
            -18.89419174194336
        ],
        [
            -0.49260544776916504,
            -0.41179585456848145,
            0.7666577696800232,
            50.20853805541992
        ],
        [
            0.0,
            0.0,
            0.0,
            1.0
        ]
    ],
    "rotation_matrix": [
        [
            -0.7379111051559448,
            -0.26935771107673645,
            -0.618815541267395
        ],
        [
            0.4613317549228668,
            -0.8705571889877319,
            -0.171181783080101
        ],
        [
            -0.49260544776916504,
            -0.41179585456848145,
            0.7666577696800232
        ]
    ],
    "rotation_euler_deg": [
        [
            -0.4929095208644867
        ],
        [
            0.5150811672210693
        ],
        [
            2.582859516143799
        ]
    ],
    "translation_vector": [
        [
            47.47882080078125
        ],
        [
            -18.89419174194336
        ],
        [
            50.20853805541992
        ]
    ]
}