{
    "extrinsic_matrix": [
        [
            0.7728861570358276,
            0.25239622592926025,
            -0.5821876525878906,
            43.068824768066406
        ],
        [
            0.4642484486103058,
            -0.8503773212432861,
            0.24765153229236603,
            -14.189444541931152
        ],
        [
            -0.4325732886791229,
            -0.4616861641407013,
            -0.7744196057319641,
            32.837928771972656
        ],
        [
            0.0,
            0.0,
            0.0,
            1.0
        ]
    ],
    "rotation_matrix": [
        [
            0.7728861570358276,
            0.25239622592926025,
            -0.5821876525878906
        ],
        [
            0.4642484486103058,
            -0.8503773212432861,
            0.24765153229236603
        ],
        [
            -0.4325732886791229,
            -0.4616861641407013,
            -0.7744196057319641
        ]
    ],
    "rotation_euler_deg": [
        [
            -2.6039936542510986
        ],
        [
            0.44734513759613037
        ],
        [
            0.5409109592437744
        ]
    ],
    "translation_vector": [
        [
            43.068824768066406
        ],
        [
            -14.189444541931152
        ],
        [
            32.837928771972656
        ]
    ]
}