{
    "extrinsic_matrix": [
        [
            -0.3596842288970947,
            -0.7091462016105652,
            -0.6064143776893616,
            48.80820083618164
        ],
        [
            -0.5370365381240845,
            -0.37413516640663147,
            0.7560520172119141,
            -18.804668426513672
        ],
        [
            -0.7630323767662048,
            0.5976073741912842,
            -0.24626687169075012,
            56.204463958740234
        ],
        [
            0.0,
            0.0,
            0.0,
            1.0
        ]
    ],
    "rotation_matrix": [
        [
            -0.3596842288970947,
            -0.7091462016105652,
            -0.6064143776893616
        ],
        [
            -0.5370365381240845,
            -0.37413516640663147,
            0.7560520172119141
        ],
        [
            -0.7630323767662048,
            0.5976073741912842,
            -0.24626687169075012
        ]
    ],
    "rotation_euler_deg": [
        [
            1.9616798162460327
        ],
        [
            0.8679920434951782
        ],
        [
            -2.160935640335083
        ]
    ],
    "translation_vector": [
        [
            48.80820083618164
        ],
        [
            -18.804668426513672
        ],
        [
            56.204463958740234
        ]
    ]
}