{
    "extrinsic_matrix": [
        [
            0.669478178024292,
            -0.5193086266517639,
            -0.5188546180725098,
            28.985933303833008
        ],
        [
            0.29611125588417053,
            -0.45876139402389526,
            0.8342565298080444,
            -11.413728713989258
        ],
        [
            -0.6706473231315613,
            -0.7194142937660217,
            -0.1502601057291031,
            26.139062881469727
        ],
        [
            0.0,
            0.0,
            0.0,
            1.0
        ]
    ],
    "rotation_matrix": [
        [
            0.669478178024292,
            -0.5193086266517639,
            -0.5188546180725098
        ],
        [
            0.29611125588417053,
            -0.45876139402389526,
            0.8342565298080444
        ],
        [
            -0.6706473231315613,
            -0.7194142937660217,
            -0.1502601057291031
        ]
    ],
    "rotation_euler_deg": [
        [
            -1.776700735092163
        ],
        [
            0.7416580319404602
        ],
        [
            0.41643351316452026
        ]
    ],
    "translation_vector": [
        [
            28.985933303833008
        ],
        [
            -11.413728713989258
        ],
        [
            26.139062881469727
        ]
    ]
}