{
    "extrinsic_matrix": [
        [
            -0.61704421043396,
            0.7826555371284485,
            -0.08189056068658829,
            44.2100830078125
        ],
        [
            0.43120646476745605,
            0.24923044443130493,
            -0.8671475052833557,
            -19.323083877563477
        ],
        [
            -0.6582682728767395,
            -0.5703809261322021,
            -0.49127212166786194,
            58.46133804321289
        ],
        [
            0.0,
            0.0,
            0.0,
            1.0
        ]
    ],
    "rotation_matrix": [
        [
            -0.61704421043396,
            0.7826555371284485,
            -0.08189056068658829
        ],
        [
            0.43120646476745605,
            0.24923044443130493,
            -0.8671475052833557
        ],
        [
            -0.6582682728767395,
            -0.5703809261322021,
            -0.49127212166786194
        ]
    ],
    "rotation_euler_deg": [
        [
            -2.2818171977996826
        ],
        [
            0.7185161113739014
        ],
        [
            2.5316550731658936
        ]
    ],
    "translation_vector": [
        [
            44.2100830078125
        ],
        [
            -19.323083877563477
        ],
        [
            58.46133804321289
        ]
    ]
}