{
    "extrinsic_matrix": [
        [
            0.6888946294784546,
            -0.5097163915634155,
            -0.5002618432044983,
            29.023550033569336
        ],
        [
            0.27790525555610657,
            -0.45768582820892334,
            0.8404214978218079,
            -11.474129676818848
        ],
        [
            -0.6566022038459778,
            -0.7266209125518799,
            -0.1699603796005249,
            26.215129852294922
        ],
        [
            0.0,
            0.0,
            0.0,
            1.0
        ]
    ],
    "rotation_matrix": [
        [
            0.6888946294784546,
            -0.5097163915634155,
            -0.5002618432044983
        ],
        [
            0.27790525555610657,
            -0.45768582820892334,
            0.8404214978218079
        ],
        [
            -0.6566022038459778,
            -0.7266209125518799,
            -0.1699603796005249
        ]
    ],
    "rotation_euler_deg": [
        [
            -1.8005704879760742
        ],
        [
            0.7238548398017883
        ],
        [
            0.38344040513038635
        ]
    ],
    "translation_vector": [
        [
            29.023550033569336
        ],
        [
            -11.474129676818848
        ],
        [
            26.215129852294922
        ]
    ]
}