{
    "extrinsic_matrix": [
        [
            0.052275680005550385,
            -0.3401617407798767,
            0.9388584494590759,
            46.9766845703125
        ],
        [
            -0.13166479766368866,
            0.9295976758003235,
            0.3441013693809509,
            -20.09381675720215
        ],
        [
            -0.9898898005485535,
            -0.14155228435993195,
            0.003776246216148138,
            59.36373519897461
        ],
        [
            0.0,
            0.0,
            0.0,
            1.0
        ]
    ],
    "rotation_matrix": [
        [
            0.052275680005550385,
            -0.3401617407798767,
            0.9388584494590759
        ],
        [
            -0.13166479766368866,
            0.9295976758003235,
            0.3441013693809509
        ],
        [
            -0.9898898005485535,
            -0.14155228435993195,
            0.003776246216148138
        ]
    ],
    "rotation_euler_deg": [
        [
            -1.5441251993179321
        ],
        [
            1.4286516904830933
        ],
        [
            -1.1928476095199585
        ]
    ],
    "translation_vector": [
        [
            46.9766845703125
        ],
        [
            -20.09381675720215
        ],
        [
            59.36373519897461
        ]
    ]
}