{
    "extrinsic_matrix": [
        [
            0.9405649900436401,
            0.33386945724487305,
            -0.062190502882003784,
            47.335391998291016
        ],
        [
            -0.33883360028266907,
            0.9101399779319763,
            -0.2384052276611328,
            -18.967052459716797
        ],
        [
            -0.02299433946609497,
            0.24530737102031708,
            0.9691726565361023,
            52.15312194824219
        ],
        [
            0.0,
            0.0,
            0.0,
            1.0
        ]
    ],
    "rotation_matrix": [
        [
            0.9405649900436401,
            0.33386945724487305,
            -0.062190502882003784
        ],
        [
            -0.33883360028266907,
            0.9101399779319763,
            -0.2384052276611328
        ],
        [
            -0.02299433946609497,
            0.24530737102031708,
            0.9691726565361023
        ]
    ],
    "rotation_euler_deg": [
        [
            0.24790364503860474
        ],
        [
            0.02299637347459793
        ],
        [
            -0.34577223658561707
        ]
    ],
    "translation_vector": [
        [
            47.335391998291016
        ],
        [
            -18.967052459716797
        ],
        [
            52.15312194824219
        ]
    ]
}