{
    "extrinsic_matrix": [
        [
            -0.9777406454086304,
            0.2025536596775055,
            -0.0547177828848362,
            44.70719528198242
        ],
        [
            0.20867885649204254,
            0.965898334980011,
            -0.15327543020248413,
            -17.346132278442383
        ],
        [
            0.021805137395858765,
            -0.16128233075141907,
            -0.9866673946380615,
            42.28029251098633
        ],
        [
            0.0,
            0.0,
            0.0,
            1.0
        ]
    ],
    "rotation_matrix": [
        [
            -0.9777406454086304,
            0.2025536596775055,
            -0.0547177828848362
        ],
        [
            0.20867885649204254,
            0.965898334980011,
            -0.15327543020248413
        ],
        [
            0.021805137395858765,
            -0.16128233075141907,
            -0.9866673946380615
        ]
    ],
    "rotation_euler_deg": [
        [
            -2.9795639514923096
        ],
        [
            -0.021806875243782997
        ],
        [
            2.9313180446624756
        ]
    ],
    "translation_vector": [
        [
            44.70719528198242
        ],
        [
            -17.346132278442383
        ],
        [
            42.28029251098633
        ]
    ]
}