{
    "extrinsic_matrix": [
        [
            0.911357581615448,
            -0.40559113025665283,
            -0.07015815377235413,
            45.30122375488281
        ],
        [
            -0.3150375187397003,
            -0.7970157265663147,
            0.515283465385437,
            -17.01034164428711
        ],
        [
            -0.2649117112159729,
            -0.44750499725341797,
            -0.8541432023048401,
            41.582767486572266
        ],
        [
            0.0,
            0.0,
            0.0,
            1.0
        ]
    ],
    "rotation_matrix": [
        [
            0.911357581615448,
            -0.40559113025665283,
            -0.07015815377235413
        ],
        [
            -0.3150375187397003,
            -0.7970157265663147,
            0.515283465385437
        ],
        [
            -0.2649117112159729,
            -0.44750499725341797,
            -0.8541432023048401
        ]
    ],
    "rotation_euler_deg": [
        [
            -2.6589906215667725
        ],
        [
            0.2681124210357666
        ],
        [
            -0.3328205347061157
        ]
    ],
    "translation_vector": [
        [
            45.30122375488281
        ],
        [
            -17.01034164428711
        ],
        [
            41.582767486572266
        ]
    ]
}