{
    "extrinsic_matrix": [
        [
            -0.6126617789268494,
            0.6730326414108276,
            -0.2169286012649536,
            42.14202117919922
        ],
        [
            0.5764268040657043,
            0.237760990858078,
            -0.7404645681381226,
            -19.929349899291992
        ],
        [
            -0.41604703664779663,
            -0.6117709279060364,
            -0.6025052666664124,
            57.705604553222656
        ],
        [
            0.0,
            0.0,
            0.0,
            1.0
        ]
    ],
    "rotation_matrix": [
        [
            -0.6126617789268494,
            0.6730326414108276,
            -0.2169286012649536
        ],
        [
            0.5764268040657043,
            0.237760990858078,
            -0.7404645681381226
        ],
        [
            -0.41604703664779663,
            -0.6117709279060364,
            -0.6025052666664124
        ]
    ],
    "rotation_euler_deg": [
        [
            -2.3485641479492188
        ],
        [
            0.45930689573287964
        ],
        [
            2.386657953262329
        ]
    ],
    "translation_vector": [
        [
            42.14202117919922
        ],
        [
            -19.929349899291992
        ],
        [
            57.705604553222656
        ]
    ]
}