{
    "extrinsic_matrix": [
        [
            -0.24392245709896088,
            0.7446983456611633,
            0.6212291717529297,
            47.116512298583984
        ],
        [
            -0.40656784176826477,
            0.5030426979064941,
            -0.7626601457595825,
            -19.729591369628906
        ],
        [
            -0.8804565072059631,
            -0.4386025667190552,
            0.18006697297096252,
            57.49280548095703
        ],
        [
            0.0,
            0.0,
            0.0,
            1.0
        ]
    ],
    "rotation_matrix": [
        [
            -0.24392245709896088,
            0.7446983456611633,
            0.6212291717529297
        ],
        [
            -0.40656784176826477,
            0.5030426979064941,
            -0.7626601457595825
        ],
        [
            -0.8804565072059631,
            -0.4386025667190552,
            0.18006697297096252
        ]
    ],
    "rotation_euler_deg": [
        [
            -1.181230902671814
        ],
        [
            1.0768249034881592
        ],
        [
            -2.111182928085327
        ]
    ],
    "translation_vector": [
        [
            47.116512298583984
        ],
        [
            -19.729591369628906
        ],
        [
            57.49280548095703
        ]
    ]
}