{
    "extrinsic_matrix": [
        [
            0.9658978581428528,
            -0.19083023071289062,
            -0.174997940659523,
            47.798648834228516
        ],
        [
            0.13868694007396698,
            0.9520505666732788,
            -0.27270081639289856,
            -19.575340270996094
        ],
        [
            0.2186460942029953,
            0.2391308844089508,
            0.9460500478744507,
            53.29580307006836
        ],
        [
            0.0,
            0.0,
            0.0,
            1.0
        ]
    ],
    "rotation_matrix": [
        [
            0.9658978581428528,
            -0.19083023071289062,
            -0.174997940659523
        ],
        [
            0.13868694007396698,
            0.9520505666732788,
            -0.27270081639289856
        ],
        [
            0.2186460942029953,
            0.2391308844089508,
            0.9460500478744507
        ]
    ],
    "rotation_euler_deg": [
        [
            0.2475818395614624
        ],
        [
            -0.22042690217494965
        ],
        [
            0.14260876178741455
        ]
    ],
    "translation_vector": [
        [
            47.798648834228516
        ],
        [
            -19.575340270996094
        ],
        [
            53.29580307006836
        ]
    ]
}