{
    "extrinsic_matrix": [
        [
            0.9953775405883789,
            0.08231830596923828,
            -0.049470048397779465,
            3.2168776988983154
        ],
        [
            -0.07917417585849762,
            0.9949014782905579,
            0.062471769750118256,
            -0.0164695605635643
        ],
        [
            0.05436036363244057,
            -0.05826624482870102,
            0.9968200325965881,
            1.0315206050872803
        ],
        [
            0.0,
            0.0,
            0.0,
            1.0
        ]
    ],
    "rotation_matrix": [
        [
            0.9953775405883789,
            0.08231830596923828,
            -0.049470048397779465
        ],
        [
            -0.07917417585849762,
            0.9949014782905579,
            0.062471769750118256
        ],
        [
            0.05436036363244057,
            -0.05826624482870102,
            0.9968200325965881
        ]
    ],
    "rotation_euler_deg": [
        [
            -0.058385685086250305
        ],
        [
            -0.0543871708214283
        ],
        [
            -0.07937473803758621
        ]
    ],
    "translation_vector": [
        [
            3.2168776988983154
        ],
        [
            -0.0164695605635643
        ],
        [
            1.0315206050872803
        ]
    ]
}