{
    "extrinsic_matrix": [
        [
            -0.597558856010437,
            0.7458651661872864,
            -0.24515827000141144,
            41.84575653076172
        ],
        [
            0.6281189322471619,
            0.2553725838661194,
            -0.7258576154708862,
            -20.00245475769043
        ],
        [
            -0.4722486436367035,
            -0.5947665572166443,
            -0.6357436180114746,
            57.68476867675781
        ],
        [
            0.0,
            0.0,
            0.0,
            1.0
        ]
    ],
    "rotation_matrix": [
        [
            -0.597558856010437,
            0.7458651661872864,
            -0.24515827000141144
        ],
        [
            0.6281189322471619,
            0.2553725838661194,
            -0.7258576154708862
        ],
        [
            -0.4722486436367035,
            -0.5947665572166443,
            -0.6357436180114746
        ]
    ],
    "rotation_euler_deg": [
        [
            -2.3894829750061035
        ],
        [
            0.4987815320491791
        ],
        [
            2.331266403198242
        ]
    ],
    "translation_vector": [
        [
            41.84575653076172
        ],
        [
            -20.00245475769043
        ],
        [
            57.68476867675781
        ]
    ]
}