{
    "extrinsic_matrix": [
        [
            -0.710830569267273,
            0.1996210217475891,
            -0.03343576192855835,
            44.0677375793457
        ],
        [
            0.2404276728630066,
            0.12328557670116425,
            -0.8354097604751587,
            -19.454166412353516
        ],
        [
            -0.05073654651641846,
            -0.7222991585731506,
            -0.38645580410957336,
            57.84104919433594
        ],
        [
            0.0,
            0.0,
            0.0,
            1.0
        ]
    ],
    "rotation_matrix": [
        [
            -0.710830569267273,
            0.1996210217475891,
            -0.03343576192855835
        ],
        [
            0.2404276728630066,
            0.12328557670116425,
            -0.8354097604751587
        ],
        [
            -0.05073654651641846,
            -0.7222991585731506,
            -0.38645580410957336
        ]
    ],
    "rotation_euler_deg": [
        [
            -2.0620779991149902
        ],
        [
            0.06751079112291336
        ],
        [
            2.8154373168945312
        ]
    ],
    "translation_vector": [
        [
            44.0677375793457
        ],
        [
            -19.454166412353516
        ],
        [
            57.84104919433594
        ]
    ]
}