{
    "extrinsic_matrix": [
        [
            -0.6946739554405212,
            0.28103455901145935,
            0.6620707511901855,
            46.11874771118164
        ],
        [
            -0.11356129497289658,
            -0.9518185257911682,
            0.2847538888454437,
            -19.091785430908203
        ],
        [
            0.7101924419403076,
            0.12264800071716309,
            0.6931238174438477,
            63.90644454956055
        ],
        [
            0.0,
            0.0,
            0.0,
            1.0
        ]
    ],
    "rotation_matrix": [
        [
            -0.6946739554405212,
            0.28103455901145935,
            0.6620707511901855
        ],
        [
            -0.11356129497289658,
            -0.9518185257911682,
            0.2847538888454437
        ],
        [
            0.7101924419403076,
            0.12264800071716309,
            0.6931238174438477
        ]
    ],
    "rotation_euler_deg": [
        [
            0.1751367300748825
        ],
        [
            -0.7898515462875366
        ],
        [
            -2.9795517921447754
        ]
    ],
    "translation_vector": [
        [
            46.11874771118164
        ],
        [
            -19.091785430908203
        ],
        [
            63.90644454956055
        ]
    ]
}