{
    "extrinsic_matrix": [
        [
            0.6394709944725037,
            -0.5341329574584961,
            -0.5475889444351196,
            28.927797317504883
        ],
        [
            0.3242478370666504,
            -0.46042364835739136,
            0.8247288465499878,
            -11.320381164550781
        ],
        [
            -0.6923534274101257,
            -0.7082767486572266,
            -0.11981423199176788,
            26.021503448486328
        ],
        [
            0.0,
            0.0,
            0.0,
            1.0
        ]
    ],
    "rotation_matrix": [
        [
            0.6394709944725037,
            -0.5341329574584961,
            -0.5475889444351196
        ],
        [
            0.3242478370666504,
            -0.46042364835739136,
            0.8247288465499878
        ],
        [
            -0.6923534274101257,
            -0.7082767486572266,
            -0.11981423199176788
        ]
    ],
    "rotation_euler_deg": [
        [
            -1.7383729219436646
        ],
        [
            0.7679262757301331
        ],
        [
            0.4692767560482025
        ]
    ],
    "translation_vector": [
        [
            28.927797317504883
        ],
        [
            -11.320381164550781
        ],
        [
            26.021503448486328
        ]
    ]
}