{
    "extrinsic_matrix": [
        [
            0.6641827821731567,
            -0.5219246745109558,
            -0.5239254236221313,
            28.97567367553711
        ],
        [
            0.3010765314102173,
            -0.45905473828315735,
            0.8325751423835754,
            -11.397254943847656
        ],
        [
            -0.6744778156280518,
            -0.7174488306045532,
            -0.144887313246727,
            26.118316650390625
        ],
        [
            0.0,
            0.0,
            0.0,
            1.0
        ]
    ],
    "rotation_matrix": [
        [
            0.6641827821731567,
            -0.5219246745109558,
            -0.5239254236221313
        ],
        [
            0.3010765314102173,
            -0.45905473828315735,
            0.8325751423835754
        ],
        [
            -0.6744778156280518,
            -0.7174488306045532,
            -0.144887313246727
        ]
    ],
    "rotation_euler_deg": [
        [
            -1.7700642347335815
        ],
        [
            0.7464081048965454
        ],
        [
            0.4255979061126709
        ]
    ],
    "translation_vector": [
        [
            28.97567367553711
        ],
        [
            -11.397254943847656
        ],
        [
            26.118316650390625
        ]
    ]
}