{
    "extrinsic_matrix": [
        [
            -0.888930082321167,
            0.07600724697113037,
            0.006282031536102295,
            45.906532287597656
        ],
        [
            -0.09489642083644867,
            -0.9156652688980103,
            0.3863028287887573,
            -19.69343376159668
        ],
        [
            0.038492560386657715,
            0.36110538244247437,
            0.8151894807815552,
            65.45462799072266
        ],
        [
            0.0,
            0.0,
            0.0,
            1.0
        ]
    ],
    "rotation_matrix": [
        [
            -0.888930082321167,
            0.07600724697113037,
            0.006282031536102295
        ],
        [
            -0.09489642083644867,
            -0.9156652688980103,
            0.3863028287887573
        ],
        [
            0.038492560386657715,
            0.36110538244247437,
            0.8151894807815552
        ]
    ],
    "rotation_euler_deg": [
        [
            0.4169933497905731
        ],
        [
            -0.04303089156746864
        ],
        [
            -3.0352418422698975
        ]
    ],
    "translation_vector": [
        [
            45.906532287597656
        ],
        [
            -19.69343376159668
        ],
        [
            65.45462799072266
        ]
    ]
}