{
    "extrinsic_matrix": [
        [
            -0.846756637096405,
            -0.4558719992637634,
            0.22063124179840088,
            46.73411560058594
        ],
        [
            -0.22480183839797974,
            -0.03521883487701416,
            -0.9668722748756409,
            -18.796218872070312
        ],
        [
            0.4550779461860657,
            -0.8753381967544556,
            -0.08731037378311157,
            58.02858352661133
        ],
        [
            0.0,
            0.0,
            0.0,
            1.0
        ]
    ],
    "rotation_matrix": [
        [
            -0.846756637096405,
            -0.4558719992637634,
            0.22063124179840088
        ],
        [
            -0.22480183839797974,
            -0.03521883487701416,
            -0.9668722748756409
        ],
        [
            0.4550779461860657,
            -0.8753381967544556,
            -0.08731037378311157
        ]
    ],
    "rotation_euler_deg": [
        [
            -1.6702122688293457
        ],
        [
            -0.4790802299976349
        ],
        [
            -2.8820931911468506
        ]
    ],
    "translation_vector": [
        [
            46.73411560058594
        ],
        [
            -18.796218872070312
        ],
        [
            58.02858352661133
        ]
    ]
}