{
    "extrinsic_matrix": [
        [
            -0.5854892134666443,
            0.8023519515991211,
            0.11590143293142319,
            45.96493911743164
        ],
        [
            0.13219670951366425,
            0.23554804921150208,
            -0.9628296494483948,
            -19.310800552368164
        ],
        [
            -0.7998285889625549,
            -0.5484054088592529,
            -0.2439788430929184,
            57.96303176879883
        ],
        [
            0.0,
            0.0,
            0.0,
            1.0
        ]
    ],
    "rotation_matrix": [
        [
            -0.5854892134666443,
            0.8023519515991211,
            0.11590143293142319
        ],
        [
            0.13219670951366425,
            0.23554804921150208,
            -0.9628296494483948
        ],
        [
            -0.7998285889625549,
            -0.5484054088592529,
            -0.2439788430929184
        ]
    ],
    "rotation_euler_deg": [
        [
            -1.9893907308578491
        ],
        [
            0.9270099997520447
        ],
        [
            2.919527769088745
        ]
    ],
    "translation_vector": [
        [
            45.96493911743164
        ],
        [
            -19.310800552368164
        ],
        [
            57.96303176879883
        ]
    ]
}