{
    "extrinsic_matrix": [
        [
            -0.7901207804679871,
            -0.1827499270439148,
            0.11476999521255493,
            45.62312316894531
        ],
        [
            -0.0309562087059021,
            0.030824661254882812,
            -0.9120962023735046,
            -19.070363998413086
        ],
        [
            0.24432188272476196,
            -0.8115719556808472,
            -0.21195432543754578,
            57.950443267822266
        ],
        [
            0.0,
            0.0,
            0.0,
            1.0
        ]
    ],
    "rotation_matrix": [
        [
            -0.7901207804679871,
            -0.1827499270439148,
            0.11476999521255493
        ],
        [
            -0.0309562087059021,
            0.030824661254882812,
            -0.9120962023735046
        ],
        [
            0.24432188272476196,
            -0.8115719556808472,
            -0.21195432543754578
        ]
    ],
    "rotation_euler_deg": [
        [
            -1.826255440711975
        ],
        [
            -0.29967838525772095
        ],
        [
            -3.102433681488037
        ]
    ],
    "translation_vector": [
        [
            45.62312316894531
        ],
        [
            -19.070363998413086
        ],
        [
            57.950443267822266
        ]
    ]
}