{
    "extrinsic_matrix": [
        [
            0.7594998478889465,
            -0.47483551502227783,
            -0.43265169858932495,
            29.160337448120117
        ],
        [
            0.21170158684253693,
            -0.45377466082572937,
            0.8628396391868591,
            -11.693771362304688
        ],
        [
            -0.6055290699005127,
            -0.7528268098831177,
            -0.2415977418422699,
            26.491741180419922
        ],
        [
            0.0,
            0.0,
            0.0,
            1.0
        ]
    ],
    "rotation_matrix": [
        [
            0.7594998478889465,
            -0.47483551502227783,
            -0.43265169858932495
        ],
        [
            0.21170158684253693,
            -0.45377466082572937,
            0.8628396391868591
        ],
        [
            -0.6055290699005127,
            -0.7528268098831177,
            -0.2415977418422699
        ]
    ],
    "rotation_euler_deg": [
        [
            -1.8813343048095703
        ],
        [
            0.6549198627471924
        ],
        [
            0.2718382179737091
        ]
    ],
    "translation_vector": [
        [
            29.160337448120117
        ],
        [
            -11.693771362304688
        ],
        [
            26.491741180419922
        ]
    ]
}