{
    "extrinsic_matrix": [
        [
            -0.22274775803089142,
            0.4150218069553375,
            -0.8821225762367249,
            24.276865005493164
        ],
        [
            -0.48309996724128723,
            -0.8329309821128845,
            -0.269888699054718,
            -6.1295342445373535
        ],
        [
            -0.8467569351196289,
            0.36603641510009766,
            0.38603097200393677,
            18.690040588378906
        ],
        [
            0.0,
            0.0,
            0.0,
            1.0
        ]
    ],
    "rotation_matrix": [
        [
            -0.22274775803089142,
            0.4150218069553375,
            -0.8821225762367249
        ],
        [
            -0.48309996724128723,
            -0.8329309821128845,
            -0.269888699054718
        ],
        [
            -0.8467569351196289,
            0.36603641510009766,
            0.38603097200393677
        ]
    ],
    "rotation_euler_deg": [
        [
            0.7588183283805847
        ],
        [
            1.009859561920166
        ],
        [
            -2.00282621383667
        ]
    ],
    "translation_vector": [
        [
            24.276865005493164
        ],
        [
            -6.1295342445373535
        ],
        [
            18.690040588378906
        ]
    ]
}