{
    "extrinsic_matrix": [
        [
            0.08983045816421509,
            -0.29050639271736145,
            0.9526469111442566,
            46.789066314697266
        ],
        [
            -0.0999174490571022,
            0.9490599632263184,
            0.2988336384296417,
            -19.119739532470703
        ],
        [
            -0.9909323453903198,
            -0.12203057110309601,
            0.05622705817222595,
            62.86278533935547
        ],
        [
            0.0,
            0.0,
            0.0,
            1.0
        ]
    ],
    "rotation_matrix": [
        [
            0.08983045816421509,
            -0.29050639271736145,
            0.9526469111442566
        ],
        [
            -0.0999174490571022,
            0.9490599632263184,
            0.2988336384296417
        ],
        [
            -0.9909323453903198,
            -0.12203057110309601,
            0.05622705817222595
        ]
    ],
    "rotation_euler_deg": [
        [
            -1.139028787612915
        ],
        [
            1.4360272884368896
        ],
        [
            -0.838508129119873
        ]
    ],
    "translation_vector": [
        [
            46.789066314697266
        ],
        [
            -19.119739532470703
        ],
        [
            62.86278533935547
        ]
    ]
}