{
    "extrinsic_matrix": [
        [
            0.9212338328361511,
            -0.18177571892738342,
            0.3439258635044098,
            43.74873733520508
        ],
        [
            0.22869713604450226,
            0.9682616591453552,
            -0.10082881152629852,
            -15.262685775756836
        ],
        [
            -0.31468236446380615,
            0.17154154181480408,
            0.933567225933075,
            39.407474517822266
        ],
        [
            0.0,
            0.0,
            0.0,
            1.0
        ]
    ],
    "rotation_matrix": [
        [
            0.9212338328361511,
            -0.18177571892738342,
            0.3439258635044098
        ],
        [
            0.22869713604450226,
            0.9682616591453552,
            -0.10082881152629852
        ],
        [
            -0.31468236446380615,
            0.17154154181480408,
            0.933567225933075
        ]
    ],
    "rotation_euler_deg": [
        [
            0.18172137439250946
        ],
        [
            0.3201221525669098
        ],
        [
            0.24333178997039795
        ]
    ],
    "translation_vector": [
        [
            43.74873733520508
        ],
        [
            -15.262685775756836
        ],
        [
            39.407474517822266
        ]
    ]
}