{
    "extrinsic_matrix": [
        [
            -0.9098154306411743,
            0.06033065915107727,
            -0.05344873666763306,
            45.87825012207031
        ],
        [
            -0.09895676374435425,
            -0.9127424955368042,
            0.39294999837875366,
            -19.67613410949707
        ],
        [
            -0.022332847118377686,
            0.3776741623878479,
            0.8315339088439941,
            65.57402038574219
        ],
        [
            0.0,
            0.0,
            0.0,
            1.0
        ]
    ],
    "rotation_matrix": [
        [
            -0.9098154306411743,
            0.06033065915107727,
            -0.05344873666763306
        ],
        [
            -0.09895676374435425,
            -0.9127424955368042,
            0.39294999837875366
        ],
        [
            -0.022332847118377686,
            0.3776741623878479,
            0.8315339088439941
        ]
    ],
    "rotation_euler_deg": [
        [
            0.42633265256881714
        ],
        [
            0.02439780905842781
        ],
        [
            -3.033252716064453
        ]
    ],
    "translation_vector": [
        [
            45.87825012207031
        ],
        [
            -19.67613410949707
        ],
        [
            65.57402038574219
        ]
    ]
}