{
    "extrinsic_matrix": [
        [
            -0.8818602561950684,
            -0.1558247059583664,
            -0.4450180232524872,
            2.994882106781006
        ],
        [
            -0.018477119505405426,
            -0.9316675662994385,
            0.36284181475639343,
            0.12692302465438843
        ],
        [
            -0.4711485803127289,
            0.32819846272468567,
            0.8187215328216553,
            1.995966911315918
        ],
        [
            0.0,
            0.0,
            0.0,
            1.0
        ]
    ],
    "rotation_matrix": [
        [
            -0.8818602561950684,
            -0.1558247059583664,
            -0.4450180232524872
        ],
        [
            -0.018477119505405426,
            -0.9316675662994385,
            0.36284181475639343
        ],
        [
            -0.4711485803127289,
            0.32819846272468567,
            0.8187215328216553
        ]
    ],
    "rotation_euler_deg": [
        [
            0.38125360012054443
        ],
        [
            0.49059250950813293
        ],
        [
            -3.120643377304077
        ]
    ],
    "translation_vector": [
        [
            2.994882106781006
        ],
        [
            0.12692302465438843
        ],
        [
            1.995966911315918
        ]
    ]
}