{
    "extrinsic_matrix": [
        [
            -0.18141216039657593,
            -0.9709551334381104,
            -0.03368288278579712,
            22.8692626953125
        ],
        [
            -0.19758619368076324,
            0.07328186929225922,
            -0.975114107131958,
            -1.9861032962799072
        ],
        [
            0.9518834352493286,
            -0.16916140913963318,
            -0.2149343639612198,
            12.671590805053711
        ],
        [
            0.0,
            0.0,
            0.0,
            1.0
        ]
    ],
    "rotation_matrix": [
        [
            -0.18141216039657593,
            -0.9709551334381104,
            -0.03368288278579712
        ],
        [
            -0.19758619368076324,
            0.07328186929225922,
            -0.975114107131958
        ],
        [
            0.9518834352493286,
            -0.16916140913963318,
            -0.2149343639612198
        ]
    ],
    "rotation_euler_deg": [
        [
            -2.4748058319091797
        ],
        [
            -1.2961236238479614
        ],
        [
            -2.313544750213623
        ]
    ],
    "translation_vector": [
        [
            22.8692626953125
        ],
        [
            -1.9861032962799072
        ],
        [
            12.671590805053711
        ]
    ]
}