{
    "extrinsic_matrix": [
        [
            0.0006937980651855469,
            -0.7309878468513489,
            -0.2550429701805115,
            30.290233612060547
        ],
        [
            0.09227418899536133,
            0.25830549001693726,
            -0.7434364557266235,
            -9.630277633666992
        ],
        [
            0.9551675915718079,
            -0.0754750594496727,
            0.2310054451227188,
            23.307966232299805
        ],
        [
            0.0,
            0.0,
            0.0,
            1.0
        ]
    ],
    "rotation_matrix": [
        [
            0.0006937980651855469,
            -0.7309878468513489,
            -0.2550429701805115
        ],
        [
            0.09227418899536133,
            0.25830549001693726,
            -0.7434364557266235
        ],
        [
            0.9551675915718079,
            -0.0754750594496727,
            0.2310054451227188
        ]
    ],
    "rotation_euler_deg": [
        [
            -0.3157905638217926
        ],
        [
            -1.4744871854782104
        ],
        [
            1.5632776021957397
        ]
    ],
    "translation_vector": [
        [
            30.290233612060547
        ],
        [
            -9.630277633666992
        ],
        [
            23.307966232299805
        ]
    ]
}