{
    "extrinsic_matrix": [
        [
            0.666485607624054,
            -0.5867974162101746,
            -0.4598540961742401,
            33.019779205322266
        ],
        [
            0.15873824059963226,
            -0.4909824728965759,
            0.8565850853919983,
            -12.029808044433594
        ],
        [
            -0.7284224629402161,
            -0.6438977122306824,
            -0.23408570885658264,
            25.528188705444336
        ],
        [
            0.0,
            0.0,
            0.0,
            1.0
        ]
    ],
    "rotation_matrix": [
        [
            0.666485607624054,
            -0.5867974162101746,
            -0.4598540961742401
        ],
        [
            0.15873824059963226,
            -0.4909824728965759,
            0.8565850853919983
        ],
        [
            -0.7284224629402161,
            -0.6438977122306824,
            -0.23408570885658264
        ]
    ],
    "rotation_euler_deg": [
        [
            -1.9194865226745605
        ],
        [
            0.8160164952278137
        ],
        [
            0.23381586372852325
        ]
    ],
    "translation_vector": [
        [
            33.019779205322266
        ],
        [
            -12.029808044433594
        ],
        [
            25.528188705444336
        ]
    ]
}