{
    "extrinsic_matrix": [
        [
            0.4033069610595703,
            -0.2767834961414337,
            -0.8722006678581238,
            30.071779251098633
        ],
        [
            -0.004390191286802292,
            0.9525611400604248,
            -0.3043149411678314,
            -9.906938552856445
        ],
        [
            0.9150539040565491,
            0.12656132876873016,
            0.3829598128795624,
            22.412309646606445
        ],
        [
            0.0,
            0.0,
            0.0,
            1.0
        ]
    ],
    "rotation_matrix": [
        [
            0.4033069610595703,
            -0.2767834961414337,
            -0.8722006678581238
        ],
        [
            -0.004390191286802292,
            0.9525611400604248,
            -0.3043149411678314
        ],
        [
            0.9150539040565491,
            0.12656132876873016,
            0.3829598128795624
        ]
    ],
    "rotation_euler_deg": [
        [
            0.3191821575164795
        ],
        [
            -1.1556421518325806
        ],
        [
            -0.010885053314268589
        ]
    ],
    "translation_vector": [
        [
            30.071779251098633
        ],
        [
            -9.906938552856445
        ],
        [
            22.412309646606445
        ]
    ]
}