{
    "extrinsic_matrix": [
        [
            -0.8332357406616211,
            0.11781147122383118,
            0.16556400060653687,
            45.98194885253906
        ],
        [
            -0.08406884223222733,
            -0.9234592914581299,
            0.36857715249061584,
            -19.739564895629883
        ],
        [
            0.20069360733032227,
            0.3169218897819519,
            0.7716042995452881,
            65.13623809814453
        ],
        [
            0.0,
            0.0,
            0.0,
            1.0
        ]
    ],
    "rotation_matrix": [
        [
            -0.8332357406616211,
            0.11781147122383118,
            0.16556400060653687
        ],
        [
            -0.08406884223222733,
            -0.9234592914581299,
            0.36857715249061584
        ],
        [
            0.20069360733032227,
            0.3169218897819519,
            0.7716042995452881
        ]
    ],
    "rotation_euler_deg": [
        [
            0.3897229731082916
        ],
        [
            -0.23520822823047638
        ],
        [
            -3.0410385131835938
        ]
    ],
    "translation_vector": [
        [
            45.98194885253906
        ],
        [
            -19.739564895629883
        ],
        [
            65.13623809814453
        ]
    ]
}