{
    "extrinsic_matrix": [
        [
            -0.9882903695106506,
            -0.026057928800582886,
            -0.15034064650535583,
            49.0217399597168
        ],
        [
            -0.1197909489274025,
            -0.4777684211730957,
            0.8702801465988159,
            -18.61622428894043
        ],
        [
            -0.09450524300336838,
            0.8780997395515442,
            0.4690523147583008,
            56.77077865600586
        ],
        [
            0.0,
            0.0,
            0.0,
            1.0
        ]
    ],
    "rotation_matrix": [
        [
            -0.9882903695106506,
            -0.026057928800582886,
            -0.15034064650535583
        ],
        [
            -0.1197909489274025,
            -0.4777684211730957,
            0.8702801465988159
        ],
        [
            -0.09450524300336838,
            0.8780997395515442,
            0.4690523147583008
        ]
    ],
    "rotation_euler_deg": [
        [
            1.080189824104309
        ],
        [
            0.09464653581380844
        ],
        [
            -3.0209708213806152
        ]
    ],
    "translation_vector": [
        [
            49.0217399597168
        ],
        [
            -18.61622428894043
        ],
        [
            56.77077865600586
        ]
    ]
}