{
    "extrinsic_matrix": [
        [
            0.7776292562484741,
            0.24562014639377594,
            -0.5787596702575684,
            42.87104415893555
        ],
        [
            0.45795559883117676,
            -0.8519936203956604,
            0.2537381052970886,
            -15.142982482910156
        ],
        [
            -0.43077677488327026,
            -0.4623604118824005,
            -0.7750185132026672,
            32.61066436767578
        ],
        [
            0.0,
            0.0,
            0.0,
            1.0
        ]
    ],
    "rotation_matrix": [
        [
            0.7776292562484741,
            0.24562014639377594,
            -0.5787596702575684
        ],
        [
            0.45795559883117676,
            -0.8519936203956604,
            0.2537381052970886
        ],
        [
            -0.43077677488327026,
            -0.4623604118824005,
            -0.7750185132026672
        ]
    ],
    "rotation_euler_deg": [
        [
            -2.603691816329956
        ],
        [
            0.44535350799560547
        ],
        [
            0.5322270393371582
        ]
    ],
    "translation_vector": [
        [
            42.87104415893555
        ],
        [
            -15.142982482910156
        ],
        [
            32.61066436767578
        ]
    ]
}