{
    "extrinsic_matrix": [
        [
            -0.6055068373680115,
            0.7710089683532715,
            -0.1972457468509674,
            42.7461051940918
        ],
        [
            0.586385190486908,
            0.264656662940979,
            -0.7655773758888245,
            -20.241985321044922
        ],
        [
            -0.5380648374557495,
            -0.5792253017425537,
            -0.6123594641685486,
            57.64004898071289
        ],
        [
            0.0,
            0.0,
            0.0,
            1.0
        ]
    ],
    "rotation_matrix": [
        [
            -0.6055068373680115,
            0.7710089683532715,
            -0.1972457468509674
        ],
        [
            0.586385190486908,
            0.264656662940979,
            -0.7655773758888245
        ],
        [
            -0.5380648374557495,
            -0.5792253017425537,
            -0.6123594641685486
        ]
    ],
    "rotation_euler_deg": [
        [
            -2.3839941024780273
        ],
        [
            0.5681396126747131
        ],
        [
            2.3722362518310547
        ]
    ],
    "translation_vector": [
        [
            42.7461051940918
        ],
        [
            -20.241985321044922
        ],
        [
            57.64004898071289
        ]
    ]
}