{
    "extrinsic_matrix": [
        [
            0.009339004755020142,
            -0.9914705753326416,
            0.015140946954488754,
            22.847084045410156
        ],
        [
            -0.1837116926908493,
            -0.014927811920642853,
            -0.9811319708824158,
            -1.7625927925109863
        ],
        [
            0.9748743176460266,
            0.0071578919887542725,
            -0.18932010233402252,
            9.218770980834961
        ],
        [
            0.0,
            0.0,
            0.0,
            1.0
        ]
    ],
    "rotation_matrix": [
        [
            0.009339004755020142,
            -0.9914705753326416,
            0.015140946954488754
        ],
        [
            -0.1837116926908493,
            -0.014927811920642853,
            -0.9811319708824158
        ],
        [
            0.9748743176460266,
            0.0071578919887542725,
            -0.18932010233402252
        ]
    ],
    "rotation_euler_deg": [
        [
            3.10380220413208
        ],
        [
            -1.3842991590499878
        ],
        [
            -1.5200049877166748
        ]
    ],
    "translation_vector": [
        [
            22.847084045410156
        ],
        [
            -1.7625927925109863
        ],
        [
            9.218770980834961
        ]
    ]
}