{
    "extrinsic_matrix": [
        [
            0.6271150708198547,
            -0.5402371287345886,
            -0.5594207048416138,
            28.903860092163086
        ],
        [
            0.33583346009254456,
            -0.46110808849334717,
            0.8208056688308716,
            -11.281943321228027
        ],
        [
            -0.7012912034988403,
            -0.703690767288208,
            -0.10727770626544952,
            25.97309684753418
        ],
        [
            0.0,
            0.0,
            0.0,
            1.0
        ]
    ],
    "rotation_matrix": [
        [
            0.6271150708198547,
            -0.5402371287345886,
            -0.5594207048416138
        ],
        [
            0.33583346009254456,
            -0.46110808849334717,
            0.8208056688308716
        ],
        [
            -0.7012912034988403,
            -0.703690767288208,
            -0.10727770626544952
        ]
    ],
    "rotation_euler_deg": [
        [
            -1.7220815420150757
        ],
        [
            0.7782586216926575
        ],
        [
            0.4916591942310333
        ]
    ],
    "translation_vector": [
        [
            28.903860092163086
        ],
        [
            -11.281943321228027
        ],
        [
            25.97309684753418
        ]
    ]
}