{
    "extrinsic_matrix": [
        [
            -0.7148852348327637,
            0.2066454291343689,
            0.5040383338928223,
            46.142208099365234
        ],
        [
            -0.061060238629579544,
            -0.9400215148925781,
            0.3309100568294525,
            -19.837596893310547
        ],
        [
            0.5453708171844482,
            0.22303196787834167,
            0.6789857745170593,
            64.45967102050781
        ],
        [
            0.0,
            0.0,
            0.0,
            1.0
        ]
    ],
    "rotation_matrix": [
        [
            -0.7148852348327637,
            0.2066454291343689,
            0.5040383338928223
        ],
        [
            -0.061060238629579544,
            -0.9400215148925781,
            0.3309100568294525
        ],
        [
            0.5453708171844482,
            0.22303196787834167,
            0.6789857745170593
        ]
    ],
    "rotation_euler_deg": [
        [
            0.31737449765205383
        ],
        [
            -0.6499409675598145
        ],
        [
            -3.056386709213257
        ]
    ],
    "translation_vector": [
        [
            46.142208099365234
        ],
        [
            -19.837596893310547
        ],
        [
            64.45967102050781
        ]
    ]
}