{
    "extrinsic_matrix": [
        [
            0.7710477113723755,
            0.08134720474481583,
            -0.6315592527389526,
            45.71255874633789
        ],
        [
            -0.2901233434677124,
            0.9277627468109131,
            -0.23470067977905273,
            -17.1871337890625
        ],
        [
            0.5668452382087708,
            0.3641953766345978,
            0.7389504909515381,
            39.28184509277344
        ],
        [
            0.0,
            0.0,
            0.0,
            1.0
        ]
    ],
    "rotation_matrix": [
        [
            0.7710477113723755,
            0.08134720474481583,
            -0.6315592527389526
        ],
        [
            -0.2901233434677124,
            0.9277627468109131,
            -0.23470067977905273
        ],
        [
            0.5668452382087708,
            0.3641953766345978,
            0.7389504909515381
        ]
    ],
    "rotation_euler_deg": [
        [
            0.45791521668434143
        ],
        [
            -0.6026715040206909
        ],
        [
            -0.35988500714302063
        ]
    ],
    "translation_vector": [
        [
            45.71255874633789
        ],
        [
            -17.1871337890625
        ],
        [
            39.28184509277344
        ]
    ]
}