{
    "extrinsic_matrix": [
        [
            0.06730476021766663,
            -0.6493539810180664,
            -0.3698393702507019,
            30.288789749145508
        ],
        [
            0.07387242466211319,
            0.3844001293182373,
            -0.6639950275421143,
            -9.696127891540527
        ],
        [
            0.9506200551986694,
            -0.03985675424337387,
            0.25206848978996277,
            23.32613754272461
        ],
        [
            0.0,
            0.0,
            0.0,
            1.0
        ]
    ],
    "rotation_matrix": [
        [
            0.06730476021766663,
            -0.6493539810180664,
            -0.3698393702507019
        ],
        [
            0.07387242466211319,
            0.3844001293182373,
            -0.6639950275421143
        ],
        [
            0.9506200551986694,
            -0.03985675424337387,
            0.25206848978996277
        ]
    ],
    "rotation_euler_deg": [
        [
            -0.15682043135166168
        ],
        [
            -1.4660545587539673
        ],
        [
            0.8318853974342346
        ]
    ],
    "translation_vector": [
        [
            30.288789749145508
        ],
        [
            -9.696127891540527
        ],
        [
            23.32613754272461
        ]
    ]
}