{
    "extrinsic_matrix": [
        [
            -0.1916922926902771,
            0.7749522924423218,
            0.6022477746009827,
            47.311073303222656
        ],
        [
            -0.4008049964904785,
            0.49831461906433105,
            -0.7687897682189941,
            -18.811538696289062
        ],
        [
            -0.8958843946456909,
            -0.3887558579444885,
            0.21508169174194336,
            57.147369384765625
        ],
        [
            0.0,
            0.0,
            0.0,
            1.0
        ]
    ],
    "rotation_matrix": [
        [
            -0.1916922926902771,
            0.7749522924423218,
            0.6022477746009827
        ],
        [
            -0.4008049964904785,
            0.49831461906433105,
            -0.7687897682189941
        ],
        [
            -0.8958843946456909,
            -0.3887558579444885,
            0.21508169174194336
        ]
    ],
    "rotation_euler_deg": [
        [
            -1.0654563903808594
        ],
        [
            1.110418438911438
        ],
        [
            -2.0169079303741455
        ]
    ],
    "translation_vector": [
        [
            47.311073303222656
        ],
        [
            -18.811538696289062
        ],
        [
            57.147369384765625
        ]
    ]
}