{
    "extrinsic_matrix": [
        [
            -0.676025927066803,
            0.2757371664047241,
            0.6833429336547852,
            45.96943283081055
        ],
        [
            -0.09359677135944366,
            -0.9519697427749634,
            0.2915358245372772,
            -19.577518463134766
        ],
        [
            0.7309096455574036,
            0.13312722742557526,
            0.669363796710968,
            64.44304656982422
        ],
        [
            0.0,
            0.0,
            0.0,
            1.0
        ]
    ],
    "rotation_matrix": [
        [
            -0.676025927066803,
            0.2757371664047241,
            0.6833429336547852
        ],
        [
            -0.09359677135944366,
            -0.9519697427749634,
            0.2915358245372772
        ],
        [
            0.7309096455574036,
            0.13312722742557526,
            0.669363796710968
        ]
    ],
    "rotation_euler_deg": [
        [
            0.19632437825202942
        ],
        [
            -0.8196536898612976
        ],
        [
            -3.0040159225463867
        ]
    ],
    "translation_vector": [
        [
            45.96943283081055
        ],
        [
            -19.577518463134766
        ],
        [
            64.44304656982422
        ]
    ]
}