{
    "extrinsic_matrix": [
        [
            0.6677130460739136,
            -0.5201806426048279,
            -0.5205448865890503,
            28.982513427734375
        ],
        [
            0.2977663576602936,
            -0.4588591754436493,
            0.8336960673332214,
            -11.40823745727539
        ],
        [
            -0.6719241142272949,
            -0.7187591195106506,
            -0.14846917986869812,
            26.13214683532715
        ],
        [
            0.0,
            0.0,
            0.0,
            1.0
        ]
    ],
    "rotation_matrix": [
        [
            0.6677130460739136,
            -0.5201806426048279,
            -0.5205448865890503
        ],
        [
            0.2977663576602936,
            -0.4588591754436493,
            0.8336960673332214
        ],
        [
            -0.6719241142272949,
            -0.7187591195106506,
            -0.14846917986869812
        ]
    ],
    "rotation_euler_deg": [
        [
            -1.7744946479797363
        ],
        [
            0.7432465553283691
        ],
        [
            0.41948050260543823
        ]
    ],
    "translation_vector": [
        [
            28.982513427734375
        ],
        [
            -11.40823745727539
        ],
        [
            26.13214683532715
        ]
    ]
}