{
    "extrinsic_matrix": [
        [
            0.7606237530708313,
            0.250520795583725,
            -0.598907470703125,
            42.89391326904297
        ],
        [
            0.4760202467441559,
            -0.8425155878067017,
            0.2521343231201172,
            -13.751571655273438
        ],
        [
            -0.44142448902130127,
            -0.47687143087387085,
            -0.7600905299186707,
            30.932600021362305
        ],
        [
            0.0,
            0.0,
            0.0,
            1.0
        ]
    ],
    "rotation_matrix": [
        [
            0.7606237530708313,
            0.250520795583725,
            -0.598907470703125
        ],
        [
            0.4760202467441559,
            -0.8425155878067017,
            0.2521343231201172
        ],
        [
            -0.44142448902130127,
            -0.47687143087387085,
            -0.7600905299186707
        ]
    ],
    "rotation_euler_deg": [
        [
            -2.581278085708618
        ],
        [
            0.4571857452392578
        ],
        [
            0.5591951012611389
        ]
    ],
    "translation_vector": [
        [
            42.89391326904297
        ],
        [
            -13.751571655273438
        ],
        [
            30.932600021362305
        ]
    ]
}