{
    "extrinsic_matrix": [
        [
            -0.8680447340011597,
            0.09168383479118347,
            0.06601274013519287,
            45.934814453125
        ],
        [
            -0.09083607792854309,
            -0.9185879826545715,
            0.37965571880340576,
            -19.71073341369629
        ],
        [
            0.09931796789169312,
            0.34453654289245605,
            0.7988449931144714,
            65.3352279663086
        ],
        [
            0.0,
            0.0,
            0.0,
            1.0
        ]
    ],
    "rotation_matrix": [
        [
            -0.8680447340011597,
            0.09168383479118347,
            0.06601274013519287
        ],
        [
            -0.09083607792854309,
            -0.9185879826545715,
            0.37965571880340576
        ],
        [
            0.09931796789169312,
            0.34453654289245605,
            0.7988449931144714
        ]
    ],
    "rotation_euler_deg": [
        [
            0.4071890711784363
        ],
        [
            -0.11330696940422058
        ],
        [
            -3.037327766418457
        ]
    ],
    "translation_vector": [
        [
            45.934814453125
        ],
        [
            -19.71073341369629
        ],
        [
            65.3352279663086
        ]
    ]
}