{
    "extrinsic_matrix": [
        [
            0.05945480987429619,
            -0.3263312876224518,
            0.943168044090271,
            47.271053314208984
        ],
        [
            -0.12295310944318771,
            0.9352830648422241,
            0.3312118351459503,
            -19.830272674560547
        ],
        [
            -0.990529477596283,
            -0.13545538485050201,
            0.015358908101916313,
            59.30134963989258
        ],
        [
            0.0,
            0.0,
            0.0,
            1.0
        ]
    ],
    "rotation_matrix": [
        [
            0.05945480987429619,
            -0.3263312876224518,
            0.943168044090271
        ],
        [
            -0.12295310944318771,
            0.9352830648422241,
            0.3312118351459503
        ],
        [
            -0.990529477596283,
            -0.13545538485050201,
            0.015358908101916313
        ]
    ],
    "rotation_euler_deg": [
        [
            -1.4578913450241089
        ],
        [
            1.4337809085845947
        ],
        [
            -1.1203895807266235
        ]
    ],
    "translation_vector": [
        [
            47.271053314208984
        ],
        [
            -19.830272674560547
        ],
        [
            59.30134963989258
        ]
    ]
}