{
    "extrinsic_matrix": [
        [
            -0.6730733513832092,
            0.38170239329338074,
            -0.10400992631912231,
            43.32707595825195
        ],
        [
            0.36965811252593994,
            0.1673145741224289,
            -0.7988923788070679,
            -19.63692855834961
        ],
        [
            -0.1912405788898468,
            -0.6797882914543152,
            -0.4695517420768738,
            57.78895568847656
        ],
        [
            0.0,
            0.0,
            0.0,
            1.0
        ]
    ],
    "rotation_matrix": [
        [
            -0.6730733513832092,
            0.38170239329338074,
            -0.10400992631912231
        ],
        [
            0.36965811252593994,
            0.1673145741224289,
            -0.7988923788070679
        ],
        [
            -0.1912405788898468,
            -0.6797882914543152,
            -0.4695517420768738
        ]
    ],
    "rotation_euler_deg": [
        [
            -2.1752753257751465
        ],
        [
            0.24407744407653809
        ],
        [
            2.639356851577759
        ]
    ],
    "translation_vector": [
        [
            43.32707595825195
        ],
        [
            -19.63692855834961
        ],
        [
            57.78895568847656
        ]
    ]
}