{
    "extrinsic_matrix": [
        [
            0.6235848069190979,
            -0.5419811606407166,
            -0.5628012418746948,
            28.89702033996582
        ],
        [
            0.33914363384246826,
            -0.4613036513328552,
            0.8196847438812256,
            -11.27096176147461
        ],
        [
            -0.7038448452949524,
            -0.7023804783821106,
            -0.1036958247423172,
            25.959266662597656
        ],
        [
            0.0,
            0.0,
            0.0,
            1.0
        ]
    ],
    "rotation_matrix": [
        [
            0.6235848069190979,
            -0.5419811606407166,
            -0.5628012418746948
        ],
        [
            0.33914363384246826,
            -0.4613036513328552,
            0.8196847438812256
        ],
        [
            -0.7038448452949524,
            -0.7023804783821106,
            -0.1036958247423172
        ]
    ],
    "rotation_euler_deg": [
        [
            -1.7173722982406616
        ],
        [
            0.7811555862426758
        ],
        [
            0.49811798334121704
        ]
    ],
    "translation_vector": [
        [
            28.89702033996582
        ],
        [
            -11.27096176147461
        ],
        [
            25.959266662597656
        ]
    ]
}