{
    "extrinsic_matrix": [
        [
            -0.3517123758792877,
            -0.7005462646484375,
            -0.6209128499031067,
            48.17876052856445
        ],
        [
            -0.5601230263710022,
            -0.3739594519138336,
            0.7391998171806335,
            -18.939083099365234
        ],
        [
            -0.7500399351119995,
            0.6077741980552673,
            -0.2608659267425537,
            56.31467819213867
        ],
        [
            0.0,
            0.0,
            0.0,
            1.0
        ]
    ],
    "rotation_matrix": [
        [
            -0.3517123758792877,
            -0.7005462646484375,
            -0.6209128499031067
        ],
        [
            -0.5601230263710022,
            -0.3739594519138336,
            0.7391998171806335
        ],
        [
            -0.7500399351119995,
            0.6077741980552673,
            -0.2608659267425537
        ]
    ],
    "rotation_euler_deg": [
        [
            1.9762318134307861
        ],
        [
            0.8481228351593018
        ],
        [
            -2.1314926147460938
        ]
    ],
    "translation_vector": [
        [
            48.17876052856445
        ],
        [
            -18.939083099365234
        ],
        [
            56.31467819213867
        ]
    ]
}