{
    "extrinsic_matrix": [
        [
            0.4434969425201416,
            0.8815330862998962,
            -0.16189247369766235,
            43.39382553100586
        ],
        [
            0.8157443404197693,
            -0.32217878103256226,
            0.4803764224052429,
            -12.140846252441406
        ],
        [
            0.37130919098854065,
            -0.34510865807533264,
            -0.8619914054870605,
            30.761455535888672
        ],
        [
            0.0,
            0.0,
            0.0,
            1.0
        ]
    ],
    "rotation_matrix": [
        [
            0.4434969425201416,
            0.8815330862998962,
            -0.16189247369766235
        ],
        [
            0.8157443404197693,
            -0.32217878103256226,
            0.4803764224052429
        ],
        [
            0.37130919098854065,
            -0.34510865807533264,
            -0.8619914054870605
        ]
    ],
    "rotation_euler_deg": [
        [
            -2.7607741355895996
        ],
        [
            -0.3804188370704651
        ],
        [
            1.0728248357772827
        ]
    ],
    "translation_vector": [
        [
            43.39382553100586
        ],
        [
            -12.140846252441406
        ],
        [
            30.761455535888672
        ]
    ]
}