{
    "extrinsic_matrix": [
        [
            -0.7845032215118408,
            0.1543901562690735,
            0.3049358129501343,
            46.04793930053711
        ],
        [
            -0.07459470629692078,
            -0.930279016494751,
            0.35306715965270996,
            -19.779930114746094
        ],
        [
            0.34261953830718994,
            0.27826133370399475,
            0.7334672212600708,
            64.85765075683594
        ],
        [
            0.0,
            0.0,
            0.0,
            1.0
        ]
    ],
    "rotation_matrix": [
        [
            -0.7845032215118408,
            0.1543901562690735,
            0.3049358129501343
        ],
        [
            -0.07459470629692078,
            -0.930279016494751,
            0.35306715965270996
        ],
        [
            0.34261953830718994,
            0.27826133370399475,
            0.7334672212600708
        ]
    ],
    "rotation_euler_deg": [
        [
            0.36260339617729187
        ],
        [
            -0.41011956334114075
        ],
        [
            -3.046792507171631
        ]
    ],
    "translation_vector": [
        [
            46.04793930053711
        ],
        [
            -19.779930114746094
        ],
        [
            64.85765075683594
        ]
    ]
}