{
    "extrinsic_matrix": [
        [
            0.761264979839325,
            -0.47396349906921387,
            -0.4309614598751068,
            29.16375732421875
        ],
        [
            0.21004649996757507,
            -0.45367687940597534,
            0.8634001016616821,
            -11.699261665344238
        ],
        [
            -0.6042522192001343,
            -0.7534819841384888,
            -0.24338866770267487,
            26.4986572265625
        ],
        [
            0.0,
            0.0,
            0.0,
            1.0
        ]
    ],
    "rotation_matrix": [
        [
            0.761264979839325,
            -0.47396349906921387,
            -0.4309614598751068
        ],
        [
            0.21004649996757507,
            -0.45367687940597534,
            0.8634001016616821
        ],
        [
            -0.6042522192001343,
            -0.7534819841384888,
            -0.24338866770267487
        ]
    ],
    "rotation_euler_deg": [
        [
            -1.8832350969314575
        ],
        [
            0.6531304717063904
        ],
        [
            0.26921921968460083
        ]
    ],
    "translation_vector": [
        [
            29.16375732421875
        ],
        [
            -11.699261665344238
        ],
        [
            26.4986572265625
        ]
    ]
}