{
    "extrinsic_matrix": [
        [
            -0.6152570247650146,
            0.775827169418335,
            -0.13982190191745758,
            43.8453483581543
        ],
        [
            0.5145496726036072,
            0.2608441412448883,
            -0.8168221712112427,
            -20.1490535736084
        ],
        [
            -0.5972412824630737,
            -0.5745018124580383,
            -0.559687614440918,
            58.61064910888672
        ],
        [
            0.0,
            0.0,
            0.0,
            1.0
        ]
    ],
    "rotation_matrix": [
        [
            -0.6152570247650146,
            0.775827169418335,
            -0.13982190191745758
        ],
        [
            0.5145496726036072,
            0.2608441412448883,
            -0.8168221712112427
        ],
        [
            -0.5972412824630737,
            -0.5745018124580383,
            -0.559687614440918
        ]
    ],
    "rotation_euler_deg": [
        [
            -2.3431336879730225
        ],
        [
            0.6400572657585144
        ],
        [
            2.445096254348755
        ]
    ],
    "translation_vector": [
        [
            43.8453483581543
        ],
        [
            -20.1490535736084
        ],
        [
            58.61064910888672
        ]
    ]
}