{
    "extrinsic_matrix": [
        [
            -0.19730809330940247,
            -0.9692454934120178,
            -0.037751536816358566,
            22.871110916137695
        ],
        [
            -0.19874240458011627,
            0.08063267171382904,
            -0.9746125936508179,
            -2.0047290325164795
        ],
        [
            0.9499675035476685,
            -0.18385469913482666,
            -0.2170688956975937,
            12.959325790405273
        ],
        [
            0.0,
            0.0,
            0.0,
            1.0
        ]
    ],
    "rotation_matrix": [
        [
            -0.19730809330940247,
            -0.9692454934120178,
            -0.037751536816358566
        ],
        [
            -0.19874240458011627,
            0.08063267171382904,
            -0.9746125936508179
        ],
        [
            0.9499675035476685,
            -0.18385469913482666,
            -0.2170688956975937
        ]
    ],
    "rotation_euler_deg": [
        [
            -2.438849925994873
        ],
        [
            -1.2841155529022217
        ],
        [
            -2.3525729179382324
        ]
    ],
    "translation_vector": [
        [
            22.871110916137695
        ],
        [
            -2.0047290325164795
        ],
        [
            12.959325790405273
        ]
    ]
}