{
    "extrinsic_matrix": [
        [
            0.05115349590778351,
            -0.3491964638233185,
            0.9356520175933838,
            47.08551025390625
        ],
        [
            -0.1440974473953247,
            0.924494743347168,
            0.35290974378585815,
            -20.124435424804688
        ],
        [
            -0.9882403612136841,
            -0.1528777778148651,
            -0.003027975559234619,
            59.43536376953125
        ],
        [
            0.0,
            0.0,
            0.0,
            1.0
        ]
    ],
    "rotation_matrix": [
        [
            0.05115349590778351,
            -0.3491964638233185,
            0.9356520175933838
        ],
        [
            -0.1440974473953247,
            0.924494743347168,
            0.35290974378585815
        ],
        [
            -0.9882403612136841,
            -0.1528777778148651,
            -0.003027975559234619
        ]
    ],
    "rotation_euler_deg": [
        [
            -1.5906002521514893
        ],
        [
            1.4172863960266113
        ],
        [
            -1.2296808958053589
        ]
    ],
    "translation_vector": [
        [
            47.08551025390625
        ],
        [
            -20.124435424804688
        ],
        [
            59.43536376953125
        ]
    ]
}