{
    "extrinsic_matrix": [
        [
            -0.7636178135871887,
            0.1700667440891266,
            0.36466658115386963,
            46.07621765136719
        ],
        [
            -0.0705343708395958,
            -0.933201789855957,
            0.346420019865036,
            -19.797229766845703
        ],
        [
            0.40344491600990295,
            0.26169252395629883,
            0.7171227931976318,
            64.7382583618164
        ],
        [
            0.0,
            0.0,
            0.0,
            1.0
        ]
    ],
    "rotation_matrix": [
        [
            -0.7636178135871887,
            0.1700667440891266,
            0.36466658115386963
        ],
        [
            -0.0705343708395958,
            -0.933201789855957,
            0.346420019865036
        ],
        [
            0.40344491600990295,
            0.26169252395629883,
            0.7171227931976318
        ]
    ],
    "rotation_euler_deg": [
        [
            0.3499043583869934
        ],
        [
            -0.4843042492866516
        ],
        [
            -3.049485445022583
        ]
    ],
    "translation_vector": [
        [
            46.07621765136719
        ],
        [
            -19.797229766845703
        ],
        [
            64.7382583618164
        ]
    ]
}