{
    "extrinsic_matrix": [
        [
            -0.9812242984771729,
            0.09991548955440521,
            -0.164972186088562,
            23.640005111694336
        ],
        [
            -0.1816914677619934,
            -0.19188591837882996,
            0.9644519686698914,
            -3.3970322608947754
        ],
        [
            0.06470812857151031,
            0.9763180017471313,
            0.20643705129623413,
            15.875687599182129
        ],
        [
            0.0,
            0.0,
            0.0,
            1.0
        ]
    ],
    "rotation_matrix": [
        [
            -0.9812242984771729,
            0.09991548955440521,
            -0.164972186088562
        ],
        [
            -0.1816914677619934,
            -0.19188591837882996,
            0.9644519686698914
        ],
        [
            0.06470812857151031,
            0.9763180017471313,
            0.20643705129623413
        ]
    ],
    "rotation_euler_deg": [
        [
            1.3624210357666016
        ],
        [
            -0.06475336849689484
        ],
        [
            -2.958498239517212
        ]
    ],
    "translation_vector": [
        [
            23.640005111694336
        ],
        [
            -3.3970322608947754
        ],
        [
            15.875687599182129
        ]
    ]
}