{
    "extrinsic_matrix": [
        [
            -0.31882044672966003,
            0.7490460872650146,
            0.5807607769966125,
            42.63652038574219
        ],
        [
            0.49748650193214417,
            0.6537954807281494,
            -0.5701388716697693,
            -11.353524208068848
        ],
        [
            -0.8067592978477478,
            0.10714833438396454,
            -0.5810836553573608,
            26.822649002075195
        ],
        [
            0.0,
            0.0,
            0.0,
            1.0
        ]
    ],
    "rotation_matrix": [
        [
            -0.31882044672966003,
            0.7490460872650146,
            0.5807607769966125
        ],
        [
            0.49748650193214417,
            0.6537954807281494,
            -0.5701388716697693
        ],
        [
            -0.8067592978477478,
            0.10714833438396454,
            -0.5810836553573608
        ]
    ],
    "rotation_euler_deg": [
        [
            2.959246873855591
        ],
        [
            0.9386469721794128
        ],
        [
            2.140721082687378
        ]
    ],
    "translation_vector": [
        [
            42.63652038574219
        ],
        [
            -11.353524208068848
        ],
        [
            26.822649002075195
        ]
    ]
}