{
    "extrinsic_matrix": [
        [
            -0.41913318634033203,
            -0.6589011549949646,
            0.6246411800384521,
            3.57574462890625
        ],
        [
            -0.5949989557266235,
            -0.32032349705696106,
            -0.7371358275413513,
            -0.5876462459564209
        ],
        [
            0.6857869029045105,
            -0.680618941783905,
            -0.2577873170375824,
            0.633049726486206
        ],
        [
            0.0,
            0.0,
            0.0,
            1.0
        ]
    ],
    "rotation_matrix": [
        [
            -0.41913318634033203,
            -0.6589011549949646,
            0.6246411800384521
        ],
        [
            -0.5949989557266235,
            -0.32032349705696106,
            -0.7371358275413513
        ],
        [
            0.6857869029045105,
            -0.680618941783905,
            -0.2577873170375824
        ]
    ],
    "rotation_euler_deg": [
        [
            -1.9328542947769165
        ],
        [
            -0.7556843161582947
        ],
        [
            -2.1844871044158936
        ]
    ],
    "translation_vector": [
        [
            3.57574462890625
        ],
        [
            -0.5876462459564209
        ],
        [
            0.633049726486206
        ]
    ]
}