{
    "extrinsic_matrix": [
        [
            0.06304437667131424,
            -0.3194160461425781,
            0.9453228116035461,
            47.418235778808594
        ],
        [
            -0.11859726160764694,
            0.9381257891654968,
            0.3247670531272888,
            -19.69849967956543
        ],
        [
            -0.9908493161201477,
            -0.13240693509578705,
            0.021150240674614906,
            59.27015686035156
        ],
        [
            0.0,
            0.0,
            0.0,
            1.0
        ]
    ],
    "rotation_matrix": [
        [
            0.06304437667131424,
            -0.3194160461425781,
            0.9453228116035461
        ],
        [
            -0.11859726160764694,
            0.9381257891654968,
            0.3247670531272888
        ],
        [
            -0.9908493161201477,
            -0.13240693509578705,
            0.021150240674614906
        ]
    ],
    "rotation_euler_deg": [
        [
            -1.412397861480713
        ],
        [
            1.4360644817352295
        ],
        [
            -1.0822020769119263
        ]
    ],
    "translation_vector": [
        [
            47.418235778808594
        ],
        [
            -19.69849967956543
        ],
        [
            59.27015686035156
        ]
    ]
}