{
    "extrinsic_matrix": [
        [
            -0.6522840857505798,
            0.2689611613750458,
            0.7086500525474548,
            46.13833236694336
        ],
        [
            -0.06668834388256073,
            -0.9516652226448059,
            0.29981017112731934,
            -19.375728607177734
        ],
        [
            0.7550353407859802,
            0.14830289781093597,
            0.6386920213699341,
            65.51097869873047
        ],
        [
            0.0,
            0.0,
            0.0,
            1.0
        ]
    ],
    "rotation_matrix": [
        [
            -0.6522840857505798,
            0.2689611613750458,
            0.7086500525474548
        ],
        [
            -0.06668834388256073,
            -0.9516652226448059,
            0.29981017112731934
        ],
        [
            0.7550353407859802,
            0.14830289781093597,
            0.6386920213699341
        ]
    ],
    "rotation_euler_deg": [
        [
            0.22815477848052979
        ],
        [
            -0.8557078838348389
        ],
        [
            -3.039708375930786
        ]
    ],
    "translation_vector": [
        [
            46.13833236694336
        ],
        [
            -19.375728607177734
        ],
        [
            65.51097869873047
        ]
    ]
}