{
    "extrinsic_matrix": [
        [
            -0.12577639520168304,
            -0.976938784122467,
            -0.019442599266767502,
            22.862794876098633
        ],
        [
            -0.19353947043418884,
            0.04755404591560364,
            -0.9768693447113037,
            -1.920912742614746
        ],
        [
            0.9585891366004944,
            -0.11773495376110077,
            -0.20746353268623352,
            11.664518356323242
        ],
        [
            0.0,
            0.0,
            0.0,
            1.0
        ]
    ],
    "rotation_matrix": [
        [
            -0.12577639520168304,
            -0.976938784122467,
            -0.019442599266767502
        ],
        [
            -0.19353947043418884,
            0.04755404591560364,
            -0.9768693447113037
        ],
        [
            0.9585891366004944,
            -0.11773495376110077,
            -0.20746353268623352
        ]
    ],
    "rotation_euler_deg": [
        [
            -2.625415325164795
        ],
        [
            -1.3345046043395996
        ],
        [
            -2.1470835208892822
        ]
    ],
    "translation_vector": [
        [
            22.862794876098633
        ],
        [
            -1.920912742614746
        ],
        [
            11.664518356323242
        ]
    ]
}