{
    "extrinsic_matrix": [
        [
            0.9694022536277771,
            -0.045089151710271835,
            0.2413010150194168,
            6.752380847930908
        ],
        [
            -0.032865893095731735,
            -0.9979757070541382,
            -0.05444526672363281,
            -0.27713721990585327
        ],
        [
            0.24326741695404053,
            0.04484878480434418,
            -0.968921959400177,
            1.835723638534546
        ],
        [
            0.0,
            0.0,
            0.0,
            1.0
        ]
    ],
    "rotation_matrix": [
        [
            0.9694022536277771,
            -0.045089151710271835,
            0.2413010150194168
        ],
        [
            -0.032865893095731735,
            -0.9979757070541382,
            -0.05444526672363281
        ],
        [
            0.24326741695404053,
            0.04484878480434418,
            -0.968921959400177
        ]
    ],
    "rotation_euler_deg": [
        [
            3.0953383445739746
        ],
        [
            -0.24573305249214172
        ],
        [
            -0.03389027714729309
        ]
    ],
    "translation_vector": [
        [
            6.752380847930908
        ],
        [
            -0.27713721990585327
        ],
        [
            1.835723638534546
        ]
    ]
}