{
    "extrinsic_matrix": [
        [
            0.7930372953414917,
            -0.45826712250709534,
            -0.4005368947982788,
            29.225311279296875
        ],
        [
            0.18025484681129456,
            -0.4519168734550476,
            0.8734882473945618,
            -11.798100471496582
        ],
        [
            -0.5812693238258362,
            -0.7652745842933655,
            -0.27562546730041504,
            26.623130798339844
        ],
        [
            0.0,
            0.0,
            0.0,
            1.0
        ]
    ],
    "rotation_matrix": [
        [
            0.7930372953414917,
            -0.45826712250709534,
            -0.4005368947982788
        ],
        [
            0.18025484681129456,
            -0.4519168734550476,
            0.8734882473945618
        ],
        [
            -0.5812693238258362,
            -0.7652745842933655,
            -0.27562546730041504
        ]
    ],
    "rotation_euler_deg": [
        [
            -1.9164984226226807
        ],
        [
            0.6205472350120544
        ],
        [
            0.22349950671195984
        ]
    ],
    "translation_vector": [
        [
            29.225311279296875
        ],
        [
            -11.798100471496582
        ],
        [
            26.623130798339844
        ]
    ]
}