{
    "extrinsic_matrix": [
        [
            -0.683418869972229,
            -0.2831442058086395,
            0.672879695892334,
            44.5335693359375
        ],
        [
            -0.4090014398097992,
            -0.6149724721908569,
            -0.6741855144500732,
            -17.13726043701172
        ],
        [
            0.604694664478302,
            -0.7359600067138672,
            0.30447763204574585,
            40.4338264465332
        ],
        [
            0.0,
            0.0,
            0.0,
            1.0
        ]
    ],
    "rotation_matrix": [
        [
            -0.683418869972229,
            -0.2831442058086395,
            0.672879695892334
        ],
        [
            -0.4090014398097992,
            -0.6149724721908569,
            -0.6741855144500732
        ],
        [
            0.604694664478302,
            -0.7359600067138672,
            0.30447763204574585
        ]
    ],
    "rotation_euler_deg": [
        [
            -1.1785229444503784
        ],
        [
            -0.6493827700614929
        ],
        [
            -2.6023035049438477
        ]
    ],
    "translation_vector": [
        [
            44.5335693359375
        ],
        [
            -17.13726043701172
        ],
        [
            40.4338264465332
        ]
    ]
}