{
    "extrinsic_matrix": [
        [
            0.63241046667099,
            -0.537621021270752,
            -0.554349958896637,
            28.91411781311035
        ],
        [
            0.3308681845664978,
            -0.4608147442340851,
            0.8224869966506958,
            -11.298417091369629
        ],
        [
            -0.6974607110023499,
            -0.7056561708450317,
            -0.11265049874782562,
            25.99384307861328
        ],
        [
            0.0,
            0.0,
            0.0,
            1.0
        ]
    ],
    "rotation_matrix": [
        [
            0.63241046667099,
            -0.537621021270752,
            -0.554349958896637
        ],
        [
            0.3308681845664978,
            -0.4608147442340851,
            0.8224869966506958
        ],
        [
            -0.6974607110023499,
            -0.7056561708450317,
            -0.11265049874782562
        ]
    ],
    "rotation_euler_deg": [
        [
            -1.729099988937378
        ],
        [
            0.7738668322563171
        ],
        [
            0.4820237457752228
        ]
    ],
    "translation_vector": [
        [
            28.91411781311035
        ],
        [
            -11.298417091369629
        ],
        [
            25.99384307861328
        ]
    ]
}