{
    "extrinsic_matrix": [
        [
            -0.820326566696167,
            -0.3284149765968323,
            0.17122933268547058,
            46.21565246582031
        ],
        [
            -0.13434052467346191,
            -0.004398554563522339,
            -0.9413101077079773,
            -18.924152374267578
        ],
        [
            0.3567250967025757,
            -0.8455806374549866,
            -0.1454775631427765,
            57.99211883544922
        ],
        [
            0.0,
            0.0,
            0.0,
            1.0
        ]
    ],
    "rotation_matrix": [
        [
            -0.820326566696167,
            -0.3284149765968323,
            0.17122933268547058
        ],
        [
            -0.13434052467346191,
            -0.004398554563522339,
            -0.9413101077079773
        ],
        [
            0.3567250967025757,
            -0.8455806374549866,
            -0.1454775631427765
        ]
    ],
    "rotation_euler_deg": [
        [
            -1.7411729097366333
        ],
        [
            -0.40537282824516296
        ],
        [
            -2.979268789291382
        ]
    ],
    "translation_vector": [
        [
            46.21565246582031
        ],
        [
            -18.924152374267578
        ],
        [
            57.99211883544922
        ]
    ]
}