{
    "extrinsic_matrix": [
        [
            0.7524393200874329,
            -0.4783236086368561,
            -0.4394127130508423,
            29.146657943725586
        ],
        [
            0.21832194924354553,
            -0.4541657865047455,
            0.8605978488922119,
            -11.671807289123535
        ],
        [
            -0.6106363534927368,
            -0.7502062320709229,
            -0.23443399369716644,
            26.464080810546875
        ],
        [
            0.0,
            0.0,
            0.0,
            1.0
        ]
    ],
    "rotation_matrix": [
        [
            0.7524393200874329,
            -0.4783236086368561,
            -0.4394127130508423
        ],
        [
            0.21832194924354553,
            -0.4541657865047455,
            0.8605978488922119
        ],
        [
            -0.6106363534927368,
            -0.7502062320709229,
            -0.23443399369716644
        ]
    ],
    "rotation_euler_deg": [
        [
            -1.8736746311187744
        ],
        [
            0.6620513796806335
        ],
        [
            0.2823978364467621
        ]
    ],
    "translation_vector": [
        [
            29.146657943725586
        ],
        [
            -11.671807289123535
        ],
        [
            26.464080810546875
        ]
    ]
}