{
    "extrinsic_matrix": [
        [
            -0.7334849238395691,
            0.09037220478057861,
            0.008908748626708984,
            44.51213455200195
        ],
        [
            0.16288942098617554,
            0.09686817228794098,
            -0.8573201894760132,
            -19.344507217407227
        ],
        [
            0.03356587886810303,
            -0.747805655002594,
            -0.3365982174873352,
            57.8723030090332
        ],
        [
            0.0,
            0.0,
            0.0,
            1.0
        ]
    ],
    "rotation_matrix": [
        [
            -0.7334849238395691,
            0.09037220478057861,
            0.008908748626708984
        ],
        [
            0.16288942098617554,
            0.09686817228794098,
            -0.8573201894760132
        ],
        [
            0.03356587886810303,
            -0.747805655002594,
            -0.3365982174873352
        ]
    ],
    "rotation_euler_deg": [
        [
            -1.9937455654144287
        ],
        [
            -0.04464416205883026
        ],
        [
            2.923063039779663
        ]
    ],
    "translation_vector": [
        [
            44.51213455200195
        ],
        [
            -19.344507217407227
        ],
        [
            57.8723030090332
        ]
    ]
}