{
    "extrinsic_matrix": [
        [
            -0.0672292709350586,
            -0.21667176485061646,
            -0.9739266037940979,
            46.63029479980469
        ],
        [
            0.12027406692504883,
            0.9672573804855347,
            -0.22348962724208832,
            -19.279354095458984
        ],
        [
            0.9904615879058838,
            -0.13216331601142883,
            -0.038967352360486984,
            61.4642333984375
        ],
        [
            0.0,
            0.0,
            0.0,
            1.0
        ]
    ],
    "rotation_matrix": [
        [
            -0.0672292709350586,
            -0.21667176485061646,
            -0.9739266037940979
        ],
        [
            0.12027406692504883,
            0.9672573804855347,
            -0.22348962724208832
        ],
        [
            0.9904615879058838,
            -0.13216331601142883,
            -0.038967352360486984
        ]
    ],
    "rotation_euler_deg": [
        [
            -1.85751473903656
        ],
        [
            -1.4325681924819946
        ],
        [
            2.080498218536377
        ]
    ],
    "translation_vector": [
        [
            46.63029479980469
        ],
        [
            -19.279354095458984
        ],
        [
            61.4642333984375
        ]
    ]
}