{
    "extrinsic_matrix": [
        [
            0.44375917315483093,
            0.5017879605293274,
            0.7424865961074829,
            29.783164978027344
        ],
        [
            -0.7395827770233154,
            0.6729442477226257,
            -0.012766079977154732,
            -10.662337303161621
        ],
        [
            -0.5060579776763916,
            -0.5434656143188477,
            0.66973876953125,
            24.3797550201416
        ],
        [
            0.0,
            0.0,
            0.0,
            1.0
        ]
    ],
    "rotation_matrix": [
        [
            0.44375917315483093,
            0.5017879605293274,
            0.7424865961074829
        ],
        [
            -0.7395827770233154,
            0.6729442477226257,
            -0.012766079977154732
        ],
        [
            -0.5060579776763916,
            -0.5434656143188477,
            0.66973876953125
        ]
    ],
    "rotation_euler_deg": [
        [
            -0.6816892623901367
        ],
        [
            0.5306082963943481
        ],
        [
            -1.030367374420166
        ]
    ],
    "translation_vector": [
        [
            29.783164978027344
        ],
        [
            -10.662337303161621
        ],
        [
            24.3797550201416
        ]
    ]
}