{
    "extrinsic_matrix": [
        [
            0.7266803979873657,
            0.13435080647468567,
            -0.6737095713615417,
            46.6444206237793
        ],
        [
            -0.30623677372932434,
            0.941211462020874,
            -0.1426178216934204,
            -17.8458309173584
        ],
        [
            0.6149428486824036,
            0.30995213985443115,
            0.7251032590866089,
            40.992958068847656
        ],
        [
            0.0,
            0.0,
            0.0,
            1.0
        ]
    ],
    "rotation_matrix": [
        [
            0.7266803979873657,
            0.13435080647468567,
            -0.6737095713615417
        ],
        [
            -0.30623677372932434,
            0.941211462020874,
            -0.1426178216934204
        ],
        [
            0.6149428486824036,
            0.30995213985443115,
            0.7251032590866089
        ]
    ],
    "rotation_euler_deg": [
        [
            0.40395185351371765
        ],
        [
            -0.6623134613037109
        ],
        [
            -0.39883342385292053
        ]
    ],
    "translation_vector": [
        [
            46.6444206237793
        ],
        [
            -17.8458309173584
        ],
        [
            40.992958068847656
        ]
    ]
}