{
    "extrinsic_matrix": [
        [
            0.6253499388694763,
            -0.5411091446876526,
            -0.5611109733581543,
            28.900440216064453
        ],
        [
            0.3374885320663452,
            -0.4612058699131012,
            0.8202452063560486,
            -11.276453018188477
        ],
        [
            -0.7025680541992188,
            -0.7030355930328369,
            -0.10548676550388336,
            25.9661808013916
        ],
        [
            0.0,
            0.0,
            0.0,
            1.0
        ]
    ],
    "rotation_matrix": [
        [
            0.6253499388694763,
            -0.5411091446876526,
            -0.5611109733581543
        ],
        [
            0.3374885320663452,
            -0.4612058699131012,
            0.8202452063560486
        ],
        [
            -0.7025680541992188,
            -0.7030355930328369,
            -0.10548676550388336
        ]
    ],
    "rotation_euler_deg": [
        [
            -1.719730019569397
        ],
        [
            0.7797102928161621
        ],
        [
            0.49488508701324463
        ]
    ],
    "translation_vector": [
        [
            28.900440216064453
        ],
        [
            -11.276453018188477
        ],
        [
            25.9661808013916
        ]
    ]
}