{
    "extrinsic_matrix": [
        [
            0.7736208438873291,
            -0.4678593575954437,
            -0.4191296696662903,
            29.187694549560547
        ],
        [
            0.19846086204051971,
            -0.45299243927001953,
            0.8673232793807983,
            -11.737699508666992
        ],
        [
            -0.5953144431114197,
            -0.7580679655075073,
            -0.2559252083301544,
            26.54706382751465
        ],
        [
            0.0,
            0.0,
            0.0,
            1.0
        ]
    ],
    "rotation_matrix": [
        [
            0.7736208438873291,
            -0.4678593575954437,
            -0.4191296696662903
        ],
        [
            0.19846086204051971,
            -0.45299243927001953,
            0.8673232793807983
        ],
        [
            -0.5953144431114197,
            -0.7580679655075073,
            -0.2559252083301544
        ]
    ],
    "rotation_euler_deg": [
        [
            -1.8963836431503296
        ],
        [
            0.6405383944511414
        ],
        [
            0.25111979246139526
        ]
    ],
    "translation_vector": [
        [
            29.187694549560547
        ],
        [
            -11.737699508666992
        ],
        [
            26.54706382751465
        ]
    ]
}