{
    "extrinsic_matrix": [
        [
            -0.6428675651550293,
            0.5273674726486206,
            -0.16046926379203796,
            42.73455047607422
        ],
        [
            0.47304242849349976,
            0.20253777503967285,
            -0.7696784734725952,
            -19.783138275146484
        ],
        [
            -0.3036438226699829,
            -0.6457796096801758,
            -0.5360285043716431,
            57.74728012084961
        ],
        [
            0.0,
            0.0,
            0.0,
            1.0
        ]
    ],
    "rotation_matrix": [
        [
            -0.6428675651550293,
            0.5273674726486206,
            -0.16046926379203796
        ],
        [
            0.47304242849349976,
            0.20253777503967285,
            -0.7696784734725952
        ],
        [
            -0.3036438226699829,
            -0.6457796096801758,
            -0.5360285043716431
        ]
    ],
    "rotation_euler_deg": [
        [
            -2.2635929584503174
        ],
        [
            0.36352550983428955
        ],
        [
            2.507220983505249
        ]
    ],
    "translation_vector": [
        [
            42.73455047607422
        ],
        [
            -19.783138275146484
        ],
        [
            57.74728012084961
        ]
    ]
}