{
    "extrinsic_matrix": [
        [
            -0.350168377161026,
            0.7658510804176331,
            0.47217175364494324,
            46.84088897705078
        ],
        [
            -0.25760161876678467,
            0.41440528631210327,
            -0.8319868445396423,
            -19.636859893798828
        ],
        [
            -0.862205445766449,
            -0.47210893034935,
            0.06470558047294617,
            57.65572738647461
        ],
        [
            0.0,
            0.0,
            0.0,
            1.0
        ]
    ],
    "rotation_matrix": [
        [
            -0.350168377161026,
            0.7658510804176331,
            0.47217175364494324
        ],
        [
            -0.25760161876678467,
            0.41440528631210327,
            -0.8319868445396423
        ],
        [
            -0.862205445766449,
            -0.47210893034935,
            0.06470558047294617
        ]
    ],
    "rotation_euler_deg": [
        [
            -1.4345885515213013
        ],
        [
            1.1038033962249756
        ],
        [
            -2.507338523864746
        ]
    ],
    "translation_vector": [
        [
            46.84088897705078
        ],
        [
            -19.636859893798828
        ],
        [
            57.65572738647461
        ]
    ]
}