{
    "extrinsic_matrix": [
        [
            -0.6555362939834595,
            0.270209401845932,
            0.7051656246185303,
            46.073814392089844
        ],
        [
            -0.07114304602146149,
            -0.9517372250556946,
            0.2985549867153168,
            -19.253686904907227
        ],
        [
            0.7518052458763123,
            0.14554619789123535,
            0.6431211829185486,
            66.50140380859375
        ],
        [
            0.0,
            0.0,
            0.0,
            1.0
        ]
    ],
    "rotation_matrix": [
        [
            -0.6555362939834595,
            0.270209401845932,
            0.7051656246185303
        ],
        [
            -0.07114304602146149,
            -0.9517372250556946,
            0.2985549867153168
        ],
        [
            0.7518052458763123,
            0.14554619789123535,
            0.6431211829185486
        ]
    ],
    "rotation_euler_deg": [
        [
            0.22256310284137726
        ],
        [
            -0.8507954478263855
        ],
        [
            -3.033489227294922
        ]
    ],
    "translation_vector": [
        [
            46.073814392089844
        ],
        [
            -19.253686904907227
        ],
        [
            66.50140380859375
        ]
    ]
}