{
    "extrinsic_matrix": [
        [
            -0.654194712638855,
            0.47274309396743774,
            -0.1392970085144043,
            42.956748962402344
        ],
        [
            0.43427330255508423,
            0.1893290877342224,
            -0.7806336879730225,
            -19.728309631347656
        ],
        [
            -0.26149260997772217,
            -0.6585328578948975,
            -0.5110996961593628,
            57.762908935546875
        ],
        [
            0.0,
            0.0,
            0.0,
            1.0
        ]
    ],
    "rotation_matrix": [
        [
            -0.654194712638855,
            0.47274309396743774,
            -0.1392970085144043
        ],
        [
            0.43427330255508423,
            0.1893290877342224,
            -0.7806336879730225
        ],
        [
            -0.26149260997772217,
            -0.6585328578948975,
            -0.5110996961593628
        ]
    ],
    "rotation_euler_deg": [
        [
            -2.230804920196533
        ],
        [
            0.3214685320854187
        ],
        [
            2.5555572509765625
        ]
    ],
    "translation_vector": [
        [
            42.956748962402344
        ],
        [
            -19.728309631347656
        ],
        [
            57.762908935546875
        ]
    ]
}