{
    "extrinsic_matrix": [
        [
            0.06902698427438736,
            -0.3078906834125519,
            0.9489141702651978,
            47.663543701171875
        ],
        [
            -0.11133752018213272,
            0.9428635835647583,
            0.31402578949928284,
            -19.478879928588867
        ],
        [
            -0.991382360458374,
            -0.12732617557048798,
            0.03080245666205883,
            59.218170166015625
        ],
        [
            0.0,
            0.0,
            0.0,
            1.0
        ]
    ],
    "rotation_matrix": [
        [
            0.06902698427438736,
            -0.3078906834125519,
            0.9489141702651978
        ],
        [
            -0.11133752018213272,
            0.9428635835647583,
            0.31402578949928284
        ],
        [
            -0.991382360458374,
            -0.12732617557048798,
            0.03080245666205883
        ]
    ],
    "rotation_euler_deg": [
        [
            -1.3334388732910156
        ],
        [
            1.4394196271896362
        ],
        [
            -1.0158153772354126
        ]
    ],
    "translation_vector": [
        [
            47.663543701171875
        ],
        [
            -19.478879928588867
        ],
        [
            59.218170166015625
        ]
    ]
}