{
    "extrinsic_matrix": [
        [
            -0.6939998865127563,
            0.222322016954422,
            0.5637691020965576,
            46.17049026489258
        ],
        [
            -0.056999895721673965,
            -0.9429442882537842,
            0.32426291704177856,
            -19.854896545410156
        ],
        [
            0.6061962246894836,
            0.20646315813064575,
            0.6626413464546204,
            64.34027099609375
        ],
        [
            0.0,
            0.0,
            0.0,
            1.0
        ]
    ],
    "rotation_matrix": [
        [
            -0.6939998865127563,
            0.222322016954422,
            0.5637691020965576
        ],
        [
            -0.056999895721673965,
            -0.9429442882537842,
            0.32426291704177856
        ],
        [
            0.6061962246894836,
            0.20646315813064575,
            0.6626413464546204
        ]
    ],
    "rotation_euler_deg": [
        [
            0.3020428717136383
        ],
        [
            -0.7163043022155762
        ],
        [
            -3.0596442222595215
        ]
    ],
    "translation_vector": [
        [
            46.17049026489258
        ],
        [
            -19.854896545410156
        ],
        [
            64.34027099609375
        ]
    ]
}