{
    "extrinsic_matrix": [
        [
            -0.6202132105827332,
            0.6366163492202759,
            -0.2028137743473053,
            42.29015350341797
        ],
        [
            0.5505806803703308,
            0.22895517945289612,
            -0.7477680444717407,
            -19.892797470092773
        ],
        [
            -0.387946218252182,
            -0.6202731132507324,
            -0.5858860611915588,
            57.71602249145508
        ],
        [
            0.0,
            0.0,
            0.0,
            1.0
        ]
    ],
    "rotation_matrix": [
        [
            -0.6202132105827332,
            0.6366163492202759,
            -0.2028137743473053
        ],
        [
            0.5505806803703308,
            0.22895517945289612,
            -0.7477680444717407
        ],
        [
            -0.387946218252182,
            -0.6202731132507324,
            -0.5858860611915588
        ]
    ],
    "rotation_euler_deg": [
        [
            -2.327692747116089
        ],
        [
            0.4375389516353607
        ],
        [
            2.4155991077423096
        ]
    ],
    "translation_vector": [
        [
            42.29015350341797
        ],
        [
            -19.892797470092773
        ],
        [
            57.71602249145508
        ]
    ]
}