{
    "extrinsic_matrix": [
        [
            0.9459844827651978,
            -0.04447799175977707,
            -0.32114657759666443,
            23.450002670288086
        ],
        [
            0.31563740968704224,
            -0.09995738416910172,
            0.9436001181602478,
            -2.4132192134857178
        ],
        [
            -0.07407068461179733,
            -0.9939972758293152,
            -0.0805191621184349,
            9.021564483642578
        ],
        [
            0.0,
            0.0,
            0.0,
            1.0
        ]
    ],
    "rotation_matrix": [
        [
            0.9459844827651978,
            -0.04447799175977707,
            -0.32114657759666443
        ],
        [
            0.31563740968704224,
            -0.09995738416910172,
            0.9436001181602478
        ],
        [
            -0.07407068461179733,
            -0.9939972758293152,
            -0.0805191621184349
        ]
    ],
    "rotation_euler_deg": [
        [
            -1.6516252756118774
        ],
        [
            0.0741385817527771
        ],
        [
            0.3220447301864624
        ]
    ],
    "translation_vector": [
        [
            23.450002670288086
        ],
        [
            -2.4132192134857178
        ],
        [
            9.021564483642578
        ]
    ]
}