{
    "extrinsic_matrix": [
        [
            1.0,
            -1.3935471429148832e-13,
            -8.157851130730087e-12,
            1.0
        ],
        [
            1.3935471429148832e-13,
            1.0,
            -2.370312605047553e-14,
            2.1847933184826474e-10
        ],
        [
            8.157851130730087e-12,
            2.3758909946315805e-14,
            1.0,
            6.307620536993852e-10
        ],
        [
            0.0,
            0.0,
            0.0,
            1.0
        ]
    ],
    "rotation_matrix": [
        [
            1.0,
            -1.3935471429148832e-13,
            -8.157851130730087e-12
        ],
        [
            1.3935471429148832e-13,
            1.0,
            -2.370312605047553e-14
        ],
        [
            8.157851130730087e-12,
            2.3758909946315805e-14,
            1.0
        ]
    ],
    "rotation_euler_deg": [
        [
            2.3758909946315805e-14
        ],
        [
            -8.157851130730087e-12
        ],
        [
            1.3935471429148832e-13
        ]
    ],
    "translation_vector": [
        [
            1.0
        ],
        [
            2.1847933184826474e-10
        ],
        [
            6.307620536993852e-10
        ]
    ]
}