{
    "extrinsic_matrix": [
        [
            -0.2960096001625061,
            0.7454103827476501,
            0.597278356552124,
            40.56119155883789
        ],
        [
            0.412934809923172,
            0.6637137532234192,
            -0.6236734390258789,
            -11.519253730773926
        ],
        [
            -0.8613147139549255,
            0.06202327087521553,
            -0.5042714476585388,
            26.362585067749023
        ],
        [
            0.0,
            0.0,
            0.0,
            1.0
        ]
    ],
    "rotation_matrix": [
        [
            -0.2960096001625061,
            0.7454103827476501,
            0.597278356552124
        ],
        [
            0.412934809923172,
            0.6637137532234192,
            -0.6236734390258789
        ],
        [
            -0.8613147139549255,
            0.06202327087521553,
            -0.5042714476585388
        ]
    ],
    "rotation_euler_deg": [
        [
            3.019211530685425
        ],
        [
            1.0378518104553223
        ],
        [
            2.192737340927124
        ]
    ],
    "translation_vector": [
        [
            40.56119155883789
        ],
        [
            -11.519253730773926
        ],
        [
            26.362585067749023
        ]
    ]
}