{
    "extrinsic_matrix": [
        [
            -0.1991390883922577,
            -0.9758895635604858,
            0.08934628963470459,
            30.29456329345703
        ],
        [
            0.14747950434684753,
            -0.11997833847999573,
            -0.9817609190940857,
            -9.432724952697754
        ],
        [
            0.9688100814819336,
            -0.18232998251914978,
            0.16781634092330933,
            23.253448486328125
        ],
        [
            0.0,
            0.0,
            0.0,
            1.0
        ]
    ],
    "rotation_matrix": [
        [
            -0.1991390883922577,
            -0.9758895635604858,
            0.08934628963470459
        ],
        [
            0.14747950434684753,
            -0.11997833847999573,
            -0.9817609190940857
        ],
        [
            0.9688100814819336,
            -0.18232998251914978,
            0.16781634092330933
        ]
    ],
    "rotation_euler_deg": [
        [
            -0.8268246650695801
        ],
        [
            -1.320383906364441
        ],
        [
            2.5041441917419434
        ]
    ],
    "translation_vector": [
        [
            30.29456329345703
        ],
        [
            -9.432724952697754
        ],
        [
            23.253448486328125
        ]
    ]
}