{
    "extrinsic_matrix": [
        [
            -0.9376626014709473,
            0.03942856192588806,
            -0.13308978080749512,
            45.84054183959961
        ],
        [
            -0.10437054932117462,
            -0.9088454842567444,
            0.4018128216266632,
            -19.65306854248047
        ],
        [
            -0.10343337059020996,
            0.39976590871810913,
            0.8533264398574829,
            65.73321533203125
        ],
        [
            0.0,
            0.0,
            0.0,
            1.0
        ]
    ],
    "rotation_matrix": [
        [
            -0.9376626014709473,
            0.03942856192588806,
            -0.13308978080749512
        ],
        [
            -0.10437054932117462,
            -0.9088454842567444,
            0.4018128216266632
        ],
        [
            -0.10343337059020996,
            0.39976590871810913,
            0.8533264398574829
        ]
    ],
    "rotation_euler_deg": [
        [
            0.438114732503891
        ],
        [
            0.10919663310050964
        ],
        [
            -3.0307397842407227
        ]
    ],
    "translation_vector": [
        [
            45.84054183959961
        ],
        [
            -19.65306854248047
        ],
        [
            65.73321533203125
        ]
    ]
}