{
    "extrinsic_matrix": [
        [
            -0.737260639667511,
            0.07216405868530273,
            0.015966147184371948,
            44.58620071411133
        ],
        [
            0.14996638894081116,
            0.09246526658535004,
            -0.8609719276428223,
            -19.326231002807617
        ],
        [
            0.04761624336242676,
            -0.7520567178726196,
            -0.32828864455223083,
            57.87751388549805
        ],
        [
            0.0,
            0.0,
            0.0,
            1.0
        ]
    ],
    "rotation_matrix": [
        [
            -0.737260639667511,
            0.07216405868530273,
            0.015966147184371948
        ],
        [
            0.14996638894081116,
            0.09246526658535004,
            -0.8609719276428223
        ],
        [
            0.04761624336242676,
            -0.7520567178726196,
            -0.32828864455223083
        ]
    ],
    "rotation_euler_deg": [
        [
            -1.9823848009109497
        ],
        [
            -0.06320501118898392
        ],
        [
            2.940920114517212
        ]
    ],
    "translation_vector": [
        [
            44.58620071411133
        ],
        [
            -19.326231002807617
        ],
        [
            57.87751388549805
        ]
    ]
}