{
    "extrinsic_matrix": [
        [
            0.9649198651313782,
            -0.18990325927734375,
            -0.1812884658575058,
            48.0069465637207
        ],
        [
            0.13511516153812408,
            0.9512407779693604,
            -0.2772812843322754,
            -19.699140548706055
        ],
        [
            0.22510527074337006,
            0.24305906891822815,
            0.9435307383537292,
            52.32560348510742
        ],
        [
            0.0,
            0.0,
            0.0,
            1.0
        ]
    ],
    "rotation_matrix": [
        [
            0.9649198651313782,
            -0.18990325927734375,
            -0.1812884658575058
        ],
        [
            0.13511516153812408,
            0.9512407779693604,
            -0.2772812843322754
        ],
        [
            0.22510527074337006,
            0.24305906891822815,
            0.9435307383537292
        ]
    ],
    "rotation_euler_deg": [
        [
            0.25212422013282776
        ],
        [
            -0.22705121338367462
        ],
        [
            0.13912275433540344
        ]
    ],
    "translation_vector": [
        [
            48.0069465637207
        ],
        [
            -19.699140548706055
        ],
        [
            52.32560348510742
        ]
    ]
}