{
    "extrinsic_matrix": [
        [
            0.21921014785766602,
            -0.9702551960945129,
            -0.10272112488746643,
            16.696922302246094
        ],
        [
            -0.9279698133468628,
            -0.2398514300584793,
            0.28520700335502625,
            -0.683606743812561
        ],
        [
            -0.3013615608215332,
            0.03280195593833923,
            -0.9529456496238708,
            4.315192699432373
        ],
        [
            0.0,
            0.0,
            0.0,
            1.0
        ]
    ],
    "rotation_matrix": [
        [
            0.21921014785766602,
            -0.9702551960945129,
            -0.10272112488746643
        ],
        [
            -0.9279698133468628,
            -0.2398514300584793,
            0.28520700335502625
        ],
        [
            -0.3013615608215332,
            0.03280195593833923,
            -0.9529456496238708
        ]
    ],
    "rotation_euler_deg": [
        [
            3.107184648513794
        ],
        [
            0.3061203062534332
        ],
        [
            -1.3388233184814453
        ]
    ],
    "translation_vector": [
        [
            16.696922302246094
        ],
        [
            -0.683606743812561
        ],
        [
            4.315192699432373
        ]
    ]
}