{
    "extrinsic_matrix": [
        [
            -0.35893890261650085,
            -0.7063794732093811,
            -0.6100741028785706,
            48.679161071777344
        ],
        [
            -0.5426023602485657,
            -0.373911052942276,
            0.752178966999054,
            -18.68551254272461
        ],
        [
            -0.7594372034072876,
            0.6010146141052246,
            -0.24907192587852478,
            57.18891906738281
        ],
        [
            0.0,
            0.0,
            0.0,
            1.0
        ]
    ],
    "rotation_matrix": [
        [
            -0.35893890261650085,
            -0.7063794732093811,
            -0.6100741028785706
        ],
        [
            -0.5426023602485657,
            -0.373911052942276,
            0.752178966999054
        ],
        [
            -0.7594372034072876,
            0.6010146141052246,
            -0.24907192587852478
        ]
    ],
    "rotation_euler_deg": [
        [
            1.9636708498001099
        ],
        [
            0.86244797706604
        ],
        [
            -2.1552231311798096
        ]
    ],
    "translation_vector": [
        [
            48.679161071777344
        ],
        [
            -18.68551254272461
        ],
        [
            57.18891906738281
        ]
    ]
}