{
    "extrinsic_matrix": [
        [
            -0.3191957473754883,
            -0.944377064704895,
            -0.07915769517421722,
            20.335664749145508
        ],
        [
            -0.6387788653373718,
            0.15269735455513,
            0.7540854811668396,
            -1.369484543800354
        ],
        [
            -0.7000540494918823,
            0.29126548767089844,
            -0.6519885659217834,
            4.172178745269775
        ],
        [
            0.0,
            0.0,
            0.0,
            1.0
        ]
    ],
    "rotation_matrix": [
        [
            -0.3191957473754883,
            -0.944377064704895,
            -0.07915769517421722
        ],
        [
            -0.6387788653373718,
            0.15269735455513,
            0.7540854811668396
        ],
        [
            -0.7000540494918823,
            0.29126548767089844,
            -0.6519885659217834
        ]
    ],
    "rotation_euler_deg": [
        [
            2.7214579582214355
        ],
        [
            0.7754731774330139
        ],
        [
            -2.0342013835906982
        ]
    ],
    "translation_vector": [
        [
            20.335664749145508
        ],
        [
            -1.369484543800354
        ],
        [
            4.172178745269775
        ]
    ]
}