{
    "extrinsic_matrix": [
        [
            0.07522052526473999,
            -0.29964742064476013,
            0.9510531425476074,
            47.35401153564453
        ],
        [
            -0.10531190037727356,
            0.9460467100143433,
            0.3063853979110718,
            -19.421775817871094
        ],
        [
            -0.9915783405303955,
            -0.12317924946546555,
            0.03960120677947998,
            60.559783935546875
        ],
        [
            0.0,
            0.0,
            0.0,
            1.0
        ]
    ],
    "rotation_matrix": [
        [
            0.07522052526473999,
            -0.29964742064476013,
            0.9510531425476074
        ],
        [
            -0.10531190037727356,
            0.9460467100143433,
            0.3063853979110718
        ],
        [
            -0.9915783405303955,
            -0.12317924946546555,
            0.03960120677947998
        ]
    ],
    "rotation_euler_deg": [
        [
            -1.2597401142120361
        ],
        [
            1.4410139322280884
        ],
        [
            -0.9505610466003418
        ]
    ],
    "translation_vector": [
        [
            47.35401153564453
        ],
        [
            -19.421775817871094
        ],
        [
            60.559783935546875
        ]
    ]
}