{
    "extrinsic_matrix": [
        [
            -0.8813509345054626,
            -0.15527664124965668,
            -0.44621706008911133,
            5.071837902069092
        ],
        [
            -0.020080529153347015,
            -0.9312857389450073,
            0.3637355864048004,
            0.1071498915553093
        ],
        [
            -0.4720352292060852,
            0.3295390009880066,
            0.8176716566085815,
            2.992805242538452
        ],
        [
            0.0,
            0.0,
            0.0,
            1.0
        ]
    ],
    "rotation_matrix": [
        [
            -0.8813509345054626,
            -0.15527664124965668,
            -0.44621706008911133
        ],
        [
            -0.020080529153347015,
            -0.9312857389450073,
            0.3637355864048004
        ],
        [
            -0.4720352292060852,
            0.3295390009880066,
            0.8176716566085815
        ]
    ],
    "rotation_euler_deg": [
        [
            0.38310813903808594
        ],
        [
            0.491597980260849
        ],
        [
            -3.1188127994537354
        ]
    ],
    "translation_vector": [
        [
            5.071837902069092
        ],
        [
            0.1071498915553093
        ],
        [
            2.992805242538452
        ]
    ]
}