{
    "extrinsic_matrix": [
        [
            -0.26005569100379944,
            0.743833065032959,
            0.6156973838806152,
            37.64034652709961
        ],
        [
            0.296078085899353,
            0.6683476567268372,
            -0.6823847889900208,
            -11.503655433654785
        ],
        [
            -0.9190803170204163,
            0.004835989326238632,
            -0.39404022693634033,
            25.923908233642578
        ],
        [
            0.0,
            0.0,
            0.0,
            1.0
        ]
    ],
    "rotation_matrix": [
        [
            -0.26005569100379944,
            0.743833065032959,
            0.6156973838806152
        ],
        [
            0.296078085899353,
            0.6683476567268372,
            -0.6823847889900208
        ],
        [
            -0.9190803170204163,
            0.004835989326238632,
            -0.39404022693634033
        ]
    ],
    "rotation_euler_deg": [
        [
            3.1293203830718994
        ],
        [
            1.1657404899597168
        ],
        [
            2.2915120124816895
        ]
    ],
    "translation_vector": [
        [
            37.64034652709961
        ],
        [
            -11.503655433654785
        ],
        [
            25.923908233642578
        ]
    ]
}