{
    "extrinsic_matrix": [
        [
            -0.3880942761898041,
            -0.8862566947937012,
            0.2528463900089264,
            43.2574462890625
        ],
        [
            -0.27923524379730225,
            0.37452924251556396,
            0.8841691613197327,
            -11.2545747756958
        ],
        [
            -0.8782994151115417,
            0.27253755927085876,
            -0.39282724261283875,
            28.31827735900879
        ],
        [
            0.0,
            0.0,
            0.0,
            1.0
        ]
    ],
    "rotation_matrix": [
        [
            -0.3880942761898041,
            -0.8862566947937012,
            0.2528463900089264
        ],
        [
            -0.27923524379730225,
            0.37452924251556396,
            0.8841691613197327
        ],
        [
            -0.8782994151115417,
            0.27253755927085876,
            -0.39282724261283875
        ]
    ],
    "rotation_euler_deg": [
        [
            2.5350501537323
        ],
        [
            1.0722942352294922
        ],
        [
            -2.5178966522216797
        ]
    ],
    "translation_vector": [
        [
            43.2574462890625
        ],
        [
            -11.2545747756958
        ],
        [
            28.31827735900879
        ]
    ]
}