{
    "extrinsic_matrix": [
        [
            0.7718557119369507,
            -0.4687313735485077,
            -0.4208199381828308,
            29.184274673461914
        ],
        [
            0.20011594891548157,
            -0.45309022068977356,
            0.8667628169059753,
            -11.732208251953125
        ],
        [
            -0.5965912342071533,
            -0.757412850856781,
            -0.25413426756858826,
            26.54014778137207
        ],
        [
            0.0,
            0.0,
            0.0,
            1.0
        ]
    ],
    "rotation_matrix": [
        [
            0.7718557119369507,
            -0.4687313735485077,
            -0.4208199381828308
        ],
        [
            0.20011594891548157,
            -0.45309022068977356,
            0.8667628169059753
        ],
        [
            -0.5965912342071533,
            -0.757412850856781,
            -0.25413426756858826
        ]
    ],
    "rotation_euler_deg": [
        [
            -1.8945220708847046
        ],
        [
            0.6423439979553223
        ],
        [
            0.25368040800094604
        ]
    ],
    "translation_vector": [
        [
            29.184274673461914
        ],
        [
            -11.732208251953125
        ],
        [
            26.54014778137207
        ]
    ]
}