{
    "extrinsic_matrix": [
        [
            0.1712787002325058,
            0.4118894338607788,
            -0.8949919939041138,
            23.3707218170166
        ],
        [
            -0.4392630457878113,
            -0.7812036275863647,
            -0.4435858130455017,
            -6.140408039093018
        ],
        [
            -0.881879448890686,
            0.469113826751709,
            0.04712461307644844,
            19.876073837280273
        ],
        [
            0.0,
            0.0,
            0.0,
            1.0
        ]
    ],
    "rotation_matrix": [
        [
            0.1712787002325058,
            0.4118894338607788,
            -0.8949919939041138
        ],
        [
            -0.4392630457878113,
            -0.7812036275863647,
            -0.4435858130455017
        ],
        [
            -0.881879448890686,
            0.469113826751709,
            0.04712461307644844
        ]
    ],
    "rotation_euler_deg": [
        [
            1.4706776142120361
        ],
        [
            1.079833984375
        ],
        [
            -1.199007272720337
        ]
    ],
    "translation_vector": [
        [
            23.3707218170166
        ],
        [
            -6.140408039093018
        ],
        [
            19.876073837280273
        ]
    ]
}