{
    "extrinsic_matrix": [
        [
            0.7577347159385681,
            -0.4757075607776642,
            -0.4343419671058655,
            29.156917572021484
        ],
        [
            0.21335667371749878,
            -0.4538724422454834,
            0.8622791767120361,
            -11.68828010559082
        ],
        [
            -0.6068058609962463,
            -0.7521716356277466,
            -0.23980680108070374,
            26.484827041625977
        ],
        [
            0.0,
            0.0,
            0.0,
            1.0
        ]
    ],
    "rotation_matrix": [
        [
            0.7577347159385681,
            -0.4757075607776642,
            -0.4343419671058655
        ],
        [
            0.21335667371749878,
            -0.4538724422454834,
            0.8622791767120361
        ],
        [
            -0.6068058609962463,
            -0.7521716356277466,
            -0.23980680108070374
        ]
    ],
    "rotation_euler_deg": [
        [
            -1.8794277906417847
        ],
        [
            0.656706690788269
        ],
        [
            0.27446556091308594
        ]
    ],
    "translation_vector": [
        [
            29.156917572021484
        ],
        [
            -11.68828010559082
        ],
        [
            26.484827041625977
        ]
    ]
}