{
    "extrinsic_matrix": [
        [
            0.9699285626411438,
            -0.21707966923713684,
            0.11006349325180054,
            45.598697662353516
        ],
        [
            -0.23334725201129913,
            -0.9579496383666992,
            0.16697704792022705,
            -17.281660079956055
        ],
        [
            0.069188192486763,
            -0.18763874471187592,
            -0.9797981381416321,
            44.21869659423828
        ],
        [
            0.0,
            0.0,
            0.0,
            1.0
        ]
    ],
    "rotation_matrix": [
        [
            0.9699285626411438,
            -0.21707966923713684,
            0.11006349325180054
        ],
        [
            -0.23334725201129913,
            -0.9579496383666992,
            0.16697704792022705
        ],
        [
            0.069188192486763,
            -0.18763874471187592,
            -0.9797981381416321
        ]
    ],
    "rotation_euler_deg": [
        [
            -2.952376127243042
        ],
        [
            -0.06924353539943695
        ],
        [
            -0.2360951155424118
        ]
    ],
    "translation_vector": [
        [
            45.598697662353516
        ],
        [
            -17.281660079956055
        ],
        [
            44.21869659423828
        ]
    ]
}