{
    "extrinsic_matrix": [
        [
            0.9258065819740295,
            -0.16604453325271606,
            0.3395741879940033,
            42.92987823486328
        ],
        [
            0.22012323141098022,
            0.9671390056610107,
            -0.12722986936569214,
            -15.775591850280762
        ],
        [
            -0.30728989839553833,
            0.19253820180892944,
            0.931934118270874,
            36.63462829589844
        ],
        [
            0.0,
            0.0,
            0.0,
            1.0
        ]
    ],
    "rotation_matrix": [
        [
            0.9258065819740295,
            -0.16604453325271606,
            0.3395741879940033
        ],
        [
            0.22012323141098022,
            0.9671390056610107,
            -0.12722986936569214
        ],
        [
            -0.30728989839553833,
            0.19253820180892944,
            0.931934118270874
        ]
    ],
    "rotation_euler_deg": [
        [
            0.20373421907424927
        ],
        [
            0.312343955039978
        ],
        [
            0.2334294468164444
        ]
    ],
    "translation_vector": [
        [
            42.92987823486328
        ],
        [
            -15.775591850280762
        ],
        [
            36.63462829589844
        ]
    ]
}