{
    "extrinsic_matrix": [
        [
            0.930846095085144,
            -0.0038235466927289963,
            -0.3653915524482727,
            23.5510196685791
        ],
        [
            0.3604249656200409,
            -0.15502290427684784,
            0.9198159575462341,
            -3.0570952892303467
        ],
        [
            -0.06016126647591591,
            -0.9879035949707031,
            -0.14292427897453308,
            13.909270286560059
        ],
        [
            0.0,
            0.0,
            0.0,
            1.0
        ]
    ],
    "rotation_matrix": [
        [
            0.930846095085144,
            -0.0038235466927289963,
            -0.3653915524482727
        ],
        [
            0.3604249656200409,
            -0.15502290427684784,
            0.9198159575462341
        ],
        [
            -0.06016126647591591,
            -0.9879035949707031,
            -0.14292427897453308
        ]
    ],
    "rotation_euler_deg": [
        [
            -1.7144737243652344
        ],
        [
            0.0601976178586483
        ],
        [
            0.3694247007369995
        ]
    ],
    "translation_vector": [
        [
            23.5510196685791
        ],
        [
            -3.0570952892303467
        ],
        [
            13.909270286560059
        ]
    ]
}