{
    "extrinsic_matrix": [
        [
            0.44356951117515564,
            0.4959909915924072,
            0.7464842796325684,
            29.442842483520508
        ],
        [
            -0.7392895221710205,
            0.673338770866394,
            -0.008096195757389069,
            -10.62952709197998
        ],
        [
            -0.5066524744033813,
            -0.5482771396636963,
            0.6653532981872559,
            23.440019607543945
        ],
        [
            0.0,
            0.0,
            0.0,
            1.0
        ]
    ],
    "rotation_matrix": [
        [
            0.44356951117515564,
            0.4959909915924072,
            0.7464842796325684
        ],
        [
            -0.7392895221710205,
            0.673338770866394,
            -0.008096195757389069
        ],
        [
            -0.5066524744033813,
            -0.5482771396636963,
            0.6653532981872559
        ]
    ],
    "rotation_euler_deg": [
        [
            -0.6892280578613281
        ],
        [
            0.5312976837158203
        ],
        [
            -1.0303809642791748
        ]
    ],
    "translation_vector": [
        [
            29.442842483520508
        ],
        [
            -10.62952709197998
        ],
        [
            23.440019607543945
        ]
    ]
}