{
    "extrinsic_matrix": [
        [
            -0.8471593260765076,
            0.10736040771007538,
            0.12574350833892822,
            45.963096618652344
        ],
        [
            -0.08677573502063751,
            -0.9215107560157776,
            0.3730085790157318,
            -19.7280330657959
        ],
        [
            0.16014331579208374,
            0.3279677629470825,
            0.7825005650520325,
            65.21583557128906
        ],
        [
            0.0,
            0.0,
            0.0,
            1.0
        ]
    ],
    "rotation_matrix": [
        [
            -0.8471593260765076,
            0.10736040771007538,
            0.12574350833892822
        ],
        [
            -0.08677573502063751,
            -0.9215107560157776,
            0.3730085790157318
        ],
        [
            0.16014331579208374,
            0.3279677629470825,
            0.7825005650520325
        ]
    ],
    "rotation_euler_deg": [
        [
            0.3968863785266876
        ],
        [
            -0.1858808547258377
        ],
        [
            -3.0395171642303467
        ]
    ],
    "translation_vector": [
        [
            45.963096618652344
        ],
        [
            -19.7280330657959
        ],
        [
            65.21583557128906
        ]
    ]
}