{
    "extrinsic_matrix": [
        [
            0.7083110809326172,
            -0.5001241564750671,
            -0.4816690683364868,
            29.061166763305664
        ],
        [
            0.2596992552280426,
            -0.4566102623939514,
            0.8465864658355713,
            -11.534530639648438
        ],
        [
            -0.6425570845603943,
            -0.733827531337738,
            -0.18966065347194672,
            26.29119873046875
        ],
        [
            0.0,
            0.0,
            0.0,
            1.0
        ]
    ],
    "rotation_matrix": [
        [
            0.7083110809326172,
            -0.5001241564750671,
            -0.4816690683364868
        ],
        [
            0.2596992552280426,
            -0.4566102623939514,
            0.8465864658355713
        ],
        [
            -0.6425570845603943,
            -0.733827531337738,
            -0.18966065347194672
        ]
    ],
    "rotation_euler_deg": [
        [
            -1.8237156867980957
        ],
        [
            0.705494225025177
        ],
        [
            0.351426362991333
        ]
    ],
    "translation_vector": [
        [
            29.061166763305664
        ],
        [
            -11.534530639648438
        ],
        [
            26.29119873046875
        ]
    ]
}