{
    "extrinsic_matrix": [
        [
            0.9318228363990784,
            -0.00813764613121748,
            -0.36282220482826233,
            23.609962463378906
        ],
        [
            0.35759153962135315,
            -0.1499946564435959,
            0.921753466129303,
            -2.9752514362335205
        ],
        [
            -0.06192255765199661,
            -0.9886534810066223,
            -0.13685841858386993,
            11.915131568908691
        ],
        [
            0.0,
            0.0,
            0.0,
            1.0
        ]
    ],
    "rotation_matrix": [
        [
            0.9318228363990784,
            -0.00813764613121748,
            -0.36282220482826233
        ],
        [
            0.35759153962135315,
            -0.1499946564435959,
            0.921753466129303
        ],
        [
            -0.06192255765199661,
            -0.9886534810066223,
            -0.13685841858386993
        ]
    ],
    "rotation_euler_deg": [
        [
            -1.7083512544631958
        ],
        [
            0.061962202191352844
        ],
        [
            0.36642399430274963
        ]
    ],
    "translation_vector": [
        [
            23.609962463378906
        ],
        [
            -2.9752514362335205
        ],
        [
            11.915131568908691
        ]
    ]
}