{
    "extrinsic_matrix": [
        [
            -0.8401975631713867,
            0.11258594691753387,
            0.14565378427505493,
            45.9725227355957
        ],
        [
            -0.08542229235172272,
            -0.9224849939346313,
            0.37079286575317383,
            -19.73379898071289
        ],
        [
            0.1804184913635254,
            0.3224447965621948,
            0.7770524024963379,
            65.17604064941406
        ],
        [
            0.0,
            0.0,
            0.0,
            1.0
        ]
    ],
    "rotation_matrix": [
        [
            -0.8401975631713867,
            0.11258594691753387,
            0.14565378427505493
        ],
        [
            -0.08542229235172272,
            -0.9224849939346313,
            0.37079286575317383
        ],
        [
            0.1804184913635254,
            0.3224447965621948,
            0.7770524024963379
        ]
    ],
    "rotation_euler_deg": [
        [
            0.3933350741863251
        ],
        [
            -0.2104683518409729
        ],
        [
            -3.040271520614624
        ]
    ],
    "translation_vector": [
        [
            45.9725227355957
        ],
        [
            -19.73379898071289
        ],
        [
            65.17604064941406
        ]
    ]
}