{
    "extrinsic_matrix": [
        [
            -0.8241679072380066,
            -0.5646225214004517,
            -0.04413500428199768,
            42.936275482177734
        ],
        [
            -0.47068458795547485,
            0.7262163758277893,
            -0.501064121723175,
            -14.680512428283691
        ],
        [
            0.31496402621269226,
            -0.39218756556510925,
            -0.864283561706543,
            33.494895935058594
        ],
        [
            0.0,
            0.0,
            0.0,
            1.0
        ]
    ],
    "rotation_matrix": [
        [
            -0.8241679072380066,
            -0.5646225214004517,
            -0.04413500428199768
        ],
        [
            -0.47068458795547485,
            0.7262163758277893,
            -0.501064121723175
        ],
        [
            0.31496402621269226,
            -0.39218756556510925,
            -0.864283561706543
        ]
    ],
    "rotation_euler_deg": [
        [
            -2.715606451034546
        ],
        [
            -0.3204188942909241
        ],
        [
            -2.622692108154297
        ]
    ],
    "translation_vector": [
        [
            42.936275482177734
        ],
        [
            -14.680512428283691
        ],
        [
            33.494895935058594
        ]
    ]
}