{
    "extrinsic_matrix": [
        [
            -0.3153676390647888,
            -0.9481314420700073,
            0.03987441211938858,
            21.772235870361328
        ],
        [
            0.11819293349981308,
            -0.08093541115522385,
            -0.9896866679191589,
            -1.2826859951019287
        ],
        [
            0.9415807723999023,
            -0.3074021637439728,
            0.13758690655231476,
            6.994670867919922
        ],
        [
            0.0,
            0.0,
            0.0,
            1.0
        ]
    ],
    "rotation_matrix": [
        [
            -0.3153676390647888,
            -0.9481314420700073,
            0.03987441211938858
        ],
        [
            0.11819293349981308,
            -0.08093541115522385,
            -0.9896866679191589
        ],
        [
            0.9415807723999023,
            -0.3074021637439728,
            0.13758690655231476
        ]
    ],
    "rotation_euler_deg": [
        [
            -1.1499570608139038
        ],
        [
            -1.2272926568984985
        ],
        [
            2.7830164432525635
        ]
    ],
    "translation_vector": [
        [
            21.772235870361328
        ],
        [
            -1.2826859951019287
        ],
        [
            6.994670867919922
        ]
    ]
}