{
    "extrinsic_matrix": [
        [
            0.7365531325340271,
            -0.48617181181907654,
            -0.4546250104904175,
            29.115880966186523
        ],
        [
            0.2332177758216858,
            -0.45504578948020935,
            0.8555537462234497,
            -11.622387886047363
        ],
        [
            -0.6221278309822083,
            -0.7443099021911621,
            -0.21831560134887695,
            26.40184211730957
        ],
        [
            0.0,
            0.0,
            0.0,
            1.0
        ]
    ],
    "rotation_matrix": [
        [
            0.7365531325340271,
            -0.48617181181907654,
            -0.4546250104904175
        ],
        [
            0.2332177758216858,
            -0.45504578948020935,
            0.8555537462234497
        ],
        [
            -0.6221278309822083,
            -0.7443099021911621,
            -0.21831560134887695
        ]
    ],
    "rotation_euler_deg": [
        [
            -1.8561067581176758
        ],
        [
            0.6779314279556274
        ],
        [
            0.3066466450691223
        ]
    ],
    "translation_vector": [
        [
            29.115880966186523
        ],
        [
            -11.622387886047363
        ],
        [
            26.40184211730957
        ]
    ]
}