{
    "extrinsic_matrix": [
        [
            0.5358331799507141,
            -0.7904356122016907,
            -0.29680460691452026,
            46.028324127197266
        ],
        [
            0.6185266971588135,
            0.1282006800174713,
            0.7752348780632019,
            -17.846084594726562
        ],
        [
            -0.5747234225273132,
            -0.598978579044342,
            0.5575999617576599,
            41.30797576904297
        ],
        [
            0.0,
            0.0,
            0.0,
            1.0
        ]
    ],
    "rotation_matrix": [
        [
            0.5358331799507141,
            -0.7904356122016907,
            -0.29680460691452026
        ],
        [
            0.6185266971588135,
            0.1282006800174713,
            0.7752348780632019
        ],
        [
            -0.5747234225273132,
            -0.598978579044342,
            0.5575999617576599
        ]
    ],
    "rotation_euler_deg": [
        [
            -0.8211596608161926
        ],
        [
            0.6122663021087646
        ],
        [
            0.856911838054657
        ]
    ],
    "translation_vector": [
        [
            46.028324127197266
        ],
        [
            -17.846084594726562
        ],
        [
            41.30797576904297
        ]
    ]
}