{
    "extrinsic_matrix": [
        [
            -0.6164374947547913,
            0.6548244953155518,
            -0.20987118780612946,
            42.216087341308594
        ],
        [
            0.5635037422180176,
            0.23335808515548706,
            -0.7441163063049316,
            -19.911073684692383
        ],
        [
            -0.4019966125488281,
            -0.616021990776062,
            -0.5941956639289856,
            57.7108154296875
        ],
        [
            0.0,
            0.0,
            0.0,
            1.0
        ]
    ],
    "rotation_matrix": [
        [
            -0.6164374947547913,
            0.6548244953155518,
            -0.20987118780612946
        ],
        [
            0.5635037422180176,
            0.23335808515548706,
            -0.7441163063049316
        ],
        [
            -0.4019966125488281,
            -0.616021990776062,
            -0.5941956639289856
        ]
    ],
    "rotation_euler_deg": [
        [
            -2.3381614685058594
        ],
        [
            0.44859811663627625
        ],
        [
            2.4010257720947266
        ]
    ],
    "translation_vector": [
        [
            42.216087341308594
        ],
        [
            -19.911073684692383
        ],
        [
            57.7108154296875
        ]
    ]
}