{
    "extrinsic_matrix": [
        [
            0.648296594619751,
            -0.5297728776931763,
            -0.5391377210617065,
            28.944896697998047
        ],
        [
            0.31597235798835754,
            -0.4599347412586212,
            0.827531099319458,
            -11.347835540771484
        ],
        [
            -0.6859692335128784,
            -0.7115525007247925,
            -0.1287689059972763,
            26.056079864501953
        ],
        [
            0.0,
            0.0,
            0.0,
            1.0
        ]
    ],
    "rotation_matrix": [
        [
            0.648296594619751,
            -0.5297728776931763,
            -0.5391377210617065
        ],
        [
            0.31597235798835754,
            -0.4599347412586212,
            0.827531099319458
        ],
        [
            -0.6859692335128784,
            -0.7115525007247925,
            -0.1287689059972763
        ]
    ],
    "rotation_euler_deg": [
        [
            -1.7498276233673096
        ],
        [
            0.7603679299354553
        ],
        [
            0.453507661819458
        ]
    ],
    "translation_vector": [
        [
            28.944896697998047
        ],
        [
            -11.347835540771484
        ],
        [
            26.056079864501953
        ]
    ]
}