{
    "extrinsic_matrix": [
        [
            -0.6670893430709839,
            0.2740384638309479,
            0.6927440762519836,
            46.26502990722656
        ],
        [
            -0.08532920479774475,
            -0.9518728852272034,
            0.2943755090236664,
            -19.572389602661133
        ],
        [
            0.7400749921798706,
            0.13726364076137543,
            0.6583671569824219,
            64.54329681396484
        ],
        [
            0.0,
            0.0,
            0.0,
            1.0
        ]
    ],
    "rotation_matrix": [
        [
            -0.6670893430709839,
            0.2740384638309479,
            0.6927440762519836
        ],
        [
            -0.08532920479774475,
            -0.9518728852272034,
            0.2943755090236664
        ],
        [
            0.7400749921798706,
            0.13726364076137543,
            0.6583671569824219
        ]
    ],
    "rotation_euler_deg": [
        [
            0.2055465131998062
        ],
        [
            -0.8331817388534546
        ],
        [
            -3.0143706798553467
        ]
    ],
    "translation_vector": [
        [
            46.26502990722656
        ],
        [
            -19.572389602661133
        ],
        [
            64.54329681396484
        ]
    ]
}