{
    "extrinsic_matrix": [
        [
            0.17098623514175415,
            0.407440721988678,
            -0.8970817923545837,
            23.479663848876953
        ],
        [
            -0.4386354386806488,
            -0.7838063836097717,
            -0.43959763646125793,
            -6.125454902648926
        ],
        [
            -0.88224858045578,
            0.46865710616111755,
            0.04469816014170647,
            19.874309539794922
        ],
        [
            0.0,
            0.0,
            0.0,
            1.0
        ]
    ],
    "rotation_matrix": [
        [
            0.17098623514175415,
            0.407440721988678,
            -0.8970817923545837
        ],
        [
            -0.4386354386806488,
            -0.7838063836097717,
            -0.43959763646125793
        ],
        [
            -0.88224858045578,
            0.46865710616111755,
            0.04469816014170647
        ]
    ],
    "rotation_euler_deg": [
        [
            1.4757089614868164
        ],
        [
            1.0806174278259277
        ],
        [
            -1.1991016864776611
        ]
    ],
    "translation_vector": [
        [
            23.479663848876953
        ],
        [
            -6.125454902648926
        ],
        [
            19.874309539794922
        ]
    ]
}