{
    "extrinsic_matrix": [
        [
            0.0510791577398777,
            -0.342466801404953,
            0.9381401538848877,
            46.9276237487793
        ],
        [
            -0.13311675190925598,
            0.9286501407623291,
            0.34624961018562317,
            -20.137741088867188
        ],
        [
            -0.9897831678390503,
            -0.142568439245224,
            0.0018458024132996798,
            59.3741340637207
        ],
        [
            0.0,
            0.0,
            0.0,
            1.0
        ]
    ],
    "rotation_matrix": [
        [
            0.0510791577398777,
            -0.342466801404953,
            0.9381401538848877
        ],
        [
            -0.13311675190925598,
            0.9286501407623291,
            0.34624961018562317
        ],
        [
            -0.9897831678390503,
            -0.142568439245224,
            0.0018458024132996798
        ]
    ],
    "rotation_euler_deg": [
        [
            -1.5578502416610718
        ],
        [
            1.4277284145355225
        ],
        [
            -1.2044053077697754
        ]
    ],
    "translation_vector": [
        [
            46.9276237487793
        ],
        [
            -20.137741088867188
        ],
        [
            59.3741340637207
        ]
    ]
}