{
    "extrinsic_matrix": [
        [
            -0.7705795764923096,
            0.16484121978282928,
            0.3447563052177429,
            46.06679153442383
        ],
        [
            -0.07188782095909119,
            -0.9322275519371033,
            0.348635733127594,
            -19.79146385192871
        ],
        [
            0.3831697702407837,
            0.26721546053886414,
            0.7225709557533264,
            64.7780532836914
        ],
        [
            0.0,
            0.0,
            0.0,
            1.0
        ]
    ],
    "rotation_matrix": [
        [
            -0.7705795764923096,
            0.16484121978282928,
            0.3447563052177429
        ],
        [
            -0.07188782095909119,
            -0.9322275519371033,
            0.348635733127594
        ],
        [
            0.3831697702407837,
            0.26721546053886414,
            0.7225709557533264
        ]
    ],
    "rotation_euler_deg": [
        [
            0.354214608669281
        ],
        [
            -0.45971915125846863
        ],
        [
            -3.0485713481903076
        ]
    ],
    "translation_vector": [
        [
            46.06679153442383
        ],
        [
            -19.79146385192871
        ],
        [
            64.7780532836914
        ]
    ]
}