{
    "extrinsic_matrix": [
        [
            0.9330168962478638,
            -0.012088300660252571,
            -0.3596295118331909,
            23.600830078125
        ],
        [
            0.3542385697364807,
            -0.14468634128570557,
            0.9238941669464111,
            -2.8262887001037598
        ],
        [
            -0.06320206075906754,
            -0.9894038438796997,
            -0.1307125985622406,
            11.917658805847168
        ],
        [
            0.0,
            0.0,
            0.0,
            1.0
        ]
    ],
    "rotation_matrix": [
        [
            0.9330168962478638,
            -0.012088300660252571,
            -0.3596295118331909
        ],
        [
            0.3542385697364807,
            -0.14468634128570557,
            0.9238941669464111
        ],
        [
            -0.06320206075906754,
            -0.9894038438796997,
            -0.1307125985622406
        ]
    ],
    "rotation_euler_deg": [
        [
            -1.702148199081421
        ],
        [
            0.06324421614408493
        ],
        [
            0.3628586530685425
        ]
    ],
    "translation_vector": [
        [
            23.600830078125
        ],
        [
            -2.8262887001037598
        ],
        [
            11.917658805847168
        ]
    ]
}