{
    "extrinsic_matrix": [
        [
            -0.05424471199512482,
            -0.9846320748329163,
            -0.0011336654424667358,
            22.854476928710938
        ],
        [
            -0.18833652138710022,
            0.014475412666797638,
            -0.9791260361671448,
            -1.8370962142944336
        ],
        [
            0.9672107100486755,
            -0.05161520838737488,
            -0.19785818457603455,
            10.369710922241211
        ],
        [
            0.0,
            0.0,
            0.0,
            1.0
        ]
    ],
    "rotation_matrix": [
        [
            -0.05424471199512482,
            -0.9846320748329163,
            -0.0011336654424667358
        ],
        [
            -0.18833652138710022,
            0.014475412666797638,
            -0.9791260361671448
        ],
        [
            0.9672107100486755,
            -0.05161520838737488,
            -0.19785818457603455
        ]
    ],
    "rotation_euler_deg": [
        [
            -2.8864102363586426
        ],
        [
            -1.3708664178848267
        ],
        [
            -1.851226568222046
        ]
    ],
    "translation_vector": [
        [
            22.854476928710938
        ],
        [
            -1.8370962142944336
        ],
        [
            10.369710922241211
        ]
    ]
}