{
    "extrinsic_matrix": [
        [
            -0.7496942281723022,
            0.1805177927017212,
            0.40448707342147827,
            46.09507369995117
        ],
        [
            -0.06782747805118561,
            -0.9351502656936646,
            0.34198859333992004,
            -19.80876350402832
        ],
        [
            0.4439951777458191,
            0.2506466507911682,
            0.7062265276908875,
            64.65866088867188
        ],
        [
            0.0,
            0.0,
            0.0,
            1.0
        ]
    ],
    "rotation_matrix": [
        [
            -0.7496942281723022,
            0.1805177927017212,
            0.40448707342147827
        ],
        [
            -0.06782747805118561,
            -0.9351502656936646,
            0.34198859333992004
        ],
        [
            0.4439951777458191,
            0.2506466507911682,
            0.7062265276908875
        ]
    ],
    "rotation_euler_deg": [
        [
            0.34104201197624207
        ],
        [
            -0.5329049825668335
        ],
        [
            -3.0513648986816406
        ]
    ],
    "translation_vector": [
        [
            46.09507369995117
        ],
        [
            -19.80876350402832
        ],
        [
            64.65866088867188
        ]
    ]
}