{
    "extrinsic_matrix": [
        [
            0.8034067153930664,
            0.08465400338172913,
            -0.5893808603286743,
            44.584251403808594
        ],
        [
            0.36777186393737793,
            -0.8490081429481506,
            0.3793798089027405,
            -18.35592269897461
        ],
        [
            -0.46827369928359985,
            -0.5215540528297424,
            -0.7132327556610107,
            44.8846549987793
        ],
        [
            0.0,
            0.0,
            0.0,
            1.0
        ]
    ],
    "rotation_matrix": [
        [
            0.8034067153930664,
            0.08465400338172913,
            -0.5893808603286743
        ],
        [
            0.36777186393737793,
            -0.8490081429481506,
            0.3793798089027405
        ],
        [
            -0.46827369928359985,
            -0.5215540528297424,
            -0.7132327556610107
        ]
    ],
    "rotation_euler_deg": [
        [
            -2.510197639465332
        ],
        [
            0.4873363673686981
        ],
        [
            0.4292929172515869
        ]
    ],
    "translation_vector": [
        [
            44.584251403808594
        ],
        [
            -18.35592269897461
        ],
        [
            44.8846549987793
        ]
    ]
}