{
    "extrinsic_matrix": [
        [
            0.6765387058258057,
            -0.5158205032348633,
            -0.5120936632156372,
            28.999610900878906
        ],
        [
            0.28949087858200073,
            -0.45837029814720154,
            0.8364983201026917,
            -11.43569278717041
        ],
        [
            -0.6655399799346924,
            -0.7220348715782166,
            -0.15742385387420654,
            26.166723251342773
        ],
        [
            0.0,
            0.0,
            0.0,
            1.0
        ]
    ],
    "rotation_matrix": [
        [
            0.6765387058258057,
            -0.5158205032348633,
            -0.5120936632156372
        ],
        [
            0.28949087858200073,
            -0.45837029814720154,
            0.8364983201026917
        ],
        [
            -0.6655399799346924,
            -0.7220348715782166,
            -0.15742385387420654
        ]
    ],
    "rotation_euler_deg": [
        [
            -1.785464882850647
        ],
        [
            0.7352527379989624
        ],
        [
            0.40432435274124146
        ]
    ],
    "translation_vector": [
        [
            28.999610900878906
        ],
        [
            -11.43569278717041
        ],
        [
            26.166723251342773
        ]
    ]
}