{
    "extrinsic_matrix": [
        [
            -0.7976722121238708,
            -0.21916615962982178,
            0.12888482213020325,
            45.77125549316406
        ],
        [
            -0.05680227279663086,
            0.02201886475086212,
            -0.9193996787071228,
            -19.033811569213867
        ],
        [
            0.272422730922699,
            -0.8200741410255432,
            -0.19533511996269226,
            57.96086502075195
        ],
        [
            0.0,
            0.0,
            0.0,
            1.0
        ]
    ],
    "rotation_matrix": [
        [
            -0.7976722121238708,
            -0.21916615962982178,
            0.12888482213020325
        ],
        [
            -0.05680227279663086,
            0.02201886475086212,
            -0.9193996787071228
        ],
        [
            0.272422730922699,
            -0.8200741410255432,
            -0.19533511996269226
        ]
    ],
    "rotation_euler_deg": [
        [
            -1.8046311140060425
        ],
        [
            -0.32832956314086914
        ],
        [
            -3.070502519607544
        ]
    ],
    "translation_vector": [
        [
            45.77125549316406
        ],
        [
            -19.033811569213867
        ],
        [
            57.96086502075195
        ]
    ]
}