{
    "extrinsic_matrix": [
        [
            -0.40558531880378723,
            -0.8821107149124146,
            0.23954235017299652,
            42.68515396118164
        ],
        [
            -0.2947981655597687,
            0.3742979168891907,
            0.8792011737823486,
            -12.027514457702637
        ],
        [
            -0.86521315574646,
            0.2859746813774109,
            -0.41185489296913147,
            28.90635871887207
        ],
        [
            0.0,
            0.0,
            0.0,
            1.0
        ]
    ],
    "rotation_matrix": [
        [
            -0.40558531880378723,
            -0.8821107149124146,
            0.23954235017299652
        ],
        [
            -0.2947981655597687,
            0.3742979168891907,
            0.8792011737823486
        ],
        [
            -0.86521315574646,
            0.2859746813774109,
            -0.41185489296913147
        ]
    ],
    "rotation_euler_deg": [
        [
            2.534663438796997
        ],
        [
            1.0455759763717651
        ],
        [
            -2.513075351715088
        ]
    ],
    "translation_vector": [
        [
            42.68515396118164
        ],
        [
            -12.027514457702637
        ],
        [
            28.90635871887207
        ]
    ]
}