{
    "extrinsic_matrix": [
        [
            0.9475281238555908,
            -0.046569474041461945,
            -0.31626203656196594,
            23.5234375
        ],
        [
            0.31097856163978577,
            -0.09487667679786682,
            0.9456692934036255,
            -2.4035449028015137
        ],
        [
            -0.07404547929763794,
            -0.9943994283676147,
            -0.07541616261005402,
            8.024311065673828
        ],
        [
            0.0,
            0.0,
            0.0,
            1.0
        ]
    ],
    "rotation_matrix": [
        [
            0.9475281238555908,
            -0.046569474041461945,
            -0.31626203656196594
        ],
        [
            0.31097856163978577,
            -0.09487667679786682,
            0.9456692934036255
        ],
        [
            -0.07404547929763794,
            -0.9943994283676147,
            -0.07541616261005402
        ]
    ],
    "rotation_euler_deg": [
        [
            -1.6464923620224
        ],
        [
            0.07411330938339233
        ],
        [
            0.31712329387664795
        ]
    ],
    "translation_vector": [
        [
            23.5234375
        ],
        [
            -2.4035449028015137
        ],
        [
            8.024311065673828
        ]
    ]
}