{
    "extrinsic_matrix": [
        [
            -0.3476763963699341,
            -0.6997453570365906,
            -0.6240808367729187,
            47.855350494384766
        ],
        [
            -0.5670218467712402,
            -0.3731820285320282,
            0.734316885471344,
            -18.848899841308594
        ],
        [
            -0.746730625629425,
            0.609173059463501,
            -0.26702436804771423,
            55.37272644042969
        ],
        [
            0.0,
            0.0,
            0.0,
            1.0
        ]
    ],
    "rotation_matrix": [
        [
            -0.3476763963699341,
            -0.6997453570365906,
            -0.6240808367729187
        ],
        [
            -0.5670218467712402,
            -0.3731820285320282,
            0.734316885471344
        ],
        [
            -0.746730625629425,
            0.609173059463501,
            -0.26702436804771423
        ]
    ],
    "rotation_euler_deg": [
        [
            1.9839107990264893
        ],
        [
            0.8431333899497986
        ],
        [
            -2.120837688446045
        ]
    ],
    "translation_vector": [
        [
            47.855350494384766
        ],
        [
            -18.848899841308594
        ],
        [
            55.37272644042969
        ]
    ]
}