{
    "extrinsic_matrix": [
        [
            -0.9237390756607056,
            0.049879610538482666,
            -0.09326928853988647,
            45.859397888183594
        ],
        [
            -0.10166365653276443,
            -0.9107940196990967,
            0.39738142490386963,
            -19.664600372314453
        ],
        [
            -0.06288307905197144,
            0.3887200355529785,
            0.8424301743507385,
            65.65361785888672
        ],
        [
            0.0,
            0.0,
            0.0,
            1.0
        ]
    ],
    "rotation_matrix": [
        [
            -0.9237390756607056,
            0.049879610538482666,
            -0.09326928853988647
        ],
        [
            -0.10166365653276443,
            -0.9107940196990967,
            0.39738142490386963
        ],
        [
            -0.06288307905197144,
            0.3887200355529785,
            0.8424301743507385
        ]
    ],
    "rotation_euler_deg": [
        [
            0.4323158860206604
        ],
        [
            0.06756294518709183
        ],
        [
            -3.0319771766662598
        ]
    ],
    "translation_vector": [
        [
            45.859397888183594
        ],
        [
            -19.664600372314453
        ],
        [
            65.65361785888672
        ]
    ]
}