{
    "extrinsic_matrix": [
        [
            0.9098431468009949,
            -0.40579065680503845,
            -0.08670814335346222,
            44.80725860595703
        ],
        [
            -0.3127368986606598,
            -0.8079232573509216,
            0.4994550049304962,
            -17.009910583496094
        ],
        [
            -0.2727278172969818,
            -0.4273088574409485,
            -0.8619897961616516,
            39.667877197265625
        ],
        [
            0.0,
            0.0,
            0.0,
            1.0
        ]
    ],
    "rotation_matrix": [
        [
            0.9098431468009949,
            -0.40579065680503845,
            -0.08670814335346222
        ],
        [
            -0.3127368986606598,
            -0.8079232573509216,
            0.4994550049304962
        ],
        [
            -0.2727278172969818,
            -0.4273088574409485,
            -0.8619897961616516
        ]
    ],
    "rotation_euler_deg": [
        [
            -2.6813719272613525
        ],
        [
            0.27622729539871216
        ],
        [
            -0.3310747742652893
        ]
    ],
    "translation_vector": [
        [
            44.80725860595703
        ],
        [
            -17.009910583496094
        ],
        [
            39.667877197265625
        ]
    ]
}