{
    "extrinsic_matrix": [
        [
            0.05119282007217407,
            -0.34433504939079285,
            0.9374482035636902,
            46.76368713378906
        ],
        [
            -0.13935352861881256,
            0.9270190596580505,
            0.34811264276504517,
            -20.075578689575195
        ],
        [
            -0.9889034032821655,
            -0.14845465123653412,
            -0.0005372557789087296,
            59.917999267578125
        ],
        [
            0.0,
            0.0,
            0.0,
            1.0
        ]
    ],
    "rotation_matrix": [
        [
            0.05119282007217407,
            -0.34433504939079285,
            0.9374482035636902
        ],
        [
            -0.13935352861881256,
            0.9270190596580505,
            0.34811264276504517
        ],
        [
            -0.9889034032821655,
            -0.14845465123653412,
            -0.0005372557789087296
        ]
    ],
    "rotation_euler_deg": [
        [
            -1.5744153261184692
        ],
        [
            1.4217841625213623
        ],
        [
            -1.2187410593032837
        ]
    ],
    "translation_vector": [
        [
            46.76368713378906
        ],
        [
            -20.075578689575195
        ],
        [
            59.917999267578125
        ]
    ]
}