{
    "extrinsic_matrix": [
        [
            0.6218196749687195,
            -0.5428531765937805,
            -0.5644915103912354,
            28.893600463867188
        ],
        [
            0.3407987356185913,
            -0.46140143275260925,
            0.8191242814064026,
            -11.265470504760742
        ],
        [
            -0.7051216959953308,
            -0.7017253041267395,
            -0.10190489888191223,
            25.952350616455078
        ],
        [
            0.0,
            0.0,
            0.0,
            1.0
        ]
    ],
    "rotation_matrix": [
        [
            0.6218196749687195,
            -0.5428531765937805,
            -0.5644915103912354
        ],
        [
            0.3407987356185913,
            -0.46140143275260925,
            0.8191242814064026
        ],
        [
            -0.7051216959953308,
            -0.7017253041267395,
            -0.10190489888191223
        ]
    ],
    "rotation_euler_deg": [
        [
            -1.7150087356567383
        ],
        [
            0.7825946807861328
        ],
        [
            0.5013577938079834
        ]
    ],
    "translation_vector": [
        [
            28.893600463867188
        ],
        [
            -11.265470504760742
        ],
        [
            25.952350616455078
        ]
    ]
}