{
    "extrinsic_matrix": [
        [
            -0.9805235266685486,
            -0.002136137569323182,
            -0.19638891518115997,
            45.7760124206543
        ],
        [
            -0.07891292870044708,
            -0.9113884568214417,
            0.4039110541343689,
            -19.481781005859375
        ],
        [
            -0.1798487901687622,
            0.41154223680496216,
            0.8934690952301025,
            63.98127365112305
        ],
        [
            0.0,
            0.0,
            0.0,
            1.0
        ]
    ],
    "rotation_matrix": [
        [
            -0.9805235266685486,
            -0.002136137569323182,
            -0.19638891518115997
        ],
        [
            -0.07891292870044708,
            -0.9113884568214417,
            0.4039110541343689
        ],
        [
            -0.1798487901687622,
            0.41154223680496216,
            0.8934690952301025
        ]
    ],
    "rotation_euler_deg": [
        [
            0.43164342641830444
        ],
        [
            0.18083280324935913
        ],
        [
            -3.0612852573394775
        ]
    ],
    "translation_vector": [
        [
            45.7760124206543
        ],
        [
            -19.481781005859375
        ],
        [
            63.98127365112305
        ]
    ]
}