{
    "extrinsic_matrix": [
        [
            -0.6815982460975647,
            -0.282943993806839,
            0.6748079061508179,
            43.9584846496582
        ],
        [
            -0.4093424379825592,
            -0.6169664859771729,
            -0.672153651714325,
            -15.663339614868164
        ],
        [
            0.6065161824226379,
            -0.7343662977218628,
            0.304702490568161,
            40.299373626708984
        ],
        [
            0.0,
            0.0,
            0.0,
            1.0
        ]
    ],
    "rotation_matrix": [
        [
            -0.6815982460975647,
            -0.282943993806839,
            0.6748079061508179
        ],
        [
            -0.4093424379825592,
            -0.6169664859771729,
            -0.672153651714325
        ],
        [
            0.6065161824226379,
            -0.7343662977218628,
            0.304702490568161
        ]
    ],
    "rotation_euler_deg": [
        [
            -1.1774953603744507
        ],
        [
            -0.6516717076301575
        ],
        [
            -2.600759506225586
        ]
    ],
    "translation_vector": [
        [
            43.9584846496582
        ],
        [
            -15.663339614868164
        ],
        [
            40.299373626708984
        ]
    ]
}