{
    "extrinsic_matrix": [
        [
            -0.6353160738945007,
            0.5637837648391724,
            -0.17458409070968628,
            42.58641815185547
        ],
        [
            0.4988885223865509,
            0.21134358644485474,
            -0.762374997138977,
            -19.819692611694336
        ],
        [
            -0.33174461126327515,
            -0.6372774243354797,
            -0.5526477098464966,
            57.73686218261719
        ],
        [
            0.0,
            0.0,
            0.0,
            1.0
        ]
    ],
    "rotation_matrix": [
        [
            -0.6353160738945007,
            0.5637837648391724,
            -0.17458409070968628
        ],
        [
            0.4988885223865509,
            0.21134358644485474,
            -0.762374997138977
        ],
        [
            -0.33174461126327515,
            -0.6372774243354797,
            -0.5526477098464966
        ]
    ],
    "rotation_euler_deg": [
        [
            -2.2851922512054443
        ],
        [
            0.3896830081939697
        ],
        [
            2.4759042263031006
        ]
    ],
    "translation_vector": [
        [
            42.58641815185547
        ],
        [
            -19.819692611694336
        ],
        [
            57.73686218261719
        ]
    ]
}