{
    "extrinsic_matrix": [
        [
            0.2186313420534134,
            -0.9705706238746643,
            -0.100959911942482,
            16.73101806640625
        ],
        [
            -0.931626558303833,
            -0.23839180171489716,
            0.27430102229118347,
            -0.46047812700271606
        ],
        [
            -0.2902967035770416,
            0.03408624976873398,
            -0.9563295245170593,
            3.3410000801086426
        ],
        [
            0.0,
            0.0,
            0.0,
            1.0
        ]
    ],
    "rotation_matrix": [
        [
            0.2186313420534134,
            -0.9705706238746643,
            -0.100959911942482
        ],
        [
            -0.931626558303833,
            -0.23839180171489716,
            0.27430102229118347
        ],
        [
            -0.2902967035770416,
            0.03408624976873398,
            -0.9563295245170593
        ]
    ],
    "rotation_euler_deg": [
        [
            3.1059648990631104
        ],
        [
            0.29453688859939575
        ],
        [
            -1.3402904272079468
        ]
    ],
    "translation_vector": [
        [
            16.73101806640625
        ],
        [
            -0.46047812700271606
        ],
        [
            3.3410000801086426
        ]
    ]
}