{
    "extrinsic_matrix": [
        [
            -0.189360111951828,
            -0.9701002836227417,
            -0.03571721166372299,
            22.870187759399414
        ],
        [
            -0.19816429913043976,
            0.07695727050304413,
            -0.9748633503913879,
            -1.9954161643981934
        ],
        [
            0.9509254693984985,
            -0.17650805413722992,
            -0.21600162982940674,
            12.815458297729492
        ],
        [
            0.0,
            0.0,
            0.0,
            1.0
        ]
    ],
    "rotation_matrix": [
        [
            -0.189360111951828,
            -0.9701002836227417,
            -0.03571721166372299
        ],
        [
            -0.19816429913043976,
            0.07695727050304413,
            -0.9748633503913879
        ],
        [
            0.9509254693984985,
            -0.17650805413722992,
            -0.21600162982940674
        ]
    ],
    "rotation_euler_deg": [
        [
            -2.456475019454956
        ],
        [
            -1.290165901184082
        ],
        [
            -2.333479404449463
        ]
    ],
    "translation_vector": [
        [
            22.870187759399414
        ],
        [
            -1.9954161643981934
        ],
        [
            12.815458297729492
        ]
    ]
}