{
    "extrinsic_matrix": [
        [
            -0.9585480093955994,
            0.02375197410583496,
            -0.19282054901123047,
            45.81226348876953
        ],
        [
            -0.1084308922290802,
            -0.9059227108955383,
            0.40845996141433716,
            -19.63576889038086
        ],
        [
            -0.16425877809524536,
            0.41633474826812744,
            0.8696709275245667,
            65.85260772705078
        ],
        [
            0.0,
            0.0,
            0.0,
            1.0
        ]
    ],
    "rotation_matrix": [
        [
            -0.9585480093955994,
            0.02375197410583496,
            -0.19282054901123047
        ],
        [
            -0.1084308922290802,
            -0.9059227108955383,
            0.40845996141433716
        ],
        [
            -0.16425877809524536,
            0.41633474826812744,
            0.8696709275245667
        ]
    ],
    "rotation_euler_deg": [
        [
            0.44648465514183044
        ],
        [
            0.16865849494934082
        ],
        [
            -3.028951644897461
        ]
    ],
    "translation_vector": [
        [
            45.81226348876953
        ],
        [
            -19.63576889038086
        ],
        [
            65.85260772705078
        ]
    ]
}