{
    "extrinsic_matrix": [
        [
            -0.1325281262397766,
            -0.8942556381225586,
            -0.02545011043548584,
            30.293119430541992
        ],
        [
            0.1290777325630188,
            0.006116271018981934,
            -0.9023194313049316,
            -9.498575210571289
        ],
        [
            0.9642626047134399,
            -0.14671167731285095,
            0.1888793706893921,
            23.271621704101562
        ],
        [
            0.0,
            0.0,
            0.0,
            1.0
        ]
    ],
    "rotation_matrix": [
        [
            -0.1325281262397766,
            -0.8942556381225586,
            -0.02545011043548584
        ],
        [
            0.1290777325630188,
            0.006116271018981934,
            -0.9023194313049316
        ],
        [
            0.9642626047134399,
            -0.14671167731285095,
            0.1888793706893921
        ]
    ],
    "rotation_euler_deg": [
        [
            -0.6604012250900269
        ],
        [
            -1.3812438249588013
        ],
        [
            2.3693830966949463
        ]
    ],
    "translation_vector": [
        [
            30.293119430541992
        ],
        [
            -9.498575210571289
        ],
        [
            23.271621704101562
        ]
    ]
}