{
    "extrinsic_matrix": [
        [
            -0.7335323691368103,
            -0.2682182192802429,
            -0.6244904398918152,
            47.618804931640625
        ],
        [
            0.4623703956604004,
            -0.8703786730766296,
            -0.16927661001682281,
            -18.87540054321289
        ],
        [
            -0.4981403350830078,
            -0.4129154086112976,
            0.7624678015708923,
            51.19851303100586
        ],
        [
            0.0,
            0.0,
            0.0,
            1.0
        ]
    ],
    "rotation_matrix": [
        [
            -0.7335323691368103,
            -0.2682182192802429,
            -0.6244904398918152
        ],
        [
            0.4623703956604004,
            -0.8703786730766296,
            -0.16927661001682281
        ],
        [
            -0.4981403350830078,
            -0.4129154086112976,
            0.7624678015708923
        ]
    ],
    "rotation_euler_deg": [
        [
            -0.4963335394859314
        ],
        [
            0.521452784538269
        ],
        [
            2.579166889190674
        ]
    ],
    "translation_vector": [
        [
            47.618804931640625
        ],
        [
            -18.87540054321289
        ],
        [
            51.19851303100586
        ]
    ]
}