{
    "extrinsic_matrix": [
        [
            0.03318291902542114,
            -0.994035005569458,
            0.021243926137685776,
            22.844310760498047
        ],
        [
            -0.18197739124298096,
            -0.02595401555299759,
            -0.981884241104126,
            -1.7346539497375488
        ],
        [
            0.9777482151985168,
            0.0291978120803833,
            -0.18611830472946167,
            8.787168502807617
        ],
        [
            0.0,
            0.0,
            0.0,
            1.0
        ]
    ],
    "rotation_matrix": [
        [
            0.03318291902542114,
            -0.994035005569458,
            0.021243926137685776
        ],
        [
            -0.18197739124298096,
            -0.02595401555299759,
            -0.981884241104126
        ],
        [
            0.9777482151985168,
            0.0291978120803833,
            -0.18611830472946167
        ]
    ],
    "rotation_euler_deg": [
        [
            2.98598313331604
        ],
        [
            -1.3838183879852295
        ],
        [
            -1.390431523323059
        ]
    ],
    "translation_vector": [
        [
            22.844310760498047
        ],
        [
            -1.7346539497375488
        ],
        [
            8.787168502807617
        ]
    ]
}