{
    "extrinsic_matrix": [
        [
            0.7912721633911133,
            -0.4591391384601593,
            -0.40222713351249695,
            29.221891403198242
        ],
        [
            0.1819099485874176,
            -0.45201465487480164,
            0.8729277849197388,
            -11.792609214782715
        ],
        [
            -0.5825461149215698,
            -0.7646194696426392,
            -0.2738345265388489,
            26.6162166595459
        ],
        [
            0.0,
            0.0,
            0.0,
            1.0
        ]
    ],
    "rotation_matrix": [
        [
            0.7912721633911133,
            -0.4591391384601593,
            -0.40222713351249695
        ],
        [
            0.1819099485874176,
            -0.45201465487480164,
            0.8729277849197388
        ],
        [
            -0.5825461149215698,
            -0.7646194696426392,
            -0.2738345265388489
        ]
    ],
    "rotation_euler_deg": [
        [
            -1.9146970510482788
        ],
        [
            0.6223734021186829
        ],
        [
            0.22596918046474457
        ]
    ],
    "translation_vector": [
        [
            29.221891403198242
        ],
        [
            -11.792609214782715
        ],
        [
            26.6162166595459
        ]
    ]
}