{
    "extrinsic_matrix": [
        [
            -0.4020406901836395,
            -0.3184869587421417,
            -0.8584458827972412,
            23.179363250732422
        ],
        [
            0.32296451926231384,
            0.8279677629470825,
            -0.4584351181983948,
            -4.331883430480957
        ],
        [
            0.8567714691162109,
            -0.46155720949172974,
            -0.23001660406589508,
            17.922142028808594
        ],
        [
            0.0,
            0.0,
            0.0,
            1.0
        ]
    ],
    "rotation_matrix": [
        [
            -0.4020406901836395,
            -0.3184869587421417,
            -0.8584458827972412
        ],
        [
            0.32296451926231384,
            0.8279677629470825,
            -0.4584351181983948
        ],
        [
            0.8567714691162109,
            -0.46155720949172974,
            -0.23001660406589508
        ]
    ],
    "rotation_euler_deg": [
        [
            -2.0331223011016846
        ],
        [
            -1.0289760828018188
        ],
        [
            2.4648349285125732
        ]
    ],
    "translation_vector": [
        [
            23.179363250732422
        ],
        [
            -4.331883430480957
        ],
        [
            17.922142028808594
        ]
    ]
}