{
    "extrinsic_matrix": [
        [
            -0.882016122341156,
            -0.15523084998130798,
            -0.4449167251586914,
            5.625196933746338
        ],
        [
            -0.01952521502971649,
            -0.9313317537307739,
            0.363647997379303,
            -0.04122527688741684
        ],
        [
            -0.47081446647644043,
            0.32943055033683777,
            0.8184188008308411,
            3.8124260902404785
        ],
        [
            0.0,
            0.0,
            0.0,
            1.0
        ]
    ],
    "rotation_matrix": [
        [
            -0.882016122341156,
            -0.15523084998130798,
            -0.4449167251586914
        ],
        [
            -0.01952521502971649,
            -0.9313317537307739,
            0.363647997379303
        ],
        [
            -0.47081446647644043,
            0.32943055033683777,
            0.8184188008308411
        ]
    ],
    "rotation_euler_deg": [
        [
            0.3826775550842285
        ],
        [
            0.4902137517929077
        ],
        [
            -3.1194591522216797
        ]
    ],
    "translation_vector": [
        [
            5.625196933746338
        ],
        [
            -0.04122527688741684
        ],
        [
            3.8124260902404785
        ]
    ]
}