{
    "extrinsic_matrix": [
        [
            -0.6957277059555054,
            0.27245357632637024,
            -0.061665430665016174,
            43.7714729309082
        ],
        [
            0.2921198606491089,
            0.14089718461036682,
            -0.8208028078079224,
            -19.527271270751953
        ],
        [
            -0.10693815350532532,
            -0.7052947878837585,
            -0.419694185256958,
            57.82020950317383
        ],
        [
            0.0,
            0.0,
            0.0,
            1.0
        ]
    ],
    "rotation_matrix": [
        [
            -0.6957277059555054,
            0.27245357632637024,
            -0.061665430665016174
        ],
        [
            0.2921198606491089,
            0.14089718461036682,
            -0.8208028078079224
        ],
        [
            -0.10693815350532532,
            -0.7052947878837585,
            -0.419694185256958
        ]
    ],
    "rotation_euler_deg": [
        [
            -2.107577085494995
        ],
        [
            0.14078371226787567
        ],
        [
            2.7440695762634277
        ]
    ],
    "translation_vector": [
        [
            43.7714729309082
        ],
        [
            -19.527271270751953
        ],
        [
            57.82020950317383
        ]
    ]
}