{
    "extrinsic_matrix": [
        [
            0.9428802132606506,
            -0.038985755294561386,
            -0.3308429419994354,
            23.58542251586914
        ],
        [
            0.3250108063220978,
            -0.1102973222732544,
            0.9392561316490173,
            -2.858934164047241
        ],
        [
            -0.073108971118927,
            -0.9931338429450989,
            -0.09132630378007889,
            10.924973487854004
        ],
        [
            0.0,
            0.0,
            0.0,
            1.0
        ]
    ],
    "rotation_matrix": [
        [
            0.9428802132606506,
            -0.038985755294561386,
            -0.3308429419994354
        ],
        [
            0.3250108063220978,
            -0.1102973222732544,
            0.9392561316490173
        ],
        [
            -0.073108971118927,
            -0.9931338429450989,
            -0.09132630378007889
        ]
    ],
    "rotation_euler_deg": [
        [
            -1.6624960899353027
        ],
        [
            0.07317425310611725
        ],
        [
            0.33194541931152344
        ]
    ],
    "translation_vector": [
        [
            23.58542251586914
        ],
        [
            -2.858934164047241
        ],
        [
            10.924973487854004
        ]
    ]
}