{
    "extrinsic_matrix": [
        [
            0.9721030592918396,
            0.04303771257400513,
            -0.23057200014591217,
            12.34695053100586
        ],
        [
            -0.03216654434800148,
            0.998195469379425,
            0.05070411041378975,
            -0.9829968214035034
        ],
        [
            0.23233811557292938,
            -0.041872892528772354,
            0.9717333912849426,
            1.277346134185791
        ],
        [
            0.0,
            0.0,
            0.0,
            1.0
        ]
    ],
    "rotation_matrix": [
        [
            0.9721030592918396,
            0.04303771257400513,
            -0.23057200014591217
        ],
        [
            -0.03216654434800148,
            0.998195469379425,
            0.05070411041378975
        ],
        [
            0.23233811557292938,
            -0.041872892528772354,
            0.9717333912849426
        ]
    ],
    "rotation_euler_deg": [
        [
            -0.043064285069704056
        ],
        [
            -0.23448088765144348
        ],
        [
            -0.03307757526636124
        ]
    ],
    "translation_vector": [
        [
            12.34695053100586
        ],
        [
            -0.9829968214035034
        ],
        [
            1.277346134185791
        ]
    ]
}