{
    "extrinsic_matrix": [
        [
            0.7224320769309998,
            -0.49314796924591064,
            -0.46814703941345215,
            29.088523864746094
        ],
        [
            0.2464585155248642,
            -0.4558280408382416,
            0.8510701060295105,
            -11.578459739685059
        ],
        [
            -0.6323424577713013,
            -0.7390686869621277,
            -0.20398811995983124,
            26.346521377563477
        ],
        [
            0.0,
            0.0,
            0.0,
            1.0
        ]
    ],
    "rotation_matrix": [
        [
            0.7224320769309998,
            -0.49314796924591064,
            -0.46814703941345215
        ],
        [
            0.2464585155248642,
            -0.4558280408382416,
            0.8510701060295105
        ],
        [
            -0.6323424577713013,
            -0.7390686869621277,
            -0.20398811995983124
        ]
    ],
    "rotation_euler_deg": [
        [
            -1.84009850025177
        ],
        [
            0.691829264163971
        ],
        [
            0.3287699818611145
        ]
    ],
    "translation_vector": [
        [
            29.088523864746094
        ],
        [
            -11.578459739685059
        ],
        [
            26.346521377563477
        ]
    ]
}