{
    "extrinsic_matrix": [
        [
            0.6747735738754272,
            -0.5166925191879272,
            -0.513783872127533,
            28.996191024780273
        ],
        [
            0.2911459803581238,
            -0.4584680497646332,
            0.8359378576278687,
            -11.430201530456543
        ],
        [
            -0.6668168306350708,
            -0.7213797569274902,
            -0.15563291311264038,
            26.159809112548828
        ],
        [
            0.0,
            0.0,
            0.0,
            1.0
        ]
    ],
    "rotation_matrix": [
        [
            0.6747735738754272,
            -0.5166925191879272,
            -0.513783872127533
        ],
        [
            0.2911459803581238,
            -0.4584680497646332,
            0.8359378576278687
        ],
        [
            -0.6668168306350708,
            -0.7213797569274902,
            -0.15563291311264038
        ]
    ],
    "rotation_euler_deg": [
        [
            -1.7832828760147095
        ],
        [
            0.7368616461753845
        ],
        [
            0.40733978152275085
        ]
    ],
    "translation_vector": [
        [
            28.996191024780273
        ],
        [
            -11.430201530456543
        ],
        [
            26.159809112548828
        ]
    ]
}