{
    "extrinsic_matrix": [
        [
            0.9379941821098328,
            -0.027176624163985252,
            -0.3452518880367279,
            23.569990158081055
        ],
        [
            0.33943673968315125,
            -0.1269606649875641,
            0.9318609833717346,
            -2.781013250350952
        ],
        [
            -0.06934604793787003,
            -0.9913978576660156,
            -0.1099311038851738,
            11.253246307373047
        ],
        [
            0.0,
            0.0,
            0.0,
            1.0
        ]
    ],
    "rotation_matrix": [
        [
            0.9379941821098328,
            -0.027176624163985252,
            -0.3452518880367279
        ],
        [
            0.33943673968315125,
            -0.1269606649875641,
            0.9318609833717346
        ],
        [
            -0.06934604793787003,
            -0.9913978576660156,
            -0.1099311038851738
        ]
    ],
    "rotation_euler_deg": [
        [
            -1.6812301874160767
        ],
        [
            0.06940663605928421
        ],
        [
            0.34721454977989197
        ]
    ],
    "translation_vector": [
        [
            23.569990158081055
        ],
        [
            -2.781013250350952
        ],
        [
            11.253246307373047
        ]
    ]
}