{
    "extrinsic_matrix": [
        [
            -0.03690071403980255,
            -0.015720685943961143,
            0.9991951584815979,
            28.22759246826172
        ],
        [
            0.5236033797264099,
            -0.8519411683082581,
            0.0059328824281692505,
            -9.234318733215332
        ],
        [
            0.8511622548103333,
            0.5234012007713318,
            0.039668381214141846,
            19.922971725463867
        ],
        [
            0.0,
            0.0,
            0.0,
            1.0
        ]
    ],
    "rotation_matrix": [
        [
            -0.03690071403980255,
            -0.015720685943961143,
            0.9991951584815979
        ],
        [
            0.5236033797264099,
            -0.8519411683082581,
            0.0059328824281692505
        ],
        [
            0.8511622548103333,
            0.5234012007713318,
            0.039668381214141846
        ]
    ],
    "rotation_euler_deg": [
        [
            1.4951512813568115
        ],
        [
            -1.0181961059570312
        ],
        [
            1.6411545276641846
        ]
    ],
    "translation_vector": [
        [
            28.22759246826172
        ],
        [
            -9.234318733215332
        ],
        [
            19.922971725463867
        ]
    ]
}