{
    "extrinsic_matrix": [
        [
            0.12099692225456238,
            -0.7157118916511536,
            -0.6878340840339661,
            44.24156188964844
        ],
        [
            -0.2612645626068115,
            -0.6914548873901367,
            0.6735209822654724,
            -11.039620399475098
        ],
        [
            -0.9576534628868103,
            0.09821312129497528,
            -0.2706542909145355,
            25.63661766052246
        ],
        [
            0.0,
            0.0,
            0.0,
            1.0
        ]
    ],
    "rotation_matrix": [
        [
            0.12099692225456238,
            -0.7157118916511536,
            -0.6878340840339661
        ],
        [
            -0.2612645626068115,
            -0.6914548873901367,
            0.6735209822654724
        ],
        [
            -0.9576534628868103,
            0.09821312129497528,
            -0.2706542909145355
        ]
    ],
    "rotation_euler_deg": [
        [
            2.7934961318969727
        ],
        [
            1.278739333152771
        ],
        [
            -1.1370853185653687
        ]
    ],
    "translation_vector": [
        [
            44.24156188964844
        ],
        [
            -11.039620399475098
        ],
        [
            25.63661766052246
        ]
    ]
}