{
    "extrinsic_matrix": [
        [
            0.29055166244506836,
            0.10338763892650604,
            -0.9512572288513184,
            29.515554428100586
        ],
        [
            0.14382243156433105,
            -0.9875699877738953,
            -0.06340508908033371,
            -9.987058639526367
        ],
        [
            -0.9459887146949768,
            -0.11838948726654053,
            -0.30180931091308594,
            21.7227725982666
        ],
        [
            0.0,
            0.0,
            0.0,
            1.0
        ]
    ],
    "rotation_matrix": [
        [
            0.29055166244506836,
            0.10338763892650604,
            -0.9512572288513184
        ],
        [
            0.14382243156433105,
            -0.9875699877738953,
            -0.06340508908033371
        ],
        [
            -0.9459887146949768,
            -0.11838948726654053,
            -0.30180931091308594
        ]
    ],
    "rotation_euler_deg": [
        [
            -2.7677714824676514
        ],
        [
            1.240631103515625
        ],
        [
            0.459637850522995
        ]
    ],
    "translation_vector": [
        [
            29.515554428100586
        ],
        [
            -9.987058639526367
        ],
        [
            21.7227725982666
        ]
    ]
}