{
    "extrinsic_matrix": [
        [
            0.9258003234863281,
            0.11728420108556747,
            0.35935676097869873,
            43.993797302246094
        ],
        [
            0.1185685470700264,
            0.812575101852417,
            -0.5706688165664673,
            -17.2093563079834
        ],
        [
            -0.35893508791923523,
            0.5709337592124939,
            0.7383763790130615,
            39.551605224609375
        ],
        [
            0.0,
            0.0,
            0.0,
            1.0
        ]
    ],
    "rotation_matrix": [
        [
            0.9258003234863281,
            0.11728420108556747,
            0.35935676097869873
        ],
        [
            0.1185685470700264,
            0.812575101852417,
            -0.5706688165664673
        ],
        [
            -0.35893508791923523,
            0.5709337592124939,
            0.7383763790130615
        ]
    ],
    "rotation_euler_deg": [
        [
            0.6582024693489075
        ],
        [
            0.36712685227394104
        ],
        [
            0.12737798690795898
        ]
    ],
    "translation_vector": [
        [
            43.993797302246094
        ],
        [
            -17.2093563079834
        ],
        [
            39.551605224609375
        ]
    ]
}