{
    "extrinsic_matrix": [
        [
            0.057026803493499756,
            -0.9965994358062744,
            0.027346905320882797,
            22.84153938293457
        ],
        [
            -0.18024307489395142,
            -0.03698023408651352,
            -0.9826364517211914,
            -1.7067151069641113
        ],
        [
            0.9806220531463623,
            0.05123770236968994,
            -0.182916522026062,
            8.355566024780273
        ],
        [
            0.0,
            0.0,
            0.0,
            1.0
        ]
    ],
    "rotation_matrix": [
        [
            0.057026803493499756,
            -0.9965994358062744,
            0.027346905320882797
        ],
        [
            -0.18024307489395142,
            -0.03698023408651352,
            -0.9826364517211914
        ],
        [
            0.9806220531463623,
            0.05123770236968994,
            -0.182916522026062
        ]
    ],
    "rotation_euler_deg": [
        [
            2.8684771060943604
        ],
        [
            -1.380347728729248
        ],
        [
            -1.2643730640411377
        ]
    ],
    "translation_vector": [
        [
            22.84153938293457
        ],
        [
            -1.7067151069641113
        ],
        [
            8.355566024780273
        ]
    ]
}