{
    "extrinsic_matrix": [
        [
            -0.6494847536087036,
            0.26703453063964844,
            0.7119421362876892,
            45.617435455322266
        ],
        [
            -0.06185132637619972,
            -0.9517562389373779,
            0.3005574345588684,
            -19.96771812438965
        ],
        [
            0.7578549385070801,
            0.15117312967777252,
            0.6346669793128967,
            64.89598846435547
        ],
        [
            0.0,
            0.0,
            0.0,
            1.0
        ]
    ],
    "rotation_matrix": [
        [
            -0.6494847536087036,
            0.26703453063964844,
            0.7119421362876892
        ],
        [
            -0.06185132637619972,
            -0.9517562389373779,
            0.3005574345588684
        ],
        [
            0.7578549385070801,
            0.15117312967777252,
            0.6346669793128967
        ]
    ],
    "rotation_euler_deg": [
        [
            0.23383554816246033
        ],
        [
            -0.8600189089775085
        ],
        [
            -3.046647548675537
        ]
    ],
    "translation_vector": [
        [
            45.617435455322266
        ],
        [
            -19.96771812438965
        ],
        [
            64.89598846435547
        ]
    ]
}