{
    "extrinsic_matrix": [
        [
            0.910865843296051,
            0.272236704826355,
            0.31017833948135376,
            23.86827850341797
        ],
        [
            0.3580218553543091,
            -0.8950933218002319,
            -0.2657589912414551,
            -4.279536247253418
        ],
        [
            0.20528900623321533,
            0.35312145948410034,
            -0.9127768874168396,
            18.191267013549805
        ],
        [
            0.0,
            0.0,
            0.0,
            1.0
        ]
    ],
    "rotation_matrix": [
        [
            0.910865843296051,
            0.272236704826355,
            0.31017833948135376
        ],
        [
            0.3580218553543091,
            -0.8950933218002319,
            -0.2657589912414551
        ],
        [
            0.20528900623321533,
            0.35312145948410034,
            -0.9127768874168396
        ]
    ],
    "rotation_euler_deg": [
        [
            2.772460460662842
        ],
        [
            -0.2067590206861496
        ],
        [
            0.374506413936615
        ]
    ],
    "translation_vector": [
        [
            23.86827850341797
        ],
        [
            -4.279536247253418
        ],
        [
            18.191267013549805
        ]
    ]
}