{
    "extrinsic_matrix": [
        [
            0.9716812372207642,
            -0.18696846067905426,
            -0.14449065923690796,
            48.976234436035156
        ],
        [
            0.14576560258865356,
            0.9555635452270508,
            -0.25622397661209106,
            -19.22989273071289
        ],
        [
            0.18597538769245148,
            0.22790595889091492,
            0.9557575583457947,
            55.98252868652344
        ],
        [
            0.0,
            0.0,
            0.0,
            1.0
        ]
    ],
    "rotation_matrix": [
        [
            0.9716812372207642,
            -0.18696846067905426,
            -0.14449065923690796
        ],
        [
            0.14576560258865356,
            0.9555635452270508,
            -0.25622397661209106
        ],
        [
            0.18597538769245148,
            0.22790595889091492,
            0.9557575583457947
        ]
    ],
    "rotation_euler_deg": [
        [
            0.23408439755439758
        ],
        [
            -0.18706457316875458
        ],
        [
            0.14890344440937042
        ]
    ],
    "translation_vector": [
        [
            48.976234436035156
        ],
        [
            -19.22989273071289
        ],
        [
            55.98252868652344
        ]
    ]
}