{
    "extrinsic_matrix": [
        [
            0.9832258224487305,
            -0.18191300332546234,
            0.013183126226067543,
            45.21471405029297
        ],
        [
            -0.17541095614433289,
            -0.9233210682868958,
            0.34162697196006775,
            -17.188915252685547
        ],
        [
            -0.04997386783361435,
            -0.3382088541984558,
            -0.9397430419921875,
            41.249961853027344
        ],
        [
            0.0,
            0.0,
            0.0,
            1.0
        ]
    ],
    "rotation_matrix": [
        [
            0.9832258224487305,
            -0.18191300332546234,
            0.013183126226067543
        ],
        [
            -0.17541095614433289,
            -0.9233210682868958,
            0.34162697196006775
        ],
        [
            -0.04997386783361435,
            -0.3382088541984558,
            -0.9397430419921875
        ]
    ],
    "rotation_euler_deg": [
        [
            -2.7961299419403076
        ],
        [
            0.049994707107543945
        ],
        [
            -0.1765461415052414
        ]
    ],
    "translation_vector": [
        [
            45.21471405029297
        ],
        [
            -17.188915252685547
        ],
        [
            41.249961853027344
        ]
    ]
}