{
    "extrinsic_matrix": [
        [
            -0.6630725264549255,
            0.2727507948875427,
            0.6970949769020081,
            46.11027526855469
        ],
        [
            -0.0809275209903717,
            -0.9519165754318237,
            0.29547542333602905,
            -19.3564453125
        ],
        [
            0.7441679239273071,
            0.13950763642787933,
            0.6532621383666992,
            65.50736236572266
        ],
        [
            0.0,
            0.0,
            0.0,
            1.0
        ]
    ],
    "rotation_matrix": [
        [
            -0.6630725264549255,
            0.2727507948875427,
            0.6970949769020081
        ],
        [
            -0.0809275209903717,
            -0.9519165754318237,
            0.29547542333602905
        ],
        [
            0.7441679239273071,
            0.13950763642787933,
            0.6532621383666992
        ]
    ],
    "rotation_euler_deg": [
        [
            0.210394948720932
        ],
        [
            -0.8392881751060486
        ],
        [
            -3.020143985748291
        ]
    ],
    "translation_vector": [
        [
            46.11027526855469
        ],
        [
            -19.3564453125
        ],
        [
            65.50736236572266
        ]
    ]
}