{
    "extrinsic_matrix": [
        [
            0.910862147808075,
            -0.4051108658313751,
            -0.07883065193891525,
            44.910709381103516
        ],
        [
            -0.31344953179359436,
            -0.8033081293106079,
            0.5064041614532471,
            -17.02821159362793
        ],
        [
            -0.2684752643108368,
            -0.4365549385547638,
            -0.858685314655304,
            40.6623420715332
        ],
        [
            0.0,
            0.0,
            0.0,
            1.0
        ]
    ],
    "rotation_matrix": [
        [
            0.910862147808075,
            -0.4051108658313751,
            -0.07883065193891525
        ],
        [
            -0.31344953179359436,
            -0.8033081293106079,
            0.5064041614532471
        ],
        [
            -0.2684752643108368,
            -0.4365549385547638,
            -0.858685314655304
        ]
    ],
    "rotation_euler_deg": [
        [
            -2.671248197555542
        ],
        [
            0.2718099057674408
        ],
        [
            -0.3314305245876312
        ]
    ],
    "translation_vector": [
        [
            44.910709381103516
        ],
        [
            -17.02821159362793
        ],
        [
            40.6623420715332
        ]
    ]
}