{
    "extrinsic_matrix": [
        [
            -0.8193121552467346,
            0.12826251983642578,
            0.20538455247879028,
            46.00080108642578
        ],
        [
            -0.08136194944381714,
            -0.9254077672958374,
            0.3641457259654999,
            -19.7510986328125
        ],
        [
            0.2412438988685608,
            0.3058760166168213,
            0.7607079744338989,
            65.056640625
        ],
        [
            0.0,
            0.0,
            0.0,
            1.0
        ]
    ],
    "rotation_matrix": [
        [
            -0.8193121552467346,
            0.12826251983642578,
            0.20538455247879028
        ],
        [
            -0.08136194944381714,
            -0.9254077672958374,
            0.3641457259654999
        ],
        [
            0.2412438988685608,
            0.3058760166168213,
            0.7607079744338989
        ]
    ],
    "rotation_euler_deg": [
        [
            0.3823101222515106
        ],
        [
            -0.2850276827812195
        ],
        [
            -3.042612075805664
        ]
    ],
    "translation_vector": [
        [
            46.00080108642578
        ],
        [
            -19.7510986328125
        ],
        [
            65.056640625
        ]
    ]
}