{
    "extrinsic_matrix": [
        [
            0.7453787922859192,
            -0.4818117022514343,
            -0.4461737275123596,
            29.132980346679688
        ],
        [
            0.22494232654571533,
            -0.4545569121837616,
            0.8583559989929199,
            -11.649843215942383
        ],
        [
            -0.6157436966896057,
            -0.747585654258728,
            -0.22727026045322418,
            26.436418533325195
        ],
        [
            0.0,
            0.0,
            0.0,
            1.0
        ]
    ],
    "rotation_matrix": [
        [
            0.7453787922859192,
            -0.4818117022514343,
            -0.4461737275123596
        ],
        [
            0.22494232654571533,
            -0.4545569121837616,
            0.8583559989929199
        ],
        [
            -0.6157436966896057,
            -0.747585654258728,
            -0.22727026045322418
        ]
    ],
    "rotation_euler_deg": [
        [
            -1.8659240007400513
        ],
        [
            0.6691389083862305
        ],
        [
            0.29309138655662537
        ]
    ],
    "translation_vector": [
        [
            29.132980346679688
        ],
        [
            -11.649843215942383
        ],
        [
            26.436418533325195
        ]
    ]
}