{
    "extrinsic_matrix": [
        [
            -0.3198849558830261,
            -0.9468351006507874,
            0.03430592641234398,
            21.299564361572266
        ],
        [
            0.14107967913150787,
            -0.08340556919574738,
            -0.9864784479141235,
            -1.4085609912872314
        ],
        [
            0.9368941783905029,
            -0.3107196092605591,
            0.1602594256401062,
            7.97367525100708
        ],
        [
            0.0,
            0.0,
            0.0,
            1.0
        ]
    ],
    "rotation_matrix": [
        [
            -0.3198849558830261,
            -0.9468351006507874,
            0.03430592641234398
        ],
        [
            0.14107967913150787,
            -0.08340556919574738,
            -0.9864784479141235
        ],
        [
            0.9368941783905029,
            -0.3107196092605591,
            0.1602594256401062
        ]
    ],
    "rotation_euler_deg": [
        [
            -1.0946135520935059
        ],
        [
            -1.2136374711990356
        ],
        [
            2.7262210845947266
        ]
    ],
    "translation_vector": [
        [
            21.299564361572266
        ],
        [
            -1.4085609912872314
        ],
        [
            7.97367525100708
        ]
    ]
}