{
    "extrinsic_matrix": [
        [
            -0.9446244239807129,
            0.034203022718429565,
            -0.15300005674362183,
            45.83111572265625
        ],
        [
            -0.10572399944067001,
            -0.9078712463378906,
            0.4040285348892212,
            -19.647300720214844
        ],
        [
            -0.12370848655700684,
            0.40528884530067444,
            0.8587746024131775,
            65.77301025390625
        ],
        [
            0.0,
            0.0,
            0.0,
            1.0
        ]
    ],
    "rotation_matrix": [
        [
            -0.9446244239807129,
            0.034203022718429565,
            -0.15300005674362183
        ],
        [
            -0.10572399944067001,
            -0.9078712463378906,
            0.4040285348892212
        ],
        [
            -0.12370848655700684,
            0.40528884530067444,
            0.8587746024131775
        ]
    ],
    "rotation_euler_deg": [
        [
            0.4409475028514862
        ],
        [
            0.1294204294681549
        ],
        [
            -3.030134677886963
        ]
    ],
    "translation_vector": [
        [
            45.83111572265625
        ],
        [
            -19.647300720214844
        ],
        [
            65.77301025390625
        ]
    ]
}