{
    "extrinsic_matrix": [
        [
            -0.7775413990020752,
            0.15961569547653198,
            0.3248460590839386,
            46.05736541748047
        ],
        [
            -0.07324126362800598,
            -0.9312532544136047,
            0.350851446390152,
            -19.78569793701172
        ],
        [
            0.3628946542739868,
            0.27273839712142944,
            0.728019118309021,
            64.81785583496094
        ],
        [
            0.0,
            0.0,
            0.0,
            1.0
        ]
    ],
    "rotation_matrix": [
        [
            -0.7775413990020752,
            0.15961569547653198,
            0.3248460590839386
        ],
        [
            -0.07324126362800598,
            -0.9312532544136047,
            0.350851446390152
        ],
        [
            0.3628946542739868,
            0.27273839712142944,
            0.728019118309021
        ]
    ],
    "rotation_euler_deg": [
        [
            0.35844695568084717
        ],
        [
            -0.43498119711875916
        ],
        [
            -3.0476737022399902
        ]
    ],
    "translation_vector": [
        [
            46.05736541748047
        ],
        [
            -19.78569793701172
        ],
        [
            64.81785583496094
        ]
    ]
}