{
    "extrinsic_matrix": [
        [
            -0.4198979437351227,
            0.0018064179457724094,
            0.9075694680213928,
            24.444368362426758
        ],
        [
            -0.43354496359825134,
            0.878122866153717,
            -0.2023327499628067,
            -9.05817699432373
        ],
        [
            -0.7973229289054871,
            -0.4784315526485443,
            -0.3679391145706177,
            19.388479232788086
        ],
        [
            0.0,
            0.0,
            0.0,
            1.0
        ]
    ],
    "rotation_matrix": [
        [
            -0.4198979437351227,
            0.0018064179457724094,
            0.9075694680213928
        ],
        [
            -0.43354496359825134,
            0.878122866153717,
            -0.2023327499628067
        ],
        [
            -0.7973229289054871,
            -0.4784315526485443,
            -0.3679391145706177
        ]
    ],
    "rotation_euler_deg": [
        [
            -2.2263801097869873
        ],
        [
            0.9228470325469971
        ],
        [
            -2.340205192565918
        ]
    ],
    "translation_vector": [
        [
            24.444368362426758
        ],
        [
            -9.05817699432373
        ],
        [
            19.388479232788086
        ]
    ]
}