{
    "extrinsic_matrix": [
        [
            -0.8301625847816467,
            -0.5525900721549988,
            -0.07398375868797302,
            42.80220031738281
        ],
        [
            -0.45085325837135315,
            0.7434578537940979,
            -0.4939647614955902,
            -14.845386505126953
        ],
        [
            0.3279642164707184,
            -0.37671545147895813,
            -0.8663280606269836,
            36.29051208496094
        ],
        [
            0.0,
            0.0,
            0.0,
            1.0
        ]
    ],
    "rotation_matrix": [
        [
            -0.8301625847816467,
            -0.5525900721549988,
            -0.07398375868797302
        ],
        [
            -0.45085325837135315,
            0.7434578537940979,
            -0.4939647614955902
        ],
        [
            0.3279642164707184,
            -0.37671545147895813,
            -0.8663280606269836
        ]
    ],
    "rotation_euler_deg": [
        [
            -2.7314157485961914
        ],
        [
            -0.33414793014526367
        ],
        [
            -2.6440699100494385
        ]
    ],
    "translation_vector": [
        [
            42.80220031738281
        ],
        [
            -14.845386505126953
        ],
        [
            36.29051208496094
        ]
    ]
}