{
    "extrinsic_matrix": [
        [
            -0.7668251991271973,
            0.4319779872894287,
            0.4747356176376343,
            29.577985763549805
        ],
        [
            0.5165790319442749,
            -0.02362779900431633,
            0.8559132218360901,
            -10.069175720214844
        ],
        [
            0.38095274567604065,
            0.9015742540359497,
            -0.20503272116184235,
            25.158254623413086
        ],
        [
            0.0,
            0.0,
            0.0,
            1.0
        ]
    ],
    "rotation_matrix": [
        [
            -0.7668251991271973,
            0.4319779872894287,
            0.4747356176376343
        ],
        [
            0.5165790319442749,
            -0.02362779900431633,
            0.8559132218360901
        ],
        [
            0.38095274567604065,
            0.9015742540359497,
            -0.20503272116184235
        ]
    ],
    "rotation_euler_deg": [
        [
            1.7944095134735107
        ],
        [
            -0.39082658290863037
        ],
        [
            2.54876446723938
        ]
    ],
    "translation_vector": [
        [
            29.577985763549805
        ],
        [
            -10.069175720214844
        ],
        [
            25.158254623413086
        ]
    ]
}