{
    "extrinsic_matrix": [
        [
            0.9423877000808716,
            0.3332473337650299,
            -0.029168156906962395,
            45.86174011230469
        ],
        [
            -0.32958269119262695,
            0.9100083708763123,
            -0.25151535868644714,
            -19.920270919799805
        ],
        [
            -0.0572737492620945,
            0.24663777649402618,
            0.9674139022827148,
            52.047706604003906
        ],
        [
            0.0,
            0.0,
            0.0,
            1.0
        ]
    ],
    "rotation_matrix": [
        [
            0.9423877000808716,
            0.3332473337650299,
            -0.029168156906962395
        ],
        [
            -0.32958269119262695,
            0.9100083708763123,
            -0.25151535868644714
        ],
        [
            -0.0572737492620945,
            0.24663777649402618,
            0.9674139022827148
        ]
    ],
    "rotation_euler_deg": [
        [
            0.24962776899337769
        ],
        [
            0.057305119931697845
        ],
        [
            -0.33643561601638794
        ]
    ],
    "translation_vector": [
        [
            45.86174011230469
        ],
        [
            -19.920270919799805
        ],
        [
            52.047706604003906
        ]
    ]
}