{
    "extrinsic_matrix": [
        [
            -0.20178793370723724,
            -0.9747354984283447,
            0.09576980769634247,
            30.251605987548828
        ],
        [
            0.14183317124843597,
            -0.12583181262016296,
            -0.9818600416183472,
            -9.924956321716309
        ],
        [
            0.9691050052642822,
            -0.1845439076423645,
            0.16364143788814545,
            23.13075065612793
        ],
        [
            0.0,
            0.0,
            0.0,
            1.0
        ]
    ],
    "rotation_matrix": [
        [
            -0.20178793370723724,
            -0.9747354984283447,
            0.09576980769634247
        ],
        [
            0.14183317124843597,
            -0.12583181262016296,
            -0.9818600416183472
        ],
        [
            0.9691050052642822,
            -0.1845439076423645,
            0.16364143788814545
        ]
    ],
    "rotation_euler_deg": [
        [
            -0.8453587889671326
        ],
        [
            -1.3215768337249756
        ],
        [
            2.528934955596924
        ]
    ],
    "translation_vector": [
        [
            30.251605987548828
        ],
        [
            -9.924956321716309
        ],
        [
            23.13075065612793
        ]
    ]
}