{
    "extrinsic_matrix": [
        [
            -0.9876543879508972,
            -0.025479314848780632,
            -0.1545601189136505,
            48.96183395385742
        ],
        [
            -0.12371283024549484,
            -0.4783700704574585,
            0.8694005012512207,
            -18.630428314208984
        ],
        [
            -0.09608820080757141,
            0.8777890801429749,
            0.4693121016025543,
            57.768882751464844
        ],
        [
            0.0,
            0.0,
            0.0,
            1.0
        ]
    ],
    "rotation_matrix": [
        [
            -0.9876543879508972,
            -0.025479314848780632,
            -0.1545601189136505
        ],
        [
            -0.12371283024549484,
            -0.4783700704574585,
            0.8694005012512207
        ],
        [
            -0.09608820080757141,
            0.8777890801429749,
            0.4693121016025543
        ]
    ],
    "rotation_euler_deg": [
        [
            1.0798125267028809
        ],
        [
            0.09623672813177109
        ],
        [
            -3.016982316970825
        ]
    ],
    "translation_vector": [
        [
            48.96183395385742
        ],
        [
            -18.630428314208984
        ],
        [
            57.768882751464844
        ]
    ]
}