{
    "extrinsic_matrix": [
        [
            -0.6722973585128784,
            -0.10390165448188782,
            0.7329525351524353,
            46.111549377441406
        ],
        [
            0.517827570438385,
            0.6415528655052185,
            0.5659191012382507,
            -18.982559204101562
        ],
        [
            -0.5290281176567078,
            0.760009229183197,
            -0.3775118589401245,
            45.80554962158203
        ],
        [
            0.0,
            0.0,
            0.0,
            1.0
        ]
    ],
    "rotation_matrix": [
        [
            -0.6722973585128784,
            -0.10390165448188782,
            0.7329525351524353
        ],
        [
            0.517827570438385,
            0.6415528655052185,
            0.5659191012382507
        ],
        [
            -0.5290281176567078,
            0.760009229183197,
            -0.3775118589401245
        ]
    ],
    "rotation_euler_deg": [
        [
            2.0318164825439453
        ],
        [
            0.5574549436569214
        ],
        [
            2.4852657318115234
        ]
    ],
    "translation_vector": [
        [
            46.111549377441406
        ],
        [
            -18.982559204101562
        ],
        [
            45.80554962158203
        ]
    ]
}