{
    "extrinsic_matrix": [
        [
            -0.6896204352378845,
            0.28070303797721863,
            0.6674724221229553,
            45.80573272705078
        ],
        [
            -0.10885106772184372,
            -0.9515199065208435,
            0.28757742047309875,
            -19.058578491210938
        ],
        [
            0.7158326506614685,
            0.1256866753101349,
            0.6867480278015137,
            64.01612854003906
        ],
        [
            0.0,
            0.0,
            0.0,
            1.0
        ]
    ],
    "rotation_matrix": [
        [
            -0.6896204352378845,
            0.28070303797721863,
            0.6674724221229553
        ],
        [
            -0.10885106772184372,
            -0.9515199065208435,
            0.28757742047309875
        ],
        [
            0.7158326506614685,
            0.1256866753101349,
            0.6867480278015137
        ]
    ],
    "rotation_euler_deg": [
        [
            0.18101386725902557
        ],
        [
            -0.7978971600532532
        ],
        [
            -2.9850423336029053
        ]
    ],
    "translation_vector": [
        [
            45.80573272705078
        ],
        [
            -19.058578491210938
        ],
        [
            64.01612854003906
        ]
    ]
}