{
    "extrinsic_matrix": [
        [
            -0.3098468780517578,
            -0.9497664570808411,
            0.044031403958797455,
            22.840843200683594
        ],
        [
            0.10608597844839096,
            -0.08055606484413147,
            -0.9910884499549866,
            -1.6462833881378174
        ],
        [
            0.9448498487472534,
            -0.3024144172668457,
            0.12571698427200317,
            8.283799171447754
        ],
        [
            0.0,
            0.0,
            0.0,
            1.0
        ]
    ],
    "rotation_matrix": [
        [
            -0.3098468780517578,
            -0.9497664570808411,
            0.044031403958797455
        ],
        [
            0.10608597844839096,
            -0.08055606484413147,
            -0.9910884499549866
        ],
        [
            0.9448498487472534,
            -0.3024144172668457,
            0.12571698427200317
        ]
    ],
    "rotation_euler_deg": [
        [
            -1.1768198013305664
        ],
        [
            -1.2371350526809692
        ],
        [
            2.811720609664917
        ]
    ],
    "translation_vector": [
        [
            22.840843200683594
        ],
        [
            -1.6462833881378174
        ],
        [
            8.283799171447754
        ]
    ]
}