{
    "extrinsic_matrix": [
        [
            0.08641264587640762,
            0.03598238155245781,
            0.9956092238426208,
            28.390695571899414
        ],
        [
            -0.5229582786560059,
            0.8522330522537231,
            0.014588750898838043,
            -10.155315399169922
        ],
        [
            -0.8479662537574768,
            -0.5219230651855469,
            0.0924607440829277,
            20.641271591186523
        ],
        [
            0.0,
            0.0,
            0.0,
            1.0
        ]
    ],
    "rotation_matrix": [
        [
            0.08641264587640762,
            0.03598238155245781,
            0.9956092238426208
        ],
        [
            -0.5229582786560059,
            0.8522330522537231,
            0.014588750898838043
        ],
        [
            -0.8479662537574768,
            -0.5219230651855469,
            0.0924607440829277
        ]
    ],
    "rotation_euler_deg": [
        [
            -1.3954614400863647
        ],
        [
            1.0121371746063232
        ],
        [
            -1.4070378541946411
        ]
    ],
    "translation_vector": [
        [
            28.390695571899414
        ],
        [
            -10.155315399169922
        ],
        [
            20.641271591186523
        ]
    ]
}