{
    "extrinsic_matrix": [
        [
            -0.9724715948104858,
            0.013300924561917782,
            -0.23264098167419434,
            45.79340744018555
        ],
        [
            -0.11113779246807098,
            -0.9039742350578308,
            0.4128913879394531,
            -19.624235153198242
        ],
        [
            -0.20480898022651672,
            0.42738059163093567,
            0.880567193031311,
            65.93220520019531
        ],
        [
            0.0,
            0.0,
            0.0,
            1.0
        ]
    ],
    "rotation_matrix": [
        [
            -0.9724715948104858,
            0.013300924561917782,
            -0.23264098167419434
        ],
        [
            -0.11113779246807098,
            -0.9039742350578308,
            0.4128913879394531
        ],
        [
            -0.20480898022651672,
            0.42738059163093567,
            0.880567193031311
        ]
    ],
    "rotation_euler_deg": [
        [
            0.4518565833568573
        ],
        [
            0.20626860857009888
        ],
        [
            -3.0278024673461914
        ]
    ],
    "translation_vector": [
        [
            45.79340744018555
        ],
        [
            -19.624235153198242
        ],
        [
            65.93220520019531
        ]
    ]
}