{
    "extrinsic_matrix": [
        [
            0.20052671432495117,
            -0.4860861897468567,
            -0.5994322299957275,
            30.285903930664062
        ],
        [
            0.037068888545036316,
            0.6365893483161926,
            -0.5051119923591614,
            -9.827829360961914
        ],
        [
            0.9415250420570374,
            0.03137986361980438,
            0.2941945493221283,
            23.36248207092285
        ],
        [
            0.0,
            0.0,
            0.0,
            1.0
        ]
    ],
    "rotation_matrix": [
        [
            0.20052671432495117,
            -0.4860861897468567,
            -0.5994322299957275
        ],
        [
            0.037068888545036316,
            0.6365893483161926,
            -0.5051119923591614
        ],
        [
            0.9415250420570374,
            0.03137986361980438,
            0.2941945493221283
        ]
    ],
    "rotation_euler_deg": [
        [
            0.10626187920570374
        ],
        [
            -1.3575016260147095
        ],
        [
            0.18279407918453217
        ]
    ],
    "translation_vector": [
        [
            30.285903930664062
        ],
        [
            -9.827829360961914
        ],
        [
            23.36248207092285
        ]
    ]
}