{
    "extrinsic_matrix": [
        [
            0.7824465036392212,
            -0.4634992480278015,
            -0.4106784164905548,
            29.20479393005371
        ],
        [
            0.19018539786338806,
            -0.4525035321712494,
            0.8701255321502686,
            -11.765154838562012
        ],
        [
            -0.5889302492141724,
            -0.7613437175750732,
            -0.26487988233566284,
            26.581640243530273
        ],
        [
            0.0,
            0.0,
            0.0,
            1.0
        ]
    ],
    "rotation_matrix": [
        [
            0.7824465036392212,
            -0.4634992480278015,
            -0.4106784164905548
        ],
        [
            0.19018539786338806,
            -0.4525035321712494,
            0.8701255321502686
        ],
        [
            -0.5889302492141724,
            -0.7613437175750732,
            -0.26487988233566284
        ]
    ],
    "rotation_euler_deg": [
        [
            -1.905608892440796
        ],
        [
            0.6314792037010193
        ],
        [
            0.2384410798549652
        ]
    ],
    "translation_vector": [
        [
            29.20479393005371
        ],
        [
            -11.765154838562012
        ],
        [
            26.581640243530273
        ]
    ]
}