{
    "extrinsic_matrix": [
        [
            -0.40959033370018005,
            -0.39665135741233826,
            0.3614215552806854,
            46.78340148925781
        ],
        [
            0.16187343001365662,
            0.1568862795829773,
            -0.1429743468761444,
            -20.420391082763672
        ],
        [
            -0.41724294424057007,
            -0.4042295217514038,
            0.36813873052597046,
            59.70208740234375
        ],
        [
            0.0,
            0.0,
            0.0,
            1.0
        ]
    ],
    "rotation_matrix": [
        [
            -0.40959033370018005,
            -0.39665135741233826,
            0.3614215552806854
        ],
        [
            0.16187343001365662,
            0.1568862795829773,
            -0.1429743468761444
        ],
        [
            -0.41724294424057007,
            -0.4042295217514038,
            0.36813873052597046
        ]
    ],
    "rotation_euler_deg": [
        [
            -0.8320916295051575
        ],
        [
            0.7583844661712646
        ],
        [
            2.765223979949951
        ]
    ],
    "translation_vector": [
        [
            46.78340148925781
        ],
        [
            -20.420391082763672
        ],
        [
            59.70208740234375
        ]
    ]
}