{
    "extrinsic_matrix": [
        [
            -0.861082911491394,
            0.09690935909748077,
            0.08592301607131958,
            45.94424057006836
        ],
        [
            -0.0894826352596283,
            -0.9195622801780701,
            0.3774400055408478,
            -19.71649932861328
        ],
        [
            0.11959308385848999,
            0.33901363611221313,
            0.7933968305587769,
            65.2954330444336
        ],
        [
            0.0,
            0.0,
            0.0,
            1.0
        ]
    ],
    "rotation_matrix": [
        [
            -0.861082911491394,
            0.09690935909748077,
            0.08592301607131958
        ],
        [
            -0.0894826352596283,
            -0.9195622801780701,
            0.3774400055408478
        ],
        [
            0.11959308385848999,
            0.33901363611221313,
            0.7933968305587769
        ]
    ],
    "rotation_euler_deg": [
        [
            0.4038120210170746
        ],
        [
            -0.1372741013765335
        ],
        [
            -3.038045644760132
        ]
    ],
    "translation_vector": [
        [
            45.94424057006836
        ],
        [
            -19.71649932861328
        ],
        [
            65.2954330444336
        ]
    ]
}