{
    "extrinsic_matrix": [
        [
            0.982656717300415,
            -0.1837744563817978,
            0.024736911058425903,
            45.20222473144531
        ],
        [
            -0.18110570311546326,
            -0.9224991202354431,
            0.34087514877319336,
            -17.10621452331543
        ],
        [
            -0.039824098348617554,
            -0.3394432067871094,
            -0.939782977104187,
            40.25346374511719
        ],
        [
            0.0,
            0.0,
            0.0,
            1.0
        ]
    ],
    "rotation_matrix": [
        [
            0.982656717300415,
            -0.1837744563817978,
            0.024736911058425903
        ],
        [
            -0.18110570311546326,
            -0.9224991202354431,
            0.34087514877319336
        ],
        [
            -0.039824098348617554,
            -0.3394432067871094,
            -0.939782977104187
        ]
    ],
    "rotation_euler_deg": [
        [
            -2.7949812412261963
        ],
        [
            0.0398346446454525
        ],
        [
            -0.18225687742233276
        ]
    ],
    "translation_vector": [
        [
            45.20222473144531
        ],
        [
            -17.10621452331543
        ],
        [
            40.25346374511719
        ]
    ]
}