{
    "extrinsic_matrix": [
        [
            0.7241972088813782,
            -0.4922759532928467,
            -0.4664567708969116,
            29.091943740844727
        ],
        [
            0.24480342864990234,
            -0.45573025941848755,
            0.8516305685043335,
            -11.58395004272461
        ],
        [
            -0.6310656070709229,
            -0.7397238612174988,
            -0.2057790607213974,
            26.353435516357422
        ],
        [
            0.0,
            0.0,
            0.0,
            1.0
        ]
    ],
    "rotation_matrix": [
        [
            0.7241972088813782,
            -0.4922759532928467,
            -0.4664567708969116
        ],
        [
            0.24480342864990234,
            -0.45573025941848755,
            0.8516305685043335
        ],
        [
            -0.6310656070709229,
            -0.7397238612174988,
            -0.2057790607213974
        ]
    ],
    "rotation_euler_deg": [
        [
            -1.8421199321746826
        ],
        [
            0.6901041865348816
        ],
        [
            0.32597535848617554
        ]
    ],
    "translation_vector": [
        [
            29.091943740844727
        ],
        [
            -11.58395004272461
        ],
        [
            26.353435516357422
        ]
    ]
}