{
    "extrinsic_matrix": [
        [
            0.690659761428833,
            -0.5088443756103516,
            -0.49857160449028015,
            29.026968002319336
        ],
        [
            0.2762501537799835,
            -0.4575880467891693,
            0.8409819602966309,
            -11.479620933532715
        ],
        [
            -0.6553253531455994,
            -0.727276086807251,
            -0.17175132036209106,
            26.2220458984375
        ],
        [
            0.0,
            0.0,
            0.0,
            1.0
        ]
    ],
    "rotation_matrix": [
        [
            0.690659761428833,
            -0.5088443756103516,
            -0.49857160449028015
        ],
        [
            0.2762501537799835,
            -0.4575880467891693,
            0.8409819602966309
        ],
        [
            -0.6553253531455994,
            -0.727276086807251,
            -0.17175132036209106
        ]
    ],
    "rotation_euler_deg": [
        [
            -1.8027044534683228
        ],
        [
            0.7222077250480652
        ],
        [
            0.38048920035362244
        ]
    ],
    "translation_vector": [
        [
            29.026968002319336
        ],
        [
            -11.479620933532715
        ],
        [
            26.2220458984375
        ]
    ]
}