{
    "extrinsic_matrix": [
        [
            -0.6881762146949768,
            0.3088698387145996,
            -0.07578027248382568,
            43.62334060668945
        ],
        [
            0.31796592473983765,
            0.14970296621322632,
            -0.8134993314743042,
            -19.563823699951172
        ],
        [
            -0.13503897190093994,
            -0.6967926621437073,
            -0.43631336092948914,
            57.809791564941406
        ],
        [
            0.0,
            0.0,
            0.0,
            1.0
        ]
    ],
    "rotation_matrix": [
        [
            -0.6881762146949768,
            0.3088698387145996,
            -0.07578027248382568
        ],
        [
            0.31796592473983765,
            0.14970296621322632,
            -0.8134993314743042
        ],
        [
            -0.13503897190093994,
            -0.6967926621437073,
            -0.43631336092948914
        ]
    ],
    "rotation_euler_deg": [
        [
            -2.130239248275757
        ],
        [
            0.17628328502178192
        ],
        [
            2.708770275115967
        ]
    ],
    "translation_vector": [
        [
            43.62334060668945
        ],
        [
            -19.563823699951172
        ],
        [
            57.809791564941406
        ]
    ]
}