{
    "extrinsic_matrix": [
        [
            0.5383797287940979,
            -0.7891676425933838,
            -0.2955680191516876,
            44.1668701171875
        ],
        [
            0.6067026257514954,
            0.11956172436475754,
            0.7858859896659851,
            -18.073461532592773
        ],
        [
            -0.5848576426506042,
            -0.6024274826049805,
            0.5431598424911499,
            41.85715866088867
        ],
        [
            0.0,
            0.0,
            0.0,
            1.0
        ]
    ],
    "rotation_matrix": [
        [
            0.5383797287940979,
            -0.7891676425933838,
            -0.2955680191516876
        ],
        [
            0.6067026257514954,
            0.11956172436475754,
            0.7858859896659851
        ],
        [
            -0.5848576426506042,
            -0.6024274826049805,
            0.5431598424911499
        ]
    ],
    "rotation_euler_deg": [
        [
            -0.8370876908302307
        ],
        [
            0.6247047781944275
        ],
        [
            0.8449938893318176
        ]
    ],
    "translation_vector": [
        [
            44.1668701171875
        ],
        [
            -18.073461532592773
        ],
        [
            41.85715866088867
        ]
    ]
}