{
    "extrinsic_matrix": [
        [
            0.7948024272918701,
            -0.45739510655403137,
            -0.3988466262817383,
            29.228731155395508
        ],
        [
            0.1785997599363327,
            -0.4518190920352936,
            0.8740487098693848,
            -11.80359172821045
        ],
        [
            -0.5799924731254578,
            -0.7659297585487366,
            -0.2774164080619812,
            26.630046844482422
        ],
        [
            0.0,
            0.0,
            0.0,
            1.0
        ]
    ],
    "rotation_matrix": [
        [
            0.7948024272918701,
            -0.45739510655403137,
            -0.3988466262817383
        ],
        [
            0.1785997599363327,
            -0.4518190920352936,
            0.8740487098693848
        ],
        [
            -0.5799924731254578,
            -0.7659297585487366,
            -0.2774164080619812
        ]
    ],
    "rotation_euler_deg": [
        [
            -1.9182943105697632
        ],
        [
            0.6187194585800171
        ],
        [
            0.22103804349899292
        ]
    ],
    "translation_vector": [
        [
            29.228731155395508
        ],
        [
            -11.80359172821045
        ],
        [
            26.630046844482422
        ]
    ]
}