{
    "extrinsic_matrix": [
        [
            0.6941900253295898,
            -0.5071002840995789,
            -0.4951910972595215,
            29.0338077545166
        ],
        [
            0.2729399800300598,
            -0.45739248394966125,
            0.8421028852462769,
            -11.490602493286133
        ],
        [
            -0.6527717113494873,
            -0.7285863757133484,
            -0.175333172082901,
            26.235876083374023
        ],
        [
            0.0,
            0.0,
            0.0,
            1.0
        ]
    ],
    "rotation_matrix": [
        [
            0.6941900253295898,
            -0.5071002840995789,
            -0.4951910972595215
        ],
        [
            0.2729399800300598,
            -0.45739248394966125,
            0.8421028852462769
        ],
        [
            -0.6527717113494873,
            -0.7285863757133484,
            -0.175333172082901
        ]
    ],
    "rotation_euler_deg": [
        [
            -1.8069543838500977
        ],
        [
            0.7188999056816101
        ],
        [
            0.3746111989021301
        ]
    ],
    "translation_vector": [
        [
            29.0338077545166
        ],
        [
            -11.490602493286133
        ],
        [
            26.235876083374023
        ]
    ]
}