{
    "extrinsic_matrix": [
        [
            0.9416679739952087,
            -0.0370396189391613,
            -0.33449891209602356,
            23.505657196044922
        ],
        [
            0.3285333514213562,
            -0.11438528448343277,
            0.9375400543212891,
            -2.7894275188446045
        ],
        [
            -0.07298815250396729,
            -0.9927458167076111,
            -0.09554414451122284,
            11.919361114501953
        ],
        [
            0.0,
            0.0,
            0.0,
            1.0
        ]
    ],
    "rotation_matrix": [
        [
            0.9416679739952087,
            -0.0370396189391613,
            -0.33449891209602356
        ],
        [
            0.3285333514213562,
            -0.11438528448343277,
            0.9375400543212891
        ],
        [
            -0.07298815250396729,
            -0.9927458167076111,
            -0.09554414451122284
        ]
    ],
    "rotation_euler_deg": [
        [
            -1.6667431592941284
        ],
        [
            0.07305311411619186
        ],
        [
            0.33568069338798523
        ]
    ],
    "translation_vector": [
        [
            23.505657196044922
        ],
        [
            -2.7894275188446045
        ],
        [
            11.919361114501953
        ]
    ]
}