{
    "extrinsic_matrix": [
        [
            0.7153715491294861,
            -0.4966360628604889,
            -0.4749080538749695,
            29.074844360351562
        ],
        [
            0.2530788779258728,
            -0.4562191367149353,
            0.8488283157348633,
            -11.556495666503906
        ],
        [
            -0.6374497413635254,
            -0.7364481091499329,
            -0.19682438671588898,
            26.318859100341797
        ],
        [
            0.0,
            0.0,
            0.0,
            1.0
        ]
    ],
    "rotation_matrix": [
        [
            0.7153715491294861,
            -0.4966360628604889,
            -0.4749080538749695
        ],
        [
            0.2530788779258728,
            -0.4562191367149353,
            0.8488283157348633
        ],
        [
            -0.6374497413635254,
            -0.7364481091499329,
            -0.19682438671588898
        ]
    ],
    "rotation_euler_deg": [
        [
            -1.8319542407989502
        ],
        [
            0.6986924409866333
        ],
        [
            0.34003177285194397
        ]
    ],
    "translation_vector": [
        [
            29.074844360351562
        ],
        [
            -11.556495666503906
        ],
        [
            26.318859100341797
        ]
    ]
}