{
    "extrinsic_matrix": [
        [
            0.7347880005836487,
            -0.4870438277721405,
            -0.4563152492046356,
            29.11246109008789
        ],
        [
            0.23487287759780884,
            -0.4551435708999634,
            0.8549932837486267,
            -11.616896629333496
        ],
        [
            -0.6234046220779419,
            -0.743654727935791,
            -0.2165246605873108,
            26.394927978515625
        ],
        [
            0.0,
            0.0,
            0.0,
            1.0
        ]
    ],
    "rotation_matrix": [
        [
            0.7347880005836487,
            -0.4870438277721405,
            -0.4563152492046356
        ],
        [
            0.23487287759780884,
            -0.4551435708999634,
            0.8549932837486267
        ],
        [
            -0.6234046220779419,
            -0.743654727935791,
            -0.2165246605873108
        ]
    ],
    "rotation_euler_deg": [
        [
            -1.8541260957717896
        ],
        [
            0.6796804070472717
        ],
        [
            0.309382826089859
        ]
    ],
    "translation_vector": [
        [
            29.11246109008789
        ],
        [
            -11.616896629333496
        ],
        [
            26.394927978515625
        ]
    ]
}