{
    "extrinsic_matrix": [
        [
            -0.7561392784118652,
            -0.01887667179107666,
            0.05125322937965393,
            44.9565315246582
        ],
        [
            0.08535116910934448,
            0.07045076787471771,
            -0.8792305588722229,
            -19.23484992980957
        ],
        [
            0.11786830425262451,
            -0.7733122110366821,
            -0.28674066066741943,
            57.903560638427734
        ],
        [
            0.0,
            0.0,
            0.0,
            1.0
        ]
    ],
    "rotation_matrix": [
        [
            -0.7561392784118652,
            -0.01887667179107666,
            0.05125322937965393
        ],
        [
            0.08535116910934448,
            0.07045076787471771,
            -0.8792305588722229
        ],
        [
            0.11786830425262451,
            -0.7733122110366821,
            -0.28674066066741943
        ]
    ],
    "rotation_euler_deg": [
        [
            -1.9258757829666138
        ],
        [
            -0.15367674827575684
        ],
        [
            3.0291907787323
        ]
    ],
    "translation_vector": [
        [
            44.9565315246582
        ],
        [
            -19.23484992980957
        ],
        [
            57.903560638427734
        ]
    ]
}