{
    "extrinsic_matrix": [
        [
            -0.22115197777748108,
            -0.9666810631752014,
            -0.04385451599955559,
            22.873884201049805
        ],
        [
            -0.2004767209291458,
            0.09165888279676437,
            -0.9738603830337524,
            -2.032667875289917
        ],
        [
            0.947093665599823,
            -0.2058946043252945,
            -0.22027067840099335,
            13.390928268432617
        ],
        [
            0.0,
            0.0,
            0.0,
            1.0
        ]
    ],
    "rotation_matrix": [
        [
            -0.22115197777748108,
            -0.9666810631752014,
            -0.04385451599955559
        ],
        [
            -0.2004767209291458,
            0.09165888279676437,
            -0.9738603830337524
        ],
        [
            0.947093665599823,
            -0.2058946043252945,
            -0.22027067840099335
        ]
    ],
    "rotation_euler_deg": [
        [
            -2.3899152278900146
        ],
        [
            -1.2654815912246704
        ],
        [
            -2.4051918983459473
        ]
    ],
    "translation_vector": [
        [
            22.873884201049805
        ],
        [
            -2.032667875289917
        ],
        [
            13.390928268432617
        ]
    ]
}