{
    "extrinsic_matrix": [
        [
            -0.8287912011146545,
            -0.555801510810852,
            -0.06472304463386536,
            42.731014251708984
        ],
        [
            -0.45621031522750854,
            0.7381591200828552,
            -0.4969836175441742,
            -14.863964080810547
        ],
        [
            0.3240005373954773,
            -0.3823685646057129,
            -0.8653423190116882,
            35.29322052001953
        ],
        [
            0.0,
            0.0,
            0.0,
            1.0
        ]
    ],
    "rotation_matrix": [
        [
            -0.8287912011146545,
            -0.555801510810852,
            -0.06472304463386536
        ],
        [
            -0.45621031522750854,
            0.7381591200828552,
            -0.4969836175441742
        ],
        [
            0.3240005373954773,
            -0.3823685646057129,
            -0.8653423190116882
        ]
    ],
    "rotation_euler_deg": [
        [
            -2.725520372390747
        ],
        [
            -0.32995525002479553
        ],
        [
            -2.638401985168457
        ]
    ],
    "translation_vector": [
        [
            42.731014251708984
        ],
        [
            -14.863964080810547
        ],
        [
            35.29322052001953
        ]
    ]
}