{
    "extrinsic_matrix": [
        [
            -0.5188433527946472,
            -0.8340879082679749,
            0.18734344840049744,
            45.057796478271484
        ],
        [
            -0.5757179856300354,
            0.17892542481422424,
            -0.7978310585021973,
            -17.954679489135742
        ],
        [
            0.6319414377212524,
            -0.5218067169189453,
            -0.5730338096618652,
            41.23994445800781
        ],
        [
            0.0,
            0.0,
            0.0,
            1.0
        ]
    ],
    "rotation_matrix": [
        [
            -0.5188433527946472,
            -0.8340879082679749,
            0.18734344840049744
        ],
        [
            -0.5757179856300354,
            0.17892542481422424,
            -0.7978310585021973
        ],
        [
            0.6319414377212524,
            -0.5218067169189453,
            -0.5730338096618652
        ]
    ],
    "rotation_euler_deg": [
        [
            -2.4029500484466553
        ],
        [
            -0.6840558648109436
        ],
        [
            -2.3042800426483154
        ]
    ],
    "translation_vector": [
        [
            45.057796478271484
        ],
        [
            -17.954679489135742
        ],
        [
            41.23994445800781
        ]
    ]
}