{
    "extrinsic_matrix": [
        [
            0.7206669449806213,
            -0.4940199851989746,
            -0.4698372781276703,
            29.08510398864746
        ],
        [
            0.24811360239982605,
            -0.4559258222579956,
            0.8505096435546875,
            -11.572968482971191
        ],
        [
            -0.6336193084716797,
            -0.7384135723114014,
            -0.20219719409942627,
            26.3396053314209
        ],
        [
            0.0,
            0.0,
            0.0,
            1.0
        ]
    ],
    "rotation_matrix": [
        [
            0.7206669449806213,
            -0.4940199851989746,
            -0.4698372781276703
        ],
        [
            0.24811360239982605,
            -0.4559258222579956,
            0.8505096435546875
        ],
        [
            -0.6336193084716797,
            -0.7384135723114014,
            -0.20219719409942627
        ]
    ],
    "rotation_euler_deg": [
        [
            -1.8380712270736694
        ],
        [
            0.693550705909729
        ],
        [
            0.331572949886322
        ]
    ],
    "translation_vector": [
        [
            29.08510398864746
        ],
        [
            -11.572968482971191
        ],
        [
            26.3396053314209
        ]
    ]
}