{
    "extrinsic_matrix": [
        [
            -0.6692976355552673,
            0.3999105393886566,
            -0.11106735467910767,
            43.25300979614258
        ],
        [
            0.3825811445713043,
            0.17171747982501984,
            -0.7952406406402588,
            -19.65520477294922
        ],
        [
            -0.20529097318649292,
            -0.6755372285842896,
            -0.47786134481430054,
            57.78374481201172
        ],
        [
            0.0,
            0.0,
            0.0,
            1.0
        ]
    ],
    "rotation_matrix": [
        [
            -0.6692976355552673,
            0.3999105393886566,
            -0.11106735467910767
        ],
        [
            0.3825811445713043,
            0.17171747982501984,
            -0.7952406406402588
        ],
        [
            -0.20529097318649292,
            -0.6755372285842896,
            -0.47786134481430054
        ]
    ],
    "rotation_euler_deg": [
        [
            -2.186457872390747
        ],
        [
            0.26025184988975525
        ],
        [
            2.622305393218994
        ]
    ],
    "translation_vector": [
        [
            43.25300979614258
        ],
        [
            -19.65520477294922
        ],
        [
            57.78374481201172
        ]
    ]
}