{
    "extrinsic_matrix": [
        [
            0.0835523009300232,
            0.03538358956575394,
            0.99587482213974,
            28.32828140258789
        ],
        [
            -0.5231081247329712,
            0.8521572351455688,
            0.013610517606139183,
            -9.197589874267578
        ],
        [
            -0.8481605052947998,
            -0.5220877528190613,
            0.08970889449119568,
            20.922103881835938
        ],
        [
            0.0,
            0.0,
            0.0,
            1.0
        ]
    ],
    "rotation_matrix": [
        [
            0.0835523009300232,
            0.03538358956575394,
            0.99587482213974
        ],
        [
            -0.5231081247329712,
            0.8521572351455688,
            0.013610517606139183
        ],
        [
            -0.8481605052947998,
            -0.5220877528190613,
            0.08970889449119568
        ]
    ],
    "rotation_euler_deg": [
        [
            -1.4006308317184448
        ],
        [
            1.0125036239624023
        ],
        [
            -1.4124113321304321
        ]
    ],
    "translation_vector": [
        [
            28.32828140258789
        ],
        [
            -9.197589874267578
        ],
        [
            20.922103881835938
        ]
    ]
}