{
    "extrinsic_matrix": [
        [
            -0.7469679713249207,
            -0.27257290482521057,
            -0.606417179107666,
            47.362606048583984
        ],
        [
            0.4605095386505127,
            -0.8699916005134583,
            -0.17619752883911133,
            -18.852500915527344
        ],
        [
            -0.47955137491226196,
            -0.41087448596954346,
            0.7753790616989136,
            48.21519088745117
        ],
        [
            0.0,
            0.0,
            0.0,
            1.0
        ]
    ],
    "rotation_matrix": [
        [
            -0.7469679713249207,
            -0.27257290482521057,
            -0.606417179107666
        ],
        [
            0.4605095386505127,
            -0.8699916005134583,
            -0.17619752883911133
        ],
        [
            -0.47955137491226196,
            -0.41087448596954346,
            0.7753790616989136
        ]
    ],
    "rotation_euler_deg": [
        [
            -0.4872816205024719
        ],
        [
            0.5001434683799744
        ],
        [
            2.589125394821167
        ]
    ],
    "translation_vector": [
        [
            47.362606048583984
        ],
        [
            -18.852500915527344
        ],
        [
            48.21519088745117
        ]
    ]
}