{
    "extrinsic_matrix": [
        [
            -0.9920632839202881,
            -0.022233759984374046,
            -0.12375674396753311,
            46.57658386230469
        ],
        [
            -0.028109818696975708,
            -0.9201118350028992,
            0.3906461298465729,
            -19.64813995361328
        ],
        [
            -0.1225549727678299,
            0.39102476835250854,
            0.9121840000152588,
            62.649776458740234
        ],
        [
            0.0,
            0.0,
            0.0,
            1.0
        ]
    ],
    "rotation_matrix": [
        [
            -0.9920632839202881,
            -0.022233759984374046,
            -0.12375674396753311
        ],
        [
            -0.028109818696975708,
            -0.9201118350028992,
            0.3906461298465729
        ],
        [
            -0.1225549727678299,
            0.39102476835250854,
            0.9121840000152588
        ]
    ],
    "rotation_euler_deg": [
        [
            0.40497398376464844
        ],
        [
            0.12286388874053955
        ],
        [
            -3.1132655143737793
        ]
    ],
    "translation_vector": [
        [
            46.57658386230469
        ],
        [
            -19.64813995361328
        ],
        [
            62.649776458740234
        ]
    ]
}