{
    "extrinsic_matrix": [
        [
            0.6959551572799683,
            -0.5062282681465149,
            -0.49350082874298096,
            29.037227630615234
        ],
        [
            0.27128487825393677,
            -0.4572947025299072,
            0.8426633477210999,
            -11.49609375
        ],
        [
            -0.6514948606491089,
            -0.7292414903640747,
            -0.17712411284446716,
            26.2427921295166
        ],
        [
            0.0,
            0.0,
            0.0,
            1.0
        ]
    ],
    "rotation_matrix": [
        [
            0.6959551572799683,
            -0.5062282681465149,
            -0.49350082874298096
        ],
        [
            0.27128487825393677,
            -0.4572947025299072,
            0.8426633477210999
        ],
        [
            -0.6514948606491089,
            -0.7292414903640747,
            -0.17712411284446716
        ]
    ],
    "rotation_euler_deg": [
        [
            -1.809070348739624
        ],
        [
            0.717239260673523
        ],
        [
            0.37168440222740173
        ]
    ],
    "translation_vector": [
        [
            29.037227630615234
        ],
        [
            -11.49609375
        ],
        [
            26.2427921295166
        ]
    ]
}