{
    "extrinsic_matrix": [
        [
            0.06783045828342438,
            -0.3101957440376282,
            0.9481958746910095,
            47.61448287963867
        ],
        [
            -0.11278946697711945,
            0.9419160485267639,
            0.3161740303039551,
            -19.522804260253906
        ],
        [
            -0.9912757277488708,
            -0.12834233045578003,
            0.028872014954686165,
            59.22856903076172
        ],
        [
            0.0,
            0.0,
            0.0,
            1.0
        ]
    ],
    "rotation_matrix": [
        [
            0.06783045828342438,
            -0.3101957440376282,
            0.9481958746910095
        ],
        [
            -0.11278946697711945,
            0.9419160485267639,
            0.3161740303039551
        ],
        [
            -0.9912757277488708,
            -0.12834233045578003,
            0.028872014954686165
        ]
    ],
    "rotation_euler_deg": [
        [
            -1.3495190143585205
        ],
        [
            1.4387953281402588
        ],
        [
            -1.0293554067611694
        ]
    ],
    "translation_vector": [
        [
            47.61448287963867
        ],
        [
            -19.522804260253906
        ],
        [
            59.22856903076172
        ]
    ]
}