{
    "extrinsic_matrix": [
        [
            0.6712433099746704,
            -0.5184366106987,
            -0.517164409160614,
            28.989351272583008
        ],
        [
            0.2944561839103699,
            -0.45866361260414124,
            0.8348169922828674,
            -11.419219017028809
        ],
        [
            -0.6693704724311829,
            -0.720069408416748,
            -0.15205104649066925,
            26.145978927612305
        ],
        [
            0.0,
            0.0,
            0.0,
            1.0
        ]
    ],
    "rotation_matrix": [
        [
            0.6712433099746704,
            -0.5184366106987,
            -0.517164409160614
        ],
        [
            0.2944561839103699,
            -0.45866361260414124,
            0.8348169922828674
        ],
        [
            -0.6693704724311829,
            -0.720069408416748,
            -0.15205104649066925
        ]
    ],
    "rotation_euler_deg": [
        [
            -1.7789008617401123
        ],
        [
            0.740064263343811
        ],
        [
            0.41339439153671265
        ]
    ],
    "translation_vector": [
        [
            28.989351272583008
        ],
        [
            -11.419219017028809
        ],
        [
            26.145978927612305
        ]
    ]
}