{
    "extrinsic_matrix": [
        [
            -0.40221402049064636,
            -0.32029199600219727,
            -0.8576927781105042,
            23.15850067138672
        ],
        [
            0.32434308528900146,
            0.8262065052986145,
            -0.46063417196273804,
            -4.2891011238098145
        ],
        [
            0.8561691045761108,
            -0.46346035599708557,
            -0.2284272015094757,
            18.921009063720703
        ],
        [
            0.0,
            0.0,
            0.0,
            1.0
        ]
    ],
    "rotation_matrix": [
        [
            -0.40221402049064636,
            -0.32029199600219727,
            -0.8576927781105042
        ],
        [
            0.32434308528900146,
            0.8262065052986145,
            -0.46063417196273804
        ],
        [
            0.8561691045761108,
            -0.46346035599708557,
            -0.2284272015094757
        ]
    ],
    "rotation_euler_deg": [
        [
            -2.02872633934021
        ],
        [
            -1.0278091430664062
        ],
        [
            2.4629650115966797
        ]
    ],
    "translation_vector": [
        [
            23.15850067138672
        ],
        [
            -4.2891011238098145
        ],
        [
            18.921009063720703
        ]
    ]
}