{
    "extrinsic_matrix": [
        [
            -0.09922266006469727,
            -0.853438675403595,
            -0.08284831047058105,
            30.29239845275879
        ],
        [
            0.11987683922052383,
            0.06916356086730957,
            -0.8625987768173218,
            -9.531500816345215
        ],
        [
            0.9619888067245483,
            -0.12890252470970154,
            0.19941088557243347,
            23.28070640563965
        ],
        [
            0.0,
            0.0,
            0.0,
            1.0
        ]
    ],
    "rotation_matrix": [
        [
            -0.09922266006469727,
            -0.853438675403595,
            -0.08284831047058105
        ],
        [
            0.11987683922052383,
            0.06916356086730957,
            -0.8625987768173218
        ],
        [
            0.9619888067245483,
            -0.12890252470970154,
            0.19941088557243347
        ]
    ],
    "rotation_euler_deg": [
        [
            -0.5738520622253418
        ],
        [
            -1.4104231595993042
        ],
        [
            2.2622036933898926
        ]
    ],
    "translation_vector": [
        [
            30.29239845275879
        ],
        [
            -9.531500816345215
        ],
        [
            23.28070640563965
        ]
    ]
}