{
    "extrinsic_matrix": [
        [
            -0.31236568093299866,
            -0.9490512609481812,
            0.04158618301153183,
            21.959999084472656
        ],
        [
            0.11155489832162857,
            -0.0801200270652771,
            -0.990523099899292,
            -1.2858479022979736
        ],
        [
            0.9433895349502563,
            -0.3047661781311035,
            0.130898118019104,
            7.976880073547363
        ],
        [
            0.0,
            0.0,
            0.0,
            1.0
        ]
    ],
    "rotation_matrix": [
        [
            -0.31236568093299866,
            -0.9490512609481812,
            0.04158618301153183
        ],
        [
            0.11155489832162857,
            -0.0801200270652771,
            -0.990523099899292
        ],
        [
            0.9433895349502563,
            -0.3047661781311035,
            0.130898118019104
        ]
    ],
    "rotation_euler_deg": [
        [
            -1.1651173830032349
        ],
        [
            -1.2327042818069458
        ],
        [
            2.7985808849334717
        ]
    ],
    "translation_vector": [
        [
            21.959999084472656
        ],
        [
            -1.2858479022979736
        ],
        [
            7.976880073547363
        ]
    ]
}