{
    "extrinsic_matrix": [
        [
            0.7877418994903564,
            -0.4608832001686096,
            -0.4056076407432556,
            29.215051651000977
        ],
        [
            0.1852201223373413,
            -0.4522102177143097,
            0.8718069195747375,
            -11.781627655029297
        ],
        [
            -0.5850998163223267,
            -0.7633091807365417,
            -0.27025267481803894,
            26.602386474609375
        ],
        [
            0.0,
            0.0,
            0.0,
            1.0
        ]
    ],
    "rotation_matrix": [
        [
            0.7877418994903564,
            -0.4608832001686096,
            -0.4056076407432556
        ],
        [
            0.1852201223373413,
            -0.4522102177143097,
            0.8718069195747375
        ],
        [
            -0.5850998163223267,
            -0.7633091807365417,
            -0.27025267481803894
        ]
    ],
    "rotation_euler_deg": [
        [
            -1.9110782146453857
        ],
        [
            0.6260209679603577
        ],
        [
            0.23093318939208984
        ]
    ],
    "translation_vector": [
        [
            29.215051651000977
        ],
        [
            -11.781627655029297
        ],
        [
            26.602386474609375
        ]
    ]
}