{
    "extrinsic_matrix": [
        [
            0.9462469816207886,
            0.029936976730823517,
            0.322055459022522,
            47.05197525024414
        ],
        [
            -0.2921687066555023,
            0.5062735080718994,
            0.8113722205162048,
            -18.565841674804688
        ],
        [
            -0.13875851035118103,
            -0.8618534803390503,
            0.4878062605857849,
            56.08584976196289
        ],
        [
            0.0,
            0.0,
            0.0,
            1.0
        ]
    ],
    "rotation_matrix": [
        [
            0.9462469816207886,
            0.029936976730823517,
            0.322055459022522
        ],
        [
            -0.2921687066555023,
            0.5062735080718994,
            0.8113722205162048
        ],
        [
            -0.13875851035118103,
            -0.8618534803390503,
            0.4878062605857849
        ]
    ],
    "rotation_euler_deg": [
        [
            -1.055754542350769
        ],
        [
            0.13920770585536957
        ],
        [
            -0.29947927594184875
        ]
    ],
    "translation_vector": [
        [
            47.05197525024414
        ],
        [
            -18.565841674804688
        ],
        [
            56.08584976196289
        ]
    ]
}