{
    "extrinsic_matrix": [
        [
            -0.7218470573425293,
            0.2014199197292328,
            0.48412808775901794,
            46.132781982421875
        ],
        [
            -0.06241368502378464,
            -0.9390472769737244,
            0.3331257700920105,
            -19.831829071044922
        ],
        [
            0.5250957012176514,
            0.22855490446090698,
            0.6844339370727539,
            64.49946594238281
        ],
        [
            0.0,
            0.0,
            0.0,
            1.0
        ]
    ],
    "rotation_matrix": [
        [
            -0.7218470573425293,
            0.2014199197292328,
            0.48412808775901794
        ],
        [
            -0.06241368502378464,
            -0.9390472769737244,
            0.3331257700920105
        ],
        [
            0.5250957012176514,
            0.22855490446090698,
            0.6844339370727539
        ]
    ],
    "rotation_euler_deg": [
        [
            0.32228994369506836
        ],
        [
            -0.6271308660507202
        ],
        [
            -3.0553433895111084
        ]
    ],
    "translation_vector": [
        [
            46.132781982421875
        ],
        [
            -19.831829071044922
        ],
        [
            64.49946594238281
        ]
    ]
}