{
    "extrinsic_matrix": [
        [
            0.9697166085243225,
            -0.04453226178884506,
            0.2401386946439743,
            8.002653121948242
        ],
        [
            -0.0331856794655323,
            -0.998142421245575,
            -0.0510910302400589,
            -0.7911010980606079
        ],
        [
            0.2419678121805191,
            0.0415746346116066,
            -0.969393253326416,
            1.150810956954956
        ],
        [
            0.0,
            0.0,
            0.0,
            1.0
        ]
    ],
    "rotation_matrix": [
        [
            0.9697166085243225,
            -0.04453226178884506,
            0.2401386946439743
        ],
        [
            -0.0331856794655323,
            -0.998142421245575,
            -0.0510910302400589
        ],
        [
            0.2419678121805191,
            0.0415746346116066,
            -0.969393253326416
        ]
    ],
    "rotation_euler_deg": [
        [
            3.098731756210327
        ],
        [
            -0.24439340829849243
        ],
        [
            -0.034208688884973526
        ]
    ],
    "translation_vector": [
        [
            8.002653121948242
        ],
        [
            -0.7911010980606079
        ],
        [
            1.150810956954956
        ]
    ]
}