{
    "extrinsic_matrix": [
        [
            0.6659479141235352,
            -0.5210526585578918,
            -0.5222351551055908,
            28.979093551635742
        ],
        [
            0.29942142963409424,
            -0.4589569568634033,
            0.8331356048583984,
            -11.402746200561523
        ],
        [
            -0.6732009649276733,
            -0.7181040048599243,
            -0.14667823910713196,
            26.125232696533203
        ],
        [
            0.0,
            0.0,
            0.0,
            1.0
        ]
    ],
    "rotation_matrix": [
        [
            0.6659479141235352,
            -0.5210526585578918,
            -0.5222351551055908
        ],
        [
            0.29942142963409424,
            -0.4589569568634033,
            0.8331356048583984
        ],
        [
            -0.6732009649276733,
            -0.7181040048599243,
            -0.14667823910713196
        ]
    ],
    "rotation_euler_deg": [
        [
            -1.772282361984253
        ],
        [
            0.7448299527168274
        ],
        [
            0.4225352704524994
        ]
    ],
    "translation_vector": [
        [
            28.979093551635742
        ],
        [
            -11.402746200561523
        ],
        [
            26.125232696533203
        ]
    ]
}