{
    "extrinsic_matrix": [
        [
            0.7683254480361938,
            -0.470475435256958,
            -0.4242004454135895,
            29.17743492126465
        ],
        [
            0.20342613756656647,
            -0.4532857835292816,
            0.8656418919563293,
            -11.721226692199707
        ],
        [
            -0.5991449356079102,
            -0.7561025619506836,
            -0.2505524158477783,
            26.526317596435547
        ],
        [
            0.0,
            0.0,
            0.0,
            1.0
        ]
    ],
    "rotation_matrix": [
        [
            0.7683254480361938,
            -0.470475435256958,
            -0.4242004454135895
        ],
        [
            0.20342613756656647,
            -0.4532857835292816,
            0.8656418919563293
        ],
        [
            -0.5991449356079102,
            -0.7561025619506836,
            -0.2505524158477783
        ]
    ],
    "rotation_euler_deg": [
        [
            -1.890782117843628
        ],
        [
            0.6459488272666931
        ],
        [
            0.25882667303085327
        ]
    ],
    "translation_vector": [
        [
            29.17743492126465
        ],
        [
            -11.721226692199707
        ],
        [
            26.526317596435547
        ]
    ]
}