{
    "extrinsic_matrix": [
        [
            0.2768298387527466,
            0.9305498003959656,
            0.2396715134382248,
            22.350406646728516
        ],
        [
            0.09666936099529266,
            0.22118453681468964,
            -0.9704289436340332,
            -1.64870285987854
        ],
        [
            -0.9560444355010986,
            0.2918124496936798,
            -0.028725221753120422,
            9.336023330688477
        ],
        [
            0.0,
            0.0,
            0.0,
            1.0
        ]
    ],
    "rotation_matrix": [
        [
            0.2768298387527466,
            0.9305498003959656,
            0.2396715134382248
        ],
        [
            0.09666936099529266,
            0.22118453681468964,
            -0.9704289436340332
        ],
        [
            -0.9560444355010986,
            0.2918124496936798,
            -0.028725221753120422
        ]
    ],
    "rotation_euler_deg": [
        [
            1.6689175367355347
        ],
        [
            1.2732001543045044
        ],
        [
            0.3359631597995758
        ]
    ],
    "translation_vector": [
        [
            22.350406646728516
        ],
        [
            -1.64870285987854
        ],
        [
            9.336023330688477
        ]
    ]
}