{
    "extrinsic_matrix": [
        [
            0.17123347520828247,
            0.40955138206481934,
            -0.8960729241371155,
            23.451032638549805
        ],
        [
            -0.4391801357269287,
            -0.7824150323867798,
            -0.4415280222892761,
            -6.203784942626953
        ],
        [
            -0.8819295167922974,
            0.4691419303417206,
            0.04589151218533516,
            20.870826721191406
        ],
        [
            0.0,
            0.0,
            0.0,
            1.0
        ]
    ],
    "rotation_matrix": [
        [
            0.17123347520828247,
            0.40955138206481934,
            -0.8960729241371155
        ],
        [
            -0.4391801357269287,
            -0.7824150323867798,
            -0.4415280222892761
        ],
        [
            -0.8819295167922974,
            0.4691419303417206,
            0.04589151218533516
        ]
    ],
    "rotation_euler_deg": [
        [
            1.473286509513855
        ],
        [
            1.0799401998519897
        ],
        [
            -1.1990326642990112
        ]
    ],
    "translation_vector": [
        [
            23.451032638549805
        ],
        [
            -6.203784942626953
        ],
        [
            20.870826721191406
        ]
    ]
}