{
    "extrinsic_matrix": [
        [
            -0.3045409023761749,
            -0.9512755274772644,
            0.04826910048723221,
            22.449462890625
        ],
        [
            0.08921699225902557,
            -0.07894202321767807,
            -0.9928788542747498,
            -1.577057123184204
        ],
        [
            0.9483121037483215,
            -0.2980656623840332,
            0.10891103744506836,
            8.343523979187012
        ],
        [
            0.0,
            0.0,
            0.0,
            1.0
        ]
    ],
    "rotation_matrix": [
        [
            -0.3045409023761749,
            -0.9512755274772644,
            0.04826910048723221
        ],
        [
            0.08921699225902557,
            -0.07894202321767807,
            -0.9928788542747498
        ],
        [
            0.9483121037483215,
            -0.2980656623840332,
            0.10891103744506836
        ]
    ],
    "rotation_euler_deg": [
        [
            -1.2204749584197998
        ],
        [
            -1.2478729486465454
        ],
        [
            2.8566110134124756
        ]
    ],
    "translation_vector": [
        [
            22.449462890625
        ],
        [
            -1.577057123184204
        ],
        [
            8.343523979187012
        ]
    ]
}