{
    "extrinsic_matrix": [
        [
            -0.6564474701881409,
            -0.1082272157073021,
            0.7465670108795166,
            46.182716369628906
        ],
        [
            0.5296049118041992,
            0.6386457085609436,
            0.5582565069198608,
            -18.84409523010254
        ],
        [
            -0.5372107028961182,
            0.7618519067764282,
            -0.3619202673435211,
            45.7978401184082
        ],
        [
            0.0,
            0.0,
            0.0,
            1.0
        ]
    ],
    "rotation_matrix": [
        [
            -0.6564474701881409,
            -0.1082272157073021,
            0.7465670108795166
        ],
        [
            0.5296049118041992,
            0.6386457085609436,
            0.5582565069198608
        ],
        [
            -0.5372107028961182,
            0.7618519067764282,
            -0.3619202673435211
        ]
    ],
    "rotation_euler_deg": [
        [
            2.0142881870269775
        ],
        [
            0.5671265721321106
        ],
        [
            2.4627346992492676
        ]
    ],
    "translation_vector": [
        [
            46.182716369628906
        ],
        [
            -18.84409523010254
        ],
        [
            45.7978401184082
        ]
    ]
}