{
    "extrinsic_matrix": [
        [
            0.7169274091720581,
            0.12828770279884338,
            -0.6852419376373291,
            47.614383697509766
        ],
        [
            -0.3068007230758667,
            0.9406828284263611,
            -0.1448758989572525,
            -17.666250228881836
        ],
        [
            0.6260099411010742,
            0.31409814953804016,
            0.7137601971626282,
            41.157047271728516
        ],
        [
            0.0,
            0.0,
            0.0,
            1.0
        ]
    ],
    "rotation_matrix": [
        [
            0.7169274091720581,
            0.12828770279884338,
            -0.6852419376373291
        ],
        [
            -0.3068007230758667,
            0.9406828284263611,
            -0.1448758989572525
        ],
        [
            0.6260099411010742,
            0.31409814953804016,
            0.7137601971626282
        ]
    ],
    "rotation_euler_deg": [
        [
            0.4145581126213074
        ],
        [
            -0.6764259338378906
        ],
        [
            -0.40435680747032166
        ]
    ],
    "translation_vector": [
        [
            47.614383697509766
        ],
        [
            -17.666250228881836
        ],
        [
            41.157047271728516
        ]
    ]
}