{
    "extrinsic_matrix": [
        [
            0.9254194498062134,
            0.12342430651187897,
            0.3582797050476074,
            44.39839172363281
        ],
        [
            0.1164216697216034,
            0.807140052318573,
            -0.5787663459777832,
            -17.26568031311035
        ],
        [
            -0.3606160879135132,
            0.5773131251335144,
            0.7325742244720459,
            40.4643669128418
        ],
        [
            0.0,
            0.0,
            0.0,
            1.0
        ]
    ],
    "rotation_matrix": [
        [
            0.9254194498062134,
            0.12342430651187897,
            0.3582797050476074
        ],
        [
            0.1164216697216034,
            0.807140052318573,
            -0.5787663459777832
        ],
        [
            -0.3606160879135132,
            0.5773131251335144,
            0.7325742244720459
        ]
    ],
    "rotation_euler_deg": [
        [
            0.6674184799194336
        ],
        [
            0.3689285218715668
        ],
        [
            0.1251467615365982
        ]
    ],
    "translation_vector": [
        [
            44.39839172363281
        ],
        [
            -17.26568031311035
        ],
        [
            40.4643669128418
        ]
    ]
}