{
    "extrinsic_matrix": [
        [
            0.9754388928413391,
            -0.2116881012916565,
            0.060877058655023575,
            44.976844787597656
        ],
        [
            -0.2192944437265396,
            -0.9592622518539429,
            0.17811711132526398,
            -17.51864242553711
        ],
        [
            0.020691994577646255,
            -0.18709228932857513,
            -0.9821242690086365,
            41.317962646484375
        ],
        [
            0.0,
            0.0,
            0.0,
            1.0
        ]
    ],
    "rotation_matrix": [
        [
            0.9754388928413391,
            -0.2116881012916565,
            0.060877058655023575
        ],
        [
            -0.2192944437265396,
            -0.9592622518539429,
            0.17811711132526398
        ],
        [
            0.020691994577646255,
            -0.18709228932857513,
            -0.9821242690086365
        ]
    ],
    "rotation_euler_deg": [
        [
            -2.95335054397583
        ],
        [
            -0.020693479105830193
        ],
        [
            -0.22113947570323944
        ]
    ],
    "translation_vector": [
        [
            44.976844787597656
        ],
        [
            -17.51864242553711
        ],
        [
            41.317962646484375
        ]
    ]
}