{
    "extrinsic_matrix": [
        [
            -0.700961709022522,
            0.2170964926481247,
            0.5438588857650757,
            46.16106414794922
        ],
        [
            -0.05835334211587906,
            -0.9419700503349304,
            0.32647863030433655,
            -19.84912872314453
        ],
        [
            0.5859211087226868,
            0.21198609471321106,
            0.6680895090103149,
            64.38007354736328
        ],
        [
            0.0,
            0.0,
            0.0,
            1.0
        ]
    ],
    "rotation_matrix": [
        [
            -0.700961709022522,
            0.2170964926481247,
            0.5438588857650757
        ],
        [
            -0.05835334211587906,
            -0.9419700503349304,
            0.32647863030433655
        ],
        [
            0.5859211087226868,
            0.21198609471321106,
            0.6680895090103149
        ]
    ],
    "rotation_euler_deg": [
        [
            0.3072535991668701
        ],
        [
            -0.6945416927337646
        ],
        [
            -3.0585365295410156
        ]
    ],
    "translation_vector": [
        [
            46.16106414794922
        ],
        [
            -19.84912872314453
        ],
        [
            64.38007354736328
        ]
    ]
}