{
    "extrinsic_matrix": [
        [
            -0.9167772531509399,
            0.05510513484477997,
            -0.07335901260375977,
            45.86882400512695
        ],
        [
            -0.10031020641326904,
            -0.9117682576179504,
            0.39516568183898926,
            -19.670368194580078
        ],
        [
            -0.04260796308517456,
            0.3831971287727356,
            0.836982011795044,
            65.61381530761719
        ],
        [
            0.0,
            0.0,
            0.0,
            1.0
        ]
    ],
    "rotation_matrix": [
        [
            -0.9167772531509399,
            0.05510513484477997,
            -0.07335901260375977
        ],
        [
            -0.10031020641326904,
            -0.9117682576179504,
            0.39516568183898926
        ],
        [
            -0.04260796308517456,
            0.3831971287727356,
            0.836982011795044
        ]
    ],
    "rotation_euler_deg": [
        [
            0.4293478727340698
        ],
        [
            0.04616725072264671
        ],
        [
            -3.0326101779937744
        ]
    ],
    "translation_vector": [
        [
            45.86882400512695
        ],
        [
            -19.670368194580078
        ],
        [
            65.61381530761719
        ]
    ]
}