{
    "extrinsic_matrix": [
        [
            -0.765067994594574,
            -0.24985718727111816,
            -0.5934990644454956,
            47.4507942199707
        ],
        [
            0.4434478282928467,
            -0.8727219104766846,
            -0.20423178374767303,
            -19.02147102355957
        ],
        [
            -0.4669310450553894,
            -0.41943681240081787,
            0.7784910202026367,
            48.70478439331055
        ],
        [
            0.0,
            0.0,
            0.0,
            1.0
        ]
    ],
    "rotation_matrix": [
        [
            -0.765067994594574,
            -0.24985718727111816,
            -0.5934990644454956
        ],
        [
            0.4434478282928467,
            -0.8727219104766846,
            -0.20423178374767303
        ],
        [
            -0.4669310450553894,
            -0.41943681240081787,
            0.7784910202026367
        ]
    ],
    "rotation_euler_deg": [
        [
            -0.49418962001800537
        ],
        [
            0.48581716418266296
        ],
        [
            2.6162941455841064
        ]
    ],
    "translation_vector": [
        [
            47.4507942199707
        ],
        [
            -19.02147102355957
        ],
        [
            48.70478439331055
        ]
    ]
}