{
    "extrinsic_matrix": [
        [
            -0.27134424448013306,
            -0.9606154561042786,
            -0.05992098152637482,
            22.59942054748535
        ],
        [
            -0.182227224111557,
            0.11240474879741669,
            -0.9768102765083313,
            -1.9550920724868774
        ],
        [
            0.945074737071991,
            -0.2541324198246002,
            -0.2055506855249405,
            12.288546562194824
        ],
        [
            0.0,
            0.0,
            0.0,
            1.0
        ]
    ],
    "rotation_matrix": [
        [
            -0.27134424448013306,
            -0.9606154561042786,
            -0.05992098152637482
        ],
        [
            -0.182227224111557,
            0.11240474879741669,
            -0.9768102765083313
        ],
        [
            0.945074737071991,
            -0.2541324198246002,
            -0.2055506855249405
        ]
    ],
    "rotation_euler_deg": [
        [
            -2.2509000301361084
        ],
        [
            -1.23782217502594
        ],
        [
            -2.550201654434204
        ]
    ],
    "translation_vector": [
        [
            22.59942054748535
        ],
        [
            -1.9550920724868774
        ],
        [
            12.288546562194824
        ]
    ]
}