{
    "extrinsic_matrix": [
        [
            -0.8127751350402832,
            -0.2919986844062805,
            0.15711447596549988,
            46.06752014160156
        ],
        [
            -0.10849446058273315,
            0.004407256841659546,
            -0.9340066313743591,
            -18.960704803466797
        ],
        [
            0.32862430810928345,
            -0.8370784521102905,
            -0.16209673881530762,
            57.9817008972168
        ],
        [
            0.0,
            0.0,
            0.0,
            1.0
        ]
    ],
    "rotation_matrix": [
        [
            -0.8127751350402832,
            -0.2919986844062805,
            0.15711447596549988
        ],
        [
            -0.10849446058273315,
            0.004407256841659546,
            -0.9340066313743591
        ],
        [
            0.32862430810928345,
            -0.8370784521102905,
            -0.16209673881530762
        ]
    ],
    "rotation_euler_deg": [
        [
            -1.7620747089385986
        ],
        [
            -0.3811691105365753
        ],
        [
            -3.0088906288146973
        ]
    ],
    "translation_vector": [
        [
            46.06752014160156
        ],
        [
            -18.960704803466797
        ],
        [
            57.9817008972168
        ]
    ]
}