{
    "extrinsic_matrix": [
        [
            -0.7863450646400452,
            -0.16454178094863892,
            0.10771256685256958,
            45.54905700683594
        ],
        [
            -0.018033146858215332,
            0.035227566957473755,
            -0.9084444642066956,
            -19.088640213012695
        ],
        [
            0.23027151823043823,
            -0.8073208332061768,
            -0.22026389837265015,
            57.94523620605469
        ],
        [
            0.0,
            0.0,
            0.0,
            1.0
        ]
    ],
    "rotation_matrix": [
        [
            -0.7863450646400452,
            -0.16454178094863892,
            0.10771256685256958
        ],
        [
            -0.018033146858215332,
            0.035227566957473755,
            -0.9084444642066956
        ],
        [
            0.23027151823043823,
            -0.8073208332061768,
            -0.22026389837265015
        ]
    ],
    "rotation_euler_deg": [
        [
            -1.8371468782424927
        ],
        [
            -0.2848021388053894
        ],
        [
            -3.118663787841797
        ]
    ],
    "translation_vector": [
        [
            45.54905700683594
        ],
        [
            -19.088640213012695
        ],
        [
            57.94523620605469
        ]
    ]
}