{
    "extrinsic_matrix": [
        [
            -0.8089994192123413,
            -0.27379053831100464,
            0.15005707740783691,
            45.99345397949219
        ],
        [
            -0.09557139873504639,
            0.008810162544250488,
            -0.93035489320755,
            -18.978981018066406
        ],
        [
            0.3145739436149597,
            -0.8328273892402649,
            -0.17040634155273438,
            57.97649002075195
        ],
        [
            0.0,
            0.0,
            0.0,
            1.0
        ]
    ],
    "rotation_matrix": [
        [
            -0.8089994192123413,
            -0.27379053831100464,
            0.15005707740783691
        ],
        [
            -0.09557139873504639,
            0.008810162544250488,
            -0.93035489320755
        ],
        [
            0.3145739436149597,
            -0.8328273892402649,
            -0.17040634155273438
        ]
    ],
    "rotation_euler_deg": [
        [
            -1.7726223468780518
        ],
        [
            -0.3685169517993927
        ],
        [
            -3.0240023136138916
        ]
    ],
    "translation_vector": [
        [
            45.99345397949219
        ],
        [
            -18.978981018066406
        ],
        [
            57.97649002075195
        ]
    ]
}