{
    "extrinsic_matrix": [
        [
            0.9688192009925842,
            -0.04489220678806305,
            0.24366767704486847,
            6.7493977546691895
        ],
        [
            -0.03253000229597092,
            -0.9979823231697083,
            -0.05452519655227661,
            -0.1973816454410553
        ],
        [
            0.24562376737594604,
            0.044898539781570435,
            -0.9683249592781067,
            2.832533597946167
        ],
        [
            0.0,
            0.0,
            0.0,
            1.0
        ]
    ],
    "rotation_matrix": [
        [
            0.9688192009925842,
            -0.04489220678806305,
            0.24366767704486847
        ],
        [
            -0.03253000229597092,
            -0.9979823231697083,
            -0.05452519655227661
        ],
        [
            0.24562376737594604,
            0.044898539781570435,
            -0.9683249592781067
        ]
    ],
    "rotation_euler_deg": [
        [
            3.0952587127685547
        ],
        [
            -0.2481631338596344
        ],
        [
            -0.03356434777379036
        ]
    ],
    "translation_vector": [
        [
            6.7493977546691895
        ],
        [
            -0.1973816454410553
        ],
        [
            2.832533597946167
        ]
    ]
}