{
    "extrinsic_matrix": [
        [
            -0.3969780206680298,
            -0.8852381110191345,
            0.24240727722644806,
            43.197044372558594
        ],
        [
            -0.28880131244659424,
            0.3711715638637543,
            0.8825106620788574,
            -11.27258014678955
        ],
        [
            -0.8712069392204285,
            0.28033000230789185,
            -0.4030053913593292,
            29.3162899017334
        ],
        [
            0.0,
            0.0,
            0.0,
            1.0
        ]
    ],
    "rotation_matrix": [
        [
            -0.3969780206680298,
            -0.8852381110191345,
            0.24240727722644806
        ],
        [
            -0.28880131244659424,
            0.3711715638637543,
            0.8825106620788574
        ],
        [
            -0.8712069392204285,
            0.28033000230789185,
            -0.4030053913593292
        ]
    ],
    "rotation_euler_deg": [
        [
            2.5338268280029297
        ],
        [
            1.057656168937683
        ],
        [
            -2.512648105621338
        ]
    ],
    "translation_vector": [
        [
            43.197044372558594
        ],
        [
            -11.27258014678955
        ],
        [
            29.3162899017334
        ]
    ]
}