{
    "extrinsic_matrix": [
        [
            0.7294926047325134,
            -0.4896598756313324,
            -0.4613860249519348,
            29.102201461791992
        ],
        [
            0.2398381531238556,
            -0.45543691515922546,
            0.8533119559288025,
            -11.600423812866211
        ],
        [
            -0.6272351145744324,
            -0.7416893243789673,
            -0.2111518681049347,
            26.374181747436523
        ],
        [
            0.0,
            0.0,
            0.0,
            1.0
        ]
    ],
    "rotation_matrix": [
        [
            0.7294926047325134,
            -0.4896598756313324,
            -0.4613860249519348
        ],
        [
            0.2398381531238556,
            -0.45543691515922546,
            0.8533119559288025
        ],
        [
            -0.6272351145744324,
            -0.7416893243789673,
            -0.2111518681049347
        ]
    ],
    "rotation_euler_deg": [
        [
            -1.8481491804122925
        ],
        [
            0.6849077343940735
        ],
        [
            0.3176414966583252
        ]
    ],
    "translation_vector": [
        [
            29.102201461791992
        ],
        [
            -11.600423812866211
        ],
        [
            26.374181747436523
        ]
    ]
}