{
    "extrinsic_matrix": [
        [
            0.844659149646759,
            0.2693857252597809,
            0.4625817835330963,
            29.162141799926758
        ],
        [
            0.431513249874115,
            -0.8540230393409729,
            -0.2905864715576172,
            -10.959522247314453
        ],
        [
            0.3167753517627716,
            0.4450569152832031,
            -0.8376021385192871,
            23.730335235595703
        ],
        [
            0.0,
            0.0,
            0.0,
            1.0
        ]
    ],
    "rotation_matrix": [
        [
            0.844659149646759,
            0.2693857252597809,
            0.4625817835330963
        ],
        [
            0.431513249874115,
            -0.8540230393409729,
            -0.2905864715576172
        ],
        [
            0.3167753517627716,
            0.4450569152832031,
            -0.8376021385192871
        ]
    ],
    "rotation_euler_deg": [
        [
            2.6531834602355957
        ],
        [
            -0.3223279118537903
        ],
        [
            0.47230783104896545
        ]
    ],
    "translation_vector": [
        [
            29.162141799926758
        ],
        [
            -10.959522247314453
        ],
        [
            23.730335235595703
        ]
    ]
}