{
    "extrinsic_matrix": [
        [
            -0.5937831401824951,
            0.7640733122825623,
            -0.2522156834602356,
            41.771690368652344
        ],
        [
            0.6410419940948486,
            0.2597754895687103,
            -0.7222058773040771,
            -20.02073097229004
        ],
        [
            -0.4862990379333496,
            -0.5905154943466187,
            -0.6440532207489014,
            57.67955780029297
        ],
        [
            0.0,
            0.0,
            0.0,
            1.0
        ]
    ],
    "rotation_matrix": [
        [
            -0.5937831401824951,
            0.7640733122825623,
            -0.2522156834602356
        ],
        [
            0.6410419940948486,
            0.2597754895687103,
            -0.7222058773040771
        ],
        [
            -0.4862990379333496,
            -0.5905154943466187,
            -0.6440532207489014
        ]
    ],
    "rotation_euler_deg": [
        [
            -2.3995327949523926
        ],
        [
            0.5078492164611816
        ],
        [
            2.317941427230835
        ]
    ],
    "translation_vector": [
        [
            41.771690368652344
        ],
        [
            -20.02073097229004
        ],
        [
            57.67955780029297
        ]
    ]
}