{
    "extrinsic_matrix": [
        [
            -0.3230997920036316,
            0.9436286091804504,
            0.07191257923841476,
            17.61996841430664
        ],
        [
            -0.6021623015403748,
            -0.14636965095996857,
            -0.7848415374755859,
            -0.45032352209091187
        ],
        [
            -0.7300733327865601,
            -0.2968854010105133,
            0.6155096888542175,
            4.621077537536621
        ],
        [
            0.0,
            0.0,
            0.0,
            1.0
        ]
    ],
    "rotation_matrix": [
        [
            -0.3230997920036316,
            0.9436286091804504,
            0.07191257923841476
        ],
        [
            -0.6021623015403748,
            -0.14636965095996857,
            -0.7848415374755859
        ],
        [
            -0.7300733327865601,
            -0.2968854010105133,
            0.6155096888542175
        ]
    ],
    "rotation_euler_deg": [
        [
            -0.44942066073417664
        ],
        [
            0.8184292912483215
        ],
        [
            -2.0632669925689697
        ]
    ],
    "translation_vector": [
        [
            17.61996841430664
        ],
        [
            -0.45032352209091187
        ],
        [
            4.621077537536621
        ]
    ]
}