{
    "extrinsic_matrix": [
        [
            0.6730084419250488,
            -0.5175645351409912,
            -0.5154741406440735,
            28.99277114868164
        ],
        [
            0.2928010821342468,
            -0.4585658311843872,
            0.8353774547576904,
            -11.424710273742676
        ],
        [
            -0.6680936813354492,
            -0.7207245826721191,
            -0.15384197235107422,
            26.15289306640625
        ],
        [
            0.0,
            0.0,
            0.0,
            1.0
        ]
    ],
    "rotation_matrix": [
        [
            0.6730084419250488,
            -0.5175645351409912,
            -0.5154741406440735
        ],
        [
            0.2928010821342468,
            -0.4585658311843872,
            0.8353774547576904
        ],
        [
            -0.6680936813354492,
            -0.7207245826721191,
            -0.15384197235107422
        ]
    ],
    "rotation_euler_deg": [
        [
            -1.7810949087142944
        ],
        [
            0.7384654879570007
        ],
        [
            0.4103631377220154
        ]
    ],
    "translation_vector": [
        [
            28.99277114868164
        ],
        [
            -11.424710273742676
        ],
        [
            26.15289306640625
        ]
    ]
}