{
    "extrinsic_matrix": [
        [
            0.06663393974304199,
            -0.31250083446502686,
            0.9474776387214661,
            47.56542205810547
        ],
        [
            -0.11424141377210617,
            0.9409684538841248,
            0.3183223009109497,
            -19.566728591918945
        ],
        [
            -0.9911691546440125,
            -0.1293584704399109,
            0.02694157138466835,
            59.23896408081055
        ],
        [
            0.0,
            0.0,
            0.0,
            1.0
        ]
    ],
    "rotation_matrix": [
        [
            0.06663393974304199,
            -0.31250083446502686,
            0.9474776387214661
        ],
        [
            -0.11424141377210617,
            0.9409684538841248,
            0.3183223009109497
        ],
        [
            -0.9911691546440125,
            -0.1293584704399109,
            0.02694157138466835
        ]
    ],
    "rotation_euler_deg": [
        [
            -1.365460991859436
        ],
        [
            1.4381473064422607
        ],
        [
            -1.042766809463501
        ]
    ],
    "translation_vector": [
        [
            47.56542205810547
        ],
        [
            -19.566728591918945
        ],
        [
            59.23896408081055
        ]
    ]
}