{
    "extrinsic_matrix": [
        [
            -0.9090464115142822,
            0.17671561241149902,
            0.37736618518829346,
            45.481014251708984
        ],
        [
            0.28673285245895386,
            0.922400951385498,
            0.2587675154209137,
            -17.199586868286133
        ],
        [
            -0.302355021238327,
            0.3434349298477173,
            -0.8891757726669312,
            43.229042053222656
        ],
        [
            0.0,
            0.0,
            0.0,
            1.0
        ]
    ],
    "rotation_matrix": [
        [
            -0.9090464115142822,
            0.17671561241149902,
            0.37736618518829346
        ],
        [
            0.28673285245895386,
            0.922400951385498,
            0.2587675154209137
        ],
        [
            -0.302355021238327,
            0.3434349298477173,
            -0.8891757726669312
        ]
    ],
    "rotation_euler_deg": [
        [
            2.7730045318603516
        ],
        [
            0.30716240406036377
        ],
        [
            2.8360483646392822
        ]
    ],
    "translation_vector": [
        [
            45.481014251708984
        ],
        [
            -17.199586868286133
        ],
        [
            43.229042053222656
        ]
    ]
}