{
    "extrinsic_matrix": [
        [
            -0.6661527156829834,
            0.2432241290807724,
            0.6434100866317749,
            46.20819854736328
        ],
        [
            -0.05158610641956329,
            -0.946841299533844,
            0.31540006399154663,
            -19.877962112426758
        ],
        [
            0.6872967481613159,
            0.18437142670154572,
            0.6408487558364868,
            64.18108367919922
        ],
        [
            0.0,
            0.0,
            0.0,
            1.0
        ]
    ],
    "rotation_matrix": [
        [
            -0.6661527156829834,
            0.2432241290807724,
            0.6434100866317749
        ],
        [
            -0.05158610641956329,
            -0.946841299533844,
            0.31540006399154663
        ],
        [
            0.6872967481613159,
            0.18437142670154572,
            0.6408487558364868
        ]
    ],
    "rotation_euler_deg": [
        [
            0.280133455991745
        ],
        [
            -0.7995251417160034
        ],
        [
            -3.064307928085327
        ]
    ],
    "translation_vector": [
        [
            46.20819854736328
        ],
        [
            -19.877962112426758
        ],
        [
            64.18108367919922
        ]
    ]
}