{
    "extrinsic_matrix": [
        [
            -0.8541210889816284,
            0.10213488340377808,
            0.10583329200744629,
            45.95366668701172
        ],
        [
            -0.0881291851401329,
            -0.9205365180969238,
            0.3752242922782898,
            -19.722265243530273
        ],
        [
            0.13986819982528687,
            0.33349066972732544,
            0.787948727607727,
            65.2556381225586
        ],
        [
            0.0,
            0.0,
            0.0,
            1.0
        ]
    ],
    "rotation_matrix": [
        [
            -0.8541210889816284,
            0.10213488340377808,
            0.10583329200744629
        ],
        [
            -0.0881291851401329,
            -0.9205365180969238,
            0.3752242922782898
        ],
        [
            0.13986819982528687,
            0.33349066972732544,
            0.787948727607727
        ]
    ],
    "rotation_euler_deg": [
        [
            0.40037816762924194
        ],
        [
            -0.16147387027740479
        ],
        [
            -3.0387754440307617
        ]
    ],
    "translation_vector": [
        [
            45.95366668701172
        ],
        [
            -19.722265243530273
        ],
        [
            65.2556381225586
        ]
    ]
}