{
    "extrinsic_matrix": [
        [
            0.6359407305717468,
            -0.535876989364624,
            -0.5509694814682007,
            28.920957565307617
        ],
        [
            0.3275579810142517,
            -0.4606192111968994,
            0.8236079216003418,
            -11.309398651123047
        ],
        [
            -0.6949070692062378,
            -0.7069664597511292,
            -0.11623236536979675,
            26.007673263549805
        ],
        [
            0.0,
            0.0,
            0.0,
            1.0
        ]
    ],
    "rotation_matrix": [
        [
            0.6359407305717468,
            -0.535876989364624,
            -0.5509694814682007
        ],
        [
            0.3275579810142517,
            -0.4606192111968994,
            0.8236079216003418
        ],
        [
            -0.6949070692062378,
            -0.7069664597511292,
            -0.11623236536979675
        ]
    ],
    "rotation_euler_deg": [
        [
            -1.7337485551834106
        ],
        [
            0.7709085941314697
        ],
        [
            0.4756357669830322
        ]
    ],
    "translation_vector": [
        [
            28.920957565307617
        ],
        [
            -11.309398651123047
        ],
        [
            26.007673263549805
        ]
    ]
}