{
    "extrinsic_matrix": [
        [
            -0.1525818556547165,
            0.42821013927459717,
            0.8907042741775513,
            43.19927215576172
        ],
        [
            -0.7652419209480286,
            0.5191322565078735,
            -0.38066530227661133,
            -12.997391700744629
        ],
        [
            -0.6253980398178101,
            -0.739687442779541,
            0.24847418069839478,
            30.283462524414062
        ],
        [
            0.0,
            0.0,
            0.0,
            1.0
        ]
    ],
    "rotation_matrix": [
        [
            -0.1525818556547165,
            0.42821013927459717,
            0.8907042741775513
        ],
        [
            -0.7652419209480286,
            0.5191322565078735,
            -0.38066530227661133
        ],
        [
            -0.6253980398178101,
            -0.739687442779541,
            0.24847418069839478
        ]
    ],
    "rotation_euler_deg": [
        [
            -1.2467215061187744
        ],
        [
            0.6756418943405151
        ],
        [
            -1.7676056623458862
        ]
    ],
    "translation_vector": [
        [
            43.19927215576172
        ],
        [
            -12.997391700744629
        ],
        [
            30.283462524414062
        ]
    ]
}