{
    "extrinsic_matrix": [
        [
            0.7136064767837524,
            -0.49750807881355286,
            -0.4765982925891876,
            29.07142448425293
        ],
        [
            0.25473397970199585,
            -0.45631691813468933,
            0.8482678532600403,
            -11.551004409790039
        ],
        [
            -0.6387265920639038,
            -0.7357929944992065,
            -0.195033460855484,
            26.31194496154785
        ],
        [
            0.0,
            0.0,
            0.0,
            1.0
        ]
    ],
    "rotation_matrix": [
        [
            0.7136064767837524,
            -0.49750807881355286,
            -0.4765982925891876
        ],
        [
            0.25473397970199585,
            -0.45631691813468933,
            0.8482678532600403
        ],
        [
            -0.6387265920639038,
            -0.7357929944992065,
            -0.195033460855484
        ]
    ],
    "rotation_euler_deg": [
        [
            -1.8299033641815186
        ],
        [
            0.7003988027572632
        ],
        [
            0.34286800026893616
        ]
    ],
    "translation_vector": [
        [
            29.07142448425293
        ],
        [
            -11.551004409790039
        ],
        [
            26.31194496154785
        ]
    ]
}