{
    "extrinsic_matrix": [
        [
            0.6800689697265625,
            -0.5140764713287354,
            -0.5087131261825562,
            29.006450653076172
        ],
        [
            0.286180704832077,
            -0.4581747353076935,
            0.8376192450523376,
            -11.446674346923828
        ],
        [
            -0.6629863381385803,
            -0.723345160484314,
            -0.16100570559501648,
            26.18055534362793
        ],
        [
            0.0,
            0.0,
            0.0,
            1.0
        ]
    ],
    "rotation_matrix": [
        [
            0.6800689697265625,
            -0.5140764713287354,
            -0.5087131261825562
        ],
        [
            0.286180704832077,
            -0.4581747353076935,
            0.8376192450523376
        ],
        [
            -0.6629863381385803,
            -0.723345160484314,
            -0.16100570559501648
        ]
    ],
    "rotation_euler_deg": [
        [
            -1.7898108959197998
        ],
        [
            0.7320202589035034
        ],
        [
            0.3983174264431
        ]
    ],
    "translation_vector": [
        [
            29.006450653076172
        ],
        [
            -11.446674346923828
        ],
        [
            26.18055534362793
        ]
    ]
}