{
    "extrinsic_matrix": [
        [
            -0.9804378747940063,
            -0.02756326086819172,
            -0.19488702714443207,
            47.2489128112793
        ],
        [
            -0.15827254951000214,
            -0.4781976640224457,
            0.8638732433319092,
            -18.608997344970703
        ],
        [
            -0.11700522154569626,
            0.8778200149536133,
            0.46448057889938354,
            55.1860237121582
        ],
        [
            0.0,
            0.0,
            0.0,
            1.0
        ]
    ],
    "rotation_matrix": [
        [
            -0.9804378747940063,
            -0.02756326086819172,
            -0.19488702714443207
        ],
        [
            -0.15827254951000214,
            -0.4781976640224457,
            0.8638732433319092
        ],
        [
            -0.11700522154569626,
            0.8778200149536133,
            0.46448057889938354
        ]
    ],
    "rotation_euler_deg": [
        [
            1.0841175317764282
        ],
        [
            0.11727391928434372
        ],
        [
            -2.9815428256988525
        ]
    ],
    "translation_vector": [
        [
            47.2489128112793
        ],
        [
            -18.608997344970703
        ],
        [
            55.1860237121582
        ]
    ]
}