{
    "extrinsic_matrix": [
        [
            0.7921003699302673,
            -0.4525647759437561,
            -0.4095875024795532,
            28.959569931030273
        ],
        [
            0.18535861372947693,
            -0.46099308133125305,
            0.8678289651870728,
            -11.559991836547852
        ],
        [
            -0.5815661549568176,
            -0.7633280754089355,
            -0.2812661826610565,
            25.69826889038086
        ],
        [
            0.0,
            0.0,
            0.0,
            1.0
        ]
    ],
    "rotation_matrix": [
        [
            0.7921003699302673,
            -0.4525647759437561,
            -0.4095875024795532
        ],
        [
            0.18535861372947693,
            -0.46099308133125305,
            0.8678289651870728
        ],
        [
            -0.5815661549568176,
            -0.7633280754089355,
            -0.2812661826610565
        ]
    ],
    "rotation_euler_deg": [
        [
            -1.923832893371582
        ],
        [
            0.6206525564193726
        ],
        [
            0.22987261414527893
        ]
    ],
    "translation_vector": [
        [
            28.959569931030273
        ],
        [
            -11.559991836547852
        ],
        [
            25.69826889038086
        ]
    ]
}