{
    "extrinsic_matrix": [
        [
            -0.9870240688323975,
            -0.02425471879541874,
            -0.1587272733449936,
            49.104949951171875
        ],
        [
            -0.12805388867855072,
            -0.4774931073188782,
            0.8692541122436523,
            -18.562593460083008
        ],
        [
            -0.09687422960996628,
            0.8783010244369507,
            0.4681912362575531,
            55.775535583496094
        ],
        [
            0.0,
            0.0,
            0.0,
            1.0
        ]
    ],
    "rotation_matrix": [
        [
            -0.9870240688323975,
            -0.02425471879541874,
            -0.1587272733449936
        ],
        [
            -0.12805388867855072,
            -0.4774931073188782,
            0.8692541122436523
        ],
        [
            -0.09687422960996628,
            0.8783010244369507,
            0.4681912362575531
        ]
    ],
    "rotation_euler_deg": [
        [
            1.0810482501983643
        ],
        [
            0.09702644497156143
        ],
        [
            -3.01257586479187
        ]
    ],
    "translation_vector": [
        [
            49.104949951171875
        ],
        [
            -18.562593460083008
        ],
        [
            55.775535583496094
        ]
    ]
}