{
    "extrinsic_matrix": [
        [
            0.9338464140892029,
            -0.014603020623326302,
            -0.3572332561016083,
            23.59568977355957
        ],
        [
            0.35177159309387207,
            -0.14173206686973572,
            0.9252219796180725,
            -2.8187427520751953
        ],
        [
            -0.06422606110572815,
            -0.9897361993789673,
            -0.12724901735782623,
            11.806923866271973
        ],
        [
            0.0,
            0.0,
            0.0,
            1.0
        ]
    ],
    "rotation_matrix": [
        [
            0.9338464140892029,
            -0.014603020623326302,
            -0.3572332561016083
        ],
        [
            0.35177159309387207,
            -0.14173206686973572,
            0.9252219796180725
        ],
        [
            -0.06422606110572815,
            -0.9897361993789673,
            -0.12724901735782623
        ]
    ],
    "rotation_euler_deg": [
        [
            -1.6986634731292725
        ],
        [
            0.06427231431007385
        ],
        [
            0.36025241017341614
        ]
    ],
    "translation_vector": [
        [
            23.59568977355957
        ],
        [
            -2.8187427520751953
        ],
        [
            11.806923866271973
        ]
    ]
}