{
    "extrinsic_matrix": [
        [
            0.6430012583732605,
            -0.5323889255523682,
            -0.5442084670066833,
            28.93463706970215
        ],
        [
            0.3209376335144043,
            -0.4602280855178833,
            0.825849711894989,
            -11.3313627243042
        ],
        [
            -0.6897997260093689,
            -0.7095870971679688,
            -0.12339609861373901,
            26.03533363342285
        ],
        [
            0.0,
            0.0,
            0.0,
            1.0
        ]
    ],
    "rotation_matrix": [
        [
            0.6430012583732605,
            -0.5323889255523682,
            -0.5442084670066833
        ],
        [
            0.3209376335144043,
            -0.4602280855178833,
            0.825849711894989
        ],
        [
            -0.6897997260093689,
            -0.7095870971679688,
            -0.12339609861373901
        ]
    ],
    "rotation_euler_deg": [
        [
            -1.74297297000885
        ],
        [
            0.7649203538894653
        ],
        [
            0.46294689178466797
        ]
    ],
    "translation_vector": [
        [
            28.93463706970215
        ],
        [
            -11.3313627243042
        ],
        [
            26.03533363342285
        ]
    ]
}