{
    "extrinsic_matrix": [
        [
            -0.8354294300079346,
            -0.4012475609779358,
            0.1994589865207672,
            46.51191711425781
        ],
        [
            -0.1860327124595642,
            -0.02201014757156372,
            -0.9559170603752136,
            -18.85104751586914
        ],
        [
            0.41292673349380493,
            -0.8625849485397339,
            -0.11223918199539185,
            58.01295852661133
        ],
        [
            0.0,
            0.0,
            0.0,
            1.0
        ]
    ],
    "rotation_matrix": [
        [
            -0.8354294300079346,
            -0.4012475609779358,
            0.1994589865207672
        ],
        [
            -0.1860327124595642,
            -0.02201014757156372,
            -0.9559170603752136
        ],
        [
            0.41292673349380493,
            -0.8625849485397339,
            -0.11223918199539185
        ]
    ],
    "rotation_euler_deg": [
        [
            -1.7001888751983643
        ],
        [
            -0.44951102137565613
        ],
        [
            -2.922488212585449
        ]
    ],
    "translation_vector": [
        [
            46.51191711425781
        ],
        [
            -18.85104751586914
        ],
        [
            58.01295852661133
        ]
    ]
}