{
    "extrinsic_matrix": [
        [
            -0.2585550844669342,
            0.7412681579589844,
            0.6194115877151489,
            36.65361404418945
        ],
        [
            0.2762751579284668,
            0.6711750030517578,
            -0.6878924369812012,
            -11.613883972167969
        ],
        [
            -0.9256463050842285,
            -0.006730523891746998,
            -0.3783296048641205,
            25.804718017578125
        ],
        [
            0.0,
            0.0,
            0.0,
            1.0
        ]
    ],
    "rotation_matrix": [
        [
            -0.2585550844669342,
            0.7412681579589844,
            0.6194115877151489
        ],
        [
            0.2762751579284668,
            0.6711750030517578,
            -0.6878924369812012
        ],
        [
            -0.9256463050842285,
            -0.006730523891746998,
            -0.3783296048641205
        ]
    ],
    "rotation_euler_deg": [
        [
            -3.1238043308258057
        ],
        [
            1.182740330696106
        ],
        [
            2.3230745792388916
        ]
    ],
    "translation_vector": [
        [
            36.65361404418945
        ],
        [
            -11.613883972167969
        ],
        [
            25.804718017578125
        ]
    ]
}