{
    "extrinsic_matrix": [
        [
            0.7100762128829956,
            -0.4992521107196808,
            -0.4799787998199463,
            29.064584732055664
        ],
        [
            0.25804415345191956,
            -0.4565124809741974,
            0.8471469283103943,
            -11.540021896362305
        ],
        [
            -0.6412802338600159,
            -0.7344827055931091,
            -0.19145157933235168,
            26.298114776611328
        ],
        [
            0.0,
            0.0,
            0.0,
            1.0
        ]
    ],
    "rotation_matrix": [
        [
            0.7100762128829956,
            -0.4992521107196808,
            -0.4799787998199463
        ],
        [
            0.25804415345191956,
            -0.4565124809741974,
            0.8471469283103943
        ],
        [
            -0.6412802338600159,
            -0.7344827055931091,
            -0.19145157933235168
        ]
    ],
    "rotation_euler_deg": [
        [
            -1.8257842063903809
        ],
        [
            0.7037997245788574
        ],
        [
            0.3485652804374695
        ]
    ],
    "translation_vector": [
        [
            29.064584732055664
        ],
        [
            -11.540021896362305
        ],
        [
            26.298114776611328
        ]
    ]
}