{
    "extrinsic_matrix": [
        [
            0.9144353866577148,
            -0.4001612961292267,
            -0.06064614653587341,
            44.96896743774414
        ],
        [
            -0.30983930826187134,
            -0.7885423302650452,
            0.5312252640724182,
            -17.357975006103516
        ],
        [
            -0.2603979706764221,
            -0.466980516910553,
            -0.8450571298599243,
            39.715782165527344
        ],
        [
            0.0,
            0.0,
            0.0,
            1.0
        ]
    ],
    "rotation_matrix": [
        [
            0.9144353866577148,
            -0.4001612961292267,
            -0.06064614653587341
        ],
        [
            -0.30983930826187134,
            -0.7885423302650452,
            0.5312252640724182
        ],
        [
            -0.2603979706764221,
            -0.466980516910553,
            -0.8450571298599243
        ]
    ],
    "rotation_euler_deg": [
        [
            -2.636753797531128
        ],
        [
            0.26343443989753723
        ],
        [
            -0.32669052481651306
        ]
    ],
    "translation_vector": [
        [
            44.96896743774414
        ],
        [
            -17.357975006103516
        ],
        [
            39.715782165527344
        ]
    ]
}