{
    "extrinsic_matrix": [
        [
            -0.04629674553871155,
            -0.9854868650436401,
            0.000900663435459137,
            22.853551864624023
        ],
        [
            -0.1877584308385849,
            0.010800011456012726,
            -0.9793767929077148,
            -1.8277833461761475
        ],
        [
            0.9681686758995056,
            -0.04426857829093933,
            -0.1967909336090088,
            10.22584342956543
        ],
        [
            0.0,
            0.0,
            0.0,
            1.0
        ]
    ],
    "rotation_matrix": [
        [
            -0.04629674553871155,
            -0.9854868650436401,
            0.000900663435459137
        ],
        [
            -0.1877584308385849,
            0.010800011456012726,
            -0.9793767929077148
        ],
        [
            0.9681686758995056,
            -0.04426857829093933,
            -0.1967909336090088
        ]
    ],
    "rotation_euler_deg": [
        [
            -2.920323610305786
        ],
        [
            -1.3736507892608643
        ],
        [
            -1.8125499486923218
        ]
    ],
    "translation_vector": [
        [
            22.853551864624023
        ],
        [
            -1.8277833461761475
        ],
        [
            10.22584342956543
        ]
    ]
}