{
    "extrinsic_matrix": [
        [
            0.45915499329566956,
            0.8080624938011169,
            0.3690667450428009,
            45.169898986816406
        ],
        [
            0.7360739707946777,
            -0.11346341669559479,
            -0.6673237681388855,
            -17.907390594482422
        ],
        [
            -0.49736443161964417,
            0.5780658721923828,
            -0.6468913555145264,
            40.247371673583984
        ],
        [
            0.0,
            0.0,
            0.0,
            1.0
        ]
    ],
    "rotation_matrix": [
        [
            0.45915499329566956,
            0.8080624938011169,
            0.3690667450428009
        ],
        [
            0.7360739707946777,
            -0.11346341669559479,
            -0.6673237681388855
        ],
        [
            -0.49736443161964417,
            0.5780658721923828,
            -0.6468913555145264
        ]
    ],
    "rotation_euler_deg": [
        [
            2.4123215675354004
        ],
        [
            0.52055823802948
        ],
        [
            1.0130681991577148
        ]
    ],
    "translation_vector": [
        [
            45.169898986816406
        ],
        [
            -17.907390594482422
        ],
        [
            40.247371673583984
        ]
    ]
}