{
    "extrinsic_matrix": [
        [
            -0.8750064969062805,
            0.08645831048488617,
            0.04610252380371094,
            45.925384521484375
        ],
        [
            -0.09218952059745789,
            -0.9176137447357178,
            0.38187143206596375,
            -19.704965591430664
        ],
        [
            0.07904285192489624,
            0.35005950927734375,
            0.804293155670166,
            65.37503051757812
        ],
        [
            0.0,
            0.0,
            0.0,
            1.0
        ]
    ],
    "rotation_matrix": [
        [
            -0.8750064969062805,
            0.08645831048488617,
            0.04610252380371094
        ],
        [
            -0.09218952059745789,
            -0.9176137447357178,
            0.38187143206596375
        ],
        [
            0.07904285192489624,
            0.35005950927734375,
            0.804293155670166
        ]
    ],
    "rotation_euler_deg": [
        [
            0.4105108678340912
        ],
        [
            -0.08959626406431198
        ],
        [
            -3.036621332168579
        ]
    ],
    "translation_vector": [
        [
            45.925384521484375
        ],
        [
            -19.704965591430664
        ],
        [
            65.37503051757812
        ]
    ]
}