{
    "extrinsic_matrix": [
        [
            0.07305318862199783,
            -0.3023846745491028,
            0.9503621459007263,
            47.26688003540039
        ],
        [
            -0.10638398677110672,
            0.9451184272766113,
            0.3088831901550293,
            -19.444107055664062
        ],
        [
            -0.991628885269165,
            -0.12364993244409561,
            0.036871470510959625,
            60.32652282714844
        ],
        [
            0.0,
            0.0,
            0.0,
            1.0
        ]
    ],
    "rotation_matrix": [
        [
            0.07305318862199783,
            -0.3023846745491028,
            0.9503621459007263
        ],
        [
            -0.10638398677110672,
            0.9451184272766113,
            0.3088831901550293
        ],
        [
            -0.991628885269165,
            -0.12364993244409561,
            0.036871470510959625
        ]
    ],
    "rotation_euler_deg": [
        [
            -1.280998706817627
        ],
        [
            1.441382646560669
        ],
        [
            -0.9690568447113037
        ]
    ],
    "translation_vector": [
        [
            47.26688003540039
        ],
        [
            -19.444107055664062
        ],
        [
            60.32652282714844
        ]
    ]
}