{
    "extrinsic_matrix": [
        [
            0.36705413460731506,
            -0.28200143575668335,
            -0.8864232301712036,
            30.28229522705078
        ],
        [
            -0.008935531601309776,
            0.9518258571624756,
            -0.30650827288627625,
            -9.992456436157227
        ],
        [
            0.9301562905311584,
            0.12042563408613205,
            0.3468521535396576,
            23.407913208007812
        ],
        [
            0.0,
            0.0,
            0.0,
            1.0
        ]
    ],
    "rotation_matrix": [
        [
            0.36705413460731506,
            -0.28200143575668335,
            -0.8864232301712036
        ],
        [
            -0.008935531601309776,
            0.9518258571624756,
            -0.30650827288627625
        ],
        [
            0.9301562905311584,
            0.12042563408613205,
            0.3468521535396576
        ]
    ],
    "rotation_euler_deg": [
        [
            0.3341745138168335
        ],
        [
            -1.1948391199111938
        ],
        [
            -0.0243391003459692
        ]
    ],
    "translation_vector": [
        [
            30.28229522705078
        ],
        [
            -9.992456436157227
        ],
        [
            23.407913208007812
        ]
    ]
}