{
    "extrinsic_matrix": [
        [
            -0.0065569281578063965,
            -0.9897609353065491,
            0.011072296649217606,
            22.84893226623535
        ],
        [
            -0.18486790359020233,
            -0.007577002048492432,
            -0.9806305170059204,
            -1.7812186479568481
        ],
        [
            0.9729584455490112,
            -0.007535398006439209,
            -0.19145461916923523,
            9.506505966186523
        ],
        [
            0.0,
            0.0,
            0.0,
            1.0
        ]
    ],
    "rotation_matrix": [
        [
            -0.0065569281578063965,
            -0.9897609353065491,
            0.011072296649217606
        ],
        [
            -0.18486790359020233,
            -0.007577002048492432,
            -0.9806305170059204
        ],
        [
            0.9729584455490112,
            -0.007535398006439209,
            -0.19145461916923523
        ]
    ],
    "rotation_euler_deg": [
        [
            -3.1022543907165527
        ],
        [
            -1.38291335105896
        ],
        [
            -1.6062496900558472
        ]
    ],
    "translation_vector": [
        [
            22.84893226623535
        ],
        [
            -1.7812186479568481
        ],
        [
            9.506505966186523
        ]
    ]
}