{
    "extrinsic_matrix": [
        [
            0.6470580697059631,
            -0.5716385245323181,
            -0.5045248866081238,
            31.998180389404297
        ],
        [
            0.22772745788097382,
            -0.48661738634109497,
            0.8434116840362549,
            -11.674392700195312
        ],
        [
            -0.7276374697685242,
            -0.6606302261352539,
            -0.18469204008579254,
            25.97844696044922
        ],
        [
            0.0,
            0.0,
            0.0,
            1.0
        ]
    ],
    "rotation_matrix": [
        [
            0.6470580697059631,
            -0.5716385245323181,
            -0.5045248866081238
        ],
        [
            0.22772745788097382,
            -0.48661738634109497,
            0.8434116840362549
        ],
        [
            -0.7276374697685242,
            -0.6606302261352539,
            -0.18469204008579254
        ]
    ],
    "rotation_euler_deg": [
        [
            -1.8434057235717773
        ],
        [
            0.8148713707923889
        ],
        [
            0.3384045958518982
        ]
    ],
    "translation_vector": [
        [
            31.998180389404297
        ],
        [
            -11.674392700195312
        ],
        [
            25.97844696044922
        ]
    ]
}