{
    "extrinsic_matrix": [
        [
            -0.6870380640029907,
            0.2275475561618805,
            0.5836793184280396,
            46.17991638183594
        ],
        [
            -0.05564644932746887,
            -0.9439185261726379,
            0.3220472037792206,
            -19.86066246032715
        ],
        [
            0.6264713406562805,
            0.20094022154808044,
            0.6571931838989258,
            64.30047607421875
        ],
        [
            0.0,
            0.0,
            0.0,
            1.0
        ]
    ],
    "rotation_matrix": [
        [
            -0.6870380640029907,
            0.2275475561618805,
            0.5836793184280396
        ],
        [
            -0.05564644932746887,
            -0.9439185261726379,
            0.3220472037792206
        ],
        [
            0.6264713406562805,
            0.20094022154808044,
            0.6571931838989258
        ]
    ],
    "rotation_euler_deg": [
        [
            0.29672837257385254
        ],
        [
            -0.7376927137374878
        ],
        [
            -3.060774326324463
        ]
    ],
    "translation_vector": [
        [
            46.17991638183594
        ],
        [
            -19.86066246032715
        ],
        [
            64.30047607421875
        ]
    ]
}