{
    "extrinsic_matrix": [
        [
            0.7047808170318604,
            -0.5018681883811951,
            -0.4850495755672455,
            29.0543270111084
        ],
        [
            0.2630094289779663,
            -0.4568058252334595,
            0.8454656004905701,
            -11.52354907989502
        ],
        [
            -0.6451107263565063,
            -0.7325172424316406,
            -0.18607878684997559,
            26.277368545532227
        ],
        [
            0.0,
            0.0,
            0.0,
            1.0
        ]
    ],
    "rotation_matrix": [
        [
            0.7047808170318604,
            -0.5018681883811951,
            -0.4850495755672455
        ],
        [
            0.2630094289779663,
            -0.4568058252334595,
            0.8454656004905701
        ],
        [
            -0.6451107263565063,
            -0.7325172424316406,
            -0.18607878684997559
        ]
    ],
    "rotation_euler_deg": [
        [
            -1.8195610046386719
        ],
        [
            0.7088709473609924
        ],
        [
            0.35717326402664185
        ]
    ],
    "translation_vector": [
        [
            29.0543270111084
        ],
        [
            -11.52354907989502
        ],
        [
            26.277368545532227
        ]
    ]
}