{
    "extrinsic_matrix": [
        [
            -0.2580614387989044,
            0.7322149276733398,
            0.6302900314331055,
            35.85171127319336
        ],
        [
            0.257178395986557,
            0.6809111833572388,
            -0.6857251524925232,
            -12.17251205444336
        ],
        [
            -0.9312697649002075,
            -0.01486271619796753,
            -0.3640267252922058,
            25.592859268188477
        ],
        [
            0.0,
            0.0,
            0.0,
            1.0
        ]
    ],
    "rotation_matrix": [
        [
            -0.2580614387989044,
            0.7322149276733398,
            0.6302900314331055
        ],
        [
            0.257178395986557,
            0.6809111833572388,
            -0.6857251524925232
        ],
        [
            -0.9312697649002075,
            -0.01486271619796753,
            -0.3640267252922058
        ]
    ],
    "rotation_euler_deg": [
        [
            -3.1007866859436035
        ],
        [
            1.197882890701294
        ],
        [
            2.357908248901367
        ]
    ],
    "translation_vector": [
        [
            35.85171127319336
        ],
        [
            -12.17251205444336
        ],
        [
            25.592859268188477
        ]
    ]
}