{
    "extrinsic_matrix": [
        [
            -0.10193249583244324,
            -0.9795032143592834,
            -0.01333962008357048,
            22.860021591186523
        ],
        [
            -0.1918051540851593,
            0.036527834832668304,
            -0.9776215553283691,
            -1.8929738998413086
        ],
        [
            0.9614629745483398,
            -0.09569504857063293,
            -0.20426174998283386,
            11.232915878295898
        ],
        [
            0.0,
            0.0,
            0.0,
            1.0
        ]
    ],
    "rotation_matrix": [
        [
            -0.10193249583244324,
            -0.9795032143592834,
            -0.01333962008357048
        ],
        [
            -0.1918051540851593,
            0.036527834832668304,
            -0.9776215553283691
        ],
        [
            0.9614629745483398,
            -0.09569504857063293,
            -0.20426174998283386
        ]
    ],
    "rotation_euler_deg": [
        [
            -2.70346736907959
        ],
        [
            -1.3486117124557495
        ],
        [
            -2.059276580810547
        ]
    ],
    "translation_vector": [
        [
            22.860021591186523
        ],
        [
            -1.8929738998413086
        ],
        [
            11.232915878295898
        ]
    ]
}