{
    "extrinsic_matrix": [
        [
            -0.28345176577568054,
            0.7390133738517761,
            0.611158013343811,
            39.697872161865234
        ],
        [
            0.3678153455257416,
            0.6723355650901794,
            -0.64239901304245,
            -11.920326232910156
        ],
        [
            -0.8856449127197266,
            0.04270371422171593,
            -0.4623951017856598,
            25.168296813964844
        ],
        [
            0.0,
            0.0,
            0.0,
            1.0
        ]
    ],
    "rotation_matrix": [
        [
            -0.28345176577568054,
            0.7390133738517761,
            0.611158013343811
        ],
        [
            0.3678153455257416,
            0.6723355650901794,
            -0.64239901304245
        ],
        [
            -0.8856449127197266,
            0.04270371422171593,
            -0.4623951017856598
        ]
    ],
    "rotation_euler_deg": [
        [
            3.0495004653930664
        ],
        [
            1.087881088256836
        ],
        [
            2.227374315261841
        ]
    ],
    "translation_vector": [
        [
            39.697872161865234
        ],
        [
            -11.920326232910156
        ],
        [
            25.168296813964844
        ]
    ]
}