{
    "extrinsic_matrix": [
        [
            0.08194102346897125,
            -0.29325079917907715,
            0.9525172710418701,
            47.19521713256836
        ],
        [
            -0.1015266552567482,
            0.9483035802841187,
            0.30068671703338623,
            -19.200807571411133
        ],
        [
            -0.9914523959159851,
            -0.12134464085102081,
            0.04793141782283783,
            61.95258331298828
        ],
        [
            0.0,
            0.0,
            0.0,
            1.0
        ]
    ],
    "rotation_matrix": [
        [
            0.08194102346897125,
            -0.29325079917907715,
            0.9525172710418701
        ],
        [
            -0.1015266552567482,
            0.9483035802841187,
            0.30068671703338623
        ],
        [
            -0.9914523959159851,
            -0.12134464085102081,
            0.04793141782283783
        ]
    ],
    "rotation_euler_deg": [
        [
            -1.1946057081222534
        ],
        [
            1.4399549961090088
        ],
        [
            -0.8917478919029236
        ]
    ],
    "translation_vector": [
        [
            47.19521713256836
        ],
        [
            -19.200807571411133
        ],
        [
            61.95258331298828
        ]
    ]
}