{
    "extrinsic_matrix": [
        [
            -0.8258689641952515,
            -0.5612406730651855,
            -0.05430154502391815,
            43.202301025390625
        ],
        [
            -0.46417978405952454,
            0.7313833236694336,
            -0.499614953994751,
            -14.590641021728516
        ],
        [
            0.32011985778808594,
            -0.3874110281467438,
            -0.8645434975624084,
            34.45466232299805
        ],
        [
            0.0,
            0.0,
            0.0,
            1.0
        ]
    ],
    "rotation_matrix": [
        [
            -0.8258689641952515,
            -0.5612406730651855,
            -0.05430154502391815
        ],
        [
            -0.46417978405952454,
            0.7313833236694336,
            -0.499614953994751
        ],
        [
            0.32011985778808594,
            -0.3874110281467438,
            -0.8645434975624084
        ]
    ],
    "rotation_euler_deg": [
        [
            -2.720311164855957
        ],
        [
            -0.32585614919662476
        ],
        [
            -2.629544973373413
        ]
    ],
    "translation_vector": [
        [
            43.202301025390625
        ],
        [
            -14.590641021728516
        ],
        [
            34.45466232299805
        ]
    ]
}