{
    "extrinsic_matrix": [
        [
            -0.707054853439331,
            0.217829167842865,
            -0.04049317538738251,
            43.99367141723633
        ],
        [
            0.25335073471069336,
            0.127688467502594,
            -0.8317580223083496,
            -19.472442626953125
        ],
        [
            -0.06478697061538696,
            -0.718048095703125,
            -0.39476537704467773,
            57.835838317871094
        ],
        [
            0.0,
            0.0,
            0.0,
            1.0
        ]
    ],
    "rotation_matrix": [
        [
            -0.707054853439331,
            0.217829167842865,
            -0.04049317538738251
        ],
        [
            0.25335073471069336,
            0.127688467502594,
            -0.8317580223083496
        ],
        [
            -0.06478697061538696,
            -0.718048095703125,
            -0.39476537704467773
        ]
    ],
    "rotation_euler_deg": [
        [
            -2.073467254638672
        ],
        [
            0.08604604005813599
        ],
        [
            2.7975265979766846
        ]
    ],
    "translation_vector": [
        [
            43.99367141723633
        ],
        [
            -19.472442626953125
        ],
        [
            57.835838317871094
        ]
    ]
}