{
    "extrinsic_matrix": [
        [
            -0.6277646422386169,
            0.6002000570297241,
            -0.1886989325284958,
            42.43828582763672
        ],
        [
            0.524734616279602,
            0.22014938294887543,
            -0.7550715208053589,
            -19.856245040893555
        ],
        [
            -0.3598453998565674,
            -0.6287752389907837,
            -0.5692668557167053,
            57.7264404296875
        ],
        [
            0.0,
            0.0,
            0.0,
            1.0
        ]
    ],
    "rotation_matrix": [
        [
            -0.6277646422386169,
            0.6002000570297241,
            -0.1886989325284958
        ],
        [
            0.524734616279602,
            0.22014938294887543,
            -0.7550715208053589
        ],
        [
            -0.3598453998565674,
            -0.6287752389907837,
            -0.5692668557167053
        ]
    ],
    "rotation_euler_deg": [
        [
            -2.3065638542175293
        ],
        [
            0.4143448770046234
        ],
        [
            2.445354461669922
        ]
    ],
    "translation_vector": [
        [
            42.43828582763672
        ],
        [
            -19.856245040893555
        ],
        [
            57.7264404296875
        ]
    ]
}