{
    "extrinsic_matrix": [
        [
            0.9442715644836426,
            -0.041166771203279495,
            -0.3265831172466278,
            23.3225154876709
        ],
        [
            0.32089439034461975,
            -0.10591401904821396,
            0.9411740899085999,
            -2.5987324714660645
        ],
        [
            -0.07333509624004364,
            -0.9935228824615479,
            -0.08680135756731033,
            9.995901107788086
        ],
        [
            0.0,
            0.0,
            0.0,
            1.0
        ]
    ],
    "rotation_matrix": [
        [
            0.9442715644836426,
            -0.041166771203279495,
            -0.3265831172466278
        ],
        [
            0.32089439034461975,
            -0.10591401904821396,
            0.9411740899085999
        ],
        [
            -0.07333509624004364,
            -0.9935228824615479,
            -0.08680135756731033
        ]
    ],
    "rotation_euler_deg": [
        [
            -1.657942295074463
        ],
        [
            0.07340098917484283
        ],
        [
            0.3275885581970215
        ]
    ],
    "translation_vector": [
        [
            23.3225154876709
        ],
        [
            -2.5987324714660645
        ],
        [
            9.995901107788086
        ]
    ]
}