{
    "extrinsic_matrix": [
        [
            -0.5753874778747559,
            0.8047288656234741,
            0.1460828334093094,
            46.07006072998047
        ],
        [
            0.0839320495724678,
            0.2357652634382248,
            -0.9681786894798279,
            -19.38369369506836
        ],
        [
            -0.8135624527931213,
            -0.5448176860809326,
            -0.20319864153862,
            58.95481491088867
        ],
        [
            0.0,
            0.0,
            0.0,
            1.0
        ]
    ],
    "rotation_matrix": [
        [
            -0.5753874778747559,
            0.8047288656234741,
            0.1460828334093094
        ],
        [
            0.0839320495724678,
            0.2357652634382248,
            -0.9681786894798279
        ],
        [
            -0.8135624527931213,
            -0.5448176860809326,
            -0.20319864153862
        ]
    ],
    "rotation_euler_deg": [
        [
            -1.9277828931808472
        ],
        [
            0.9502532482147217
        ],
        [
            2.996743679046631
        ]
    ],
    "translation_vector": [
        [
            46.07006072998047
        ],
        [
            -19.38369369506836
        ],
        [
            58.95481491088867
        ]
    ]
}