{
    "extrinsic_matrix": [
        [
            0.6377058625221252,
            -0.5350049734115601,
            -0.5492792129516602,
            28.92437744140625
        ],
        [
            0.32590290904045105,
            -0.4605214297771454,
            0.8241683840751648,
            -11.314889907836914
        ],
        [
            -0.6936302185058594,
            -0.7076216340065002,
            -0.11802330613136292,
            26.01458740234375
        ],
        [
            0.0,
            0.0,
            0.0,
            1.0
        ]
    ],
    "rotation_matrix": [
        [
            0.6377058625221252,
            -0.5350049734115601,
            -0.5492792129516602
        ],
        [
            0.32590290904045105,
            -0.4605214297771454,
            0.8241683840751648
        ],
        [
            -0.6936302185058594,
            -0.7076216340065002,
            -0.11802330613136292
        ]
    ],
    "rotation_euler_deg": [
        [
            -1.7360637187957764
        ],
        [
            0.7694203853607178
        ],
        [
            0.4724526107311249
        ]
    ],
    "translation_vector": [
        [
            28.92437744140625
        ],
        [
            -11.314889907836914
        ],
        [
            26.01458740234375
        ]
    ]
}