{
    "extrinsic_matrix": [
        [
            -0.6591908931732178,
            0.2484496533870697,
            0.6633203625679016,
            46.21762466430664
        ],
        [
            -0.0502326600253582,
            -0.9478155374526978,
            0.31318435072898865,
            -19.88372802734375
        ],
        [
            0.7075718641281128,
            0.1788484901189804,
            0.6354005932807922,
            64.14128112792969
        ],
        [
            0.0,
            0.0,
            0.0,
            1.0
        ]
    ],
    "rotation_matrix": [
        [
            -0.6591908931732178,
            0.2484496533870697,
            0.6633203625679016
        ],
        [
            -0.0502326600253582,
            -0.9478155374526978,
            0.31318435072898865
        ],
        [
            0.7075718641281128,
            0.1788484901189804,
            0.6354005932807922
        ]
    ],
    "rotation_euler_deg": [
        [
            0.2743746340274811
        ],
        [
            -0.8193375468254089
        ],
        [
            -3.0655360221862793
        ]
    ],
    "translation_vector": [
        [
            46.21762466430664
        ],
        [
            -19.88372802734375
        ],
        [
            64.14128112792969
        ]
    ]
}