{
    "extrinsic_matrix": [
        [
            0.35748937726020813,
            0.9338915348052979,
            -0.006914710626006126,
            19.585304260253906
        ],
        [
            -0.26881206035614014,
            0.10998499393463135,
            0.9568924307823181,
            -1.2193139791488647
        ],
        [
            0.8943944573402405,
            -0.34022048115730286,
            0.29035988450050354,
            6.002859592437744
        ],
        [
            0.0,
            0.0,
            0.0,
            1.0
        ]
    ],
    "rotation_matrix": [
        [
            0.35748937726020813,
            0.9338915348052979,
            -0.006914710626006126
        ],
        [
            -0.26881206035614014,
            0.10998499393463135,
            0.9568924307823181
        ],
        [
            0.8943944573402405,
            -0.34022048115730286,
            0.29035988450050354
        ]
    ],
    "rotation_euler_deg": [
        [
            -0.8643049597740173
        ],
        [
            -1.1070754528045654
        ],
        [
            -0.6447442173957825
        ]
    ],
    "translation_vector": [
        [
            19.585304260253906
        ],
        [
            -1.2193139791488647
        ],
        [
            6.002859592437744
        ]
    ]
}