{
    "extrinsic_matrix": [
        [
            -0.8958919048309326,
            0.07078172266483307,
            -0.013628244400024414,
            45.8971061706543
        ],
        [
            -0.09624986350536346,
            -0.9146909713745117,
            0.3885185718536377,
            -19.687665939331055
        ],
        [
            0.01821744441986084,
            0.3666282892227173,
            0.820637583732605,
            65.49442291259766
        ],
        [
            0.0,
            0.0,
            0.0,
            1.0
        ]
    ],
    "rotation_matrix": [
        [
            -0.8958919048309326,
            0.07078172266483307,
            -0.013628244400024414
        ],
        [
            -0.09624986350536346,
            -0.9146909713745117,
            0.3885185718536377
        ],
        [
            0.01821744441986084,
            0.3666282892227173,
            0.820637583732605
        ]
    ],
    "rotation_euler_deg": [
        [
            0.4201565086841583
        ],
        [
            -0.020215321332216263
        ],
        [
            -3.0345685482025146
        ]
    ],
    "translation_vector": [
        [
            45.8971061706543
        ],
        [
            -19.687665939331055
        ],
        [
            65.49442291259766
        ]
    ]
}