{
    "extrinsic_matrix": [
        [
            0.7380335330963135,
            0.11870674043893814,
            -0.6642396450042725,
            46.960784912109375
        ],
        [
            -0.2999480366706848,
            0.9395126700401306,
            -0.16536878049373627,
            -17.599088668823242
        ],
        [
            0.6044316291809082,
            0.3212850093841553,
            0.728998064994812,
            40.323997497558594
        ],
        [
            0.0,
            0.0,
            0.0,
            1.0
        ]
    ],
    "rotation_matrix": [
        [
            0.7380335330963135,
            0.11870674043893814,
            -0.6642396450042725
        ],
        [
            -0.2999480366706848,
            0.9395126700401306,
            -0.16536878049373627
        ],
        [
            0.6044316291809082,
            0.3212850093841553,
            0.728998064994812
        ]
    ],
    "rotation_euler_deg": [
        [
            0.41511106491088867
        ],
        [
            -0.6490522623062134
        ],
        [
            -0.38602444529533386
        ]
    ],
    "translation_vector": [
        [
            46.960784912109375
        ],
        [
            -17.599088668823242
        ],
        [
            40.323997497558594
        ]
    ]
}