{
    "extrinsic_matrix": [
        [
            0.10061025619506836,
            -0.6085370182991028,
            -0.4272375702857971,
            30.288068771362305
        ],
        [
            0.06467153877019882,
            0.44744741916656494,
            -0.6242742538452148,
            -9.729053497314453
        ],
        [
            0.9483463168144226,
            -0.022047601640224457,
            0.26260000467300415,
            23.335224151611328
        ],
        [
            0.0,
            0.0,
            0.0,
            1.0
        ]
    ],
    "rotation_matrix": [
        [
            0.10061025619506836,
            -0.6085370182991028,
            -0.4272375702857971
        ],
        [
            0.06467153877019882,
            0.44744741916656494,
            -0.6242742538452148
        ],
        [
            0.9483463168144226,
            -0.022047601640224457,
            0.26260000467300415
        ]
    ],
    "rotation_euler_deg": [
        [
            -0.08376242965459824
        ],
        [
            -1.4453414678573608
        ],
        [
            0.5712918639183044
        ]
    ],
    "translation_vector": [
        [
            30.288068771362305
        ],
        [
            -9.729053497314453
        ],
        [
            23.335224151611328
        ]
    ]
}