{
    "extrinsic_matrix": [
        [
            0.9814941883087158,
            0.1799616664648056,
            0.06544408947229385,
            23.65755271911621
        ],
        [
            0.178961381316185,
            -0.7404426336288452,
            -0.6478556990623474,
            -4.207082271575928
        ],
        [
            -0.06813187152147293,
            0.6475787162780762,
            -0.7589465975761414,
            16.218441009521484
        ],
        [
            0.0,
            0.0,
            0.0,
            1.0
        ]
    ],
    "rotation_matrix": [
        [
            0.9814941883087158,
            0.1799616664648056,
            0.06544408947229385
        ],
        [
            0.178961381316185,
            -0.7404426336288452,
            -0.6478556990623474
        ],
        [
            -0.06813187152147293,
            0.6475787162780762,
            -0.7589465975761414
        ]
    ],
    "rotation_euler_deg": [
        [
            2.435209035873413
        ],
        [
            0.06818469613790512
        ],
        [
            0.18035435676574707
        ]
    ],
    "translation_vector": [
        [
            23.65755271911621
        ],
        [
            -4.207082271575928
        ],
        [
            16.218441009521484
        ]
    ]
}