{
    "extrinsic_matrix": [
        [
            -0.22205360233783722,
            0.4130462110042572,
            -0.8832241892814636,
            25.26025390625
        ],
        [
            -0.48292076587677,
            -0.8335193395614624,
            -0.2683888375759125,
            -6.1427083015441895
        ],
        [
            -0.8470414280891418,
            0.3669307231903076,
            0.38455498218536377,
            18.87107276916504
        ],
        [
            0.0,
            0.0,
            0.0,
            1.0
        ]
    ],
    "rotation_matrix": [
        [
            -0.22205360233783722,
            0.4130462110042572,
            -0.8832241892814636
        ],
        [
            -0.48292076587677,
            -0.8335193395614624,
            -0.2683888375759125
        ],
        [
            -0.8470414280891418,
            0.3669307231903076,
            0.38455498218536377
        ]
    ],
    "rotation_euler_deg": [
        [
            0.761949896812439
        ],
        [
            1.01039457321167
        ],
        [
            -2.0017812252044678
        ]
    ],
    "translation_vector": [
        [
            25.26025390625
        ],
        [
            -6.1427083015441895
        ],
        [
            18.87107276916504
        ]
    ]
}