{
    "extrinsic_matrix": [
        [
            0.6581291556358337,
            -0.5797536373138428,
            -0.4803663194179535,
            32.228187561035156
        ],
        [
            0.19094936549663544,
            -0.4886303246021271,
            0.8513391613960266,
            -11.712471008300781
        ],
        [
            -0.7282888293266296,
            -0.6520164012908936,
            -0.2108784019947052,
            25.00600242614746
        ],
        [
            0.0,
            0.0,
            0.0,
            1.0
        ]
    ],
    "rotation_matrix": [
        [
            0.6581291556358337,
            -0.5797536373138428,
            -0.4803663194179535
        ],
        [
            0.19094936549663544,
            -0.4886303246021271,
            0.8513391613960266
        ],
        [
            -0.7282888293266296,
            -0.6520164012908936,
            -0.2108784019947052
        ]
    ],
    "rotation_euler_deg": [
        [
            -1.8836029767990112
        ],
        [
            0.8158214092254639
        ],
        [
            0.28238624334335327
        ]
    ],
    "translation_vector": [
        [
            32.228187561035156
        ],
        [
            -11.712471008300781
        ],
        [
            25.00600242614746
        ]
    ]
}