{
    "extrinsic_matrix": [
        [
            0.53253573179245,
            -0.7918332815170288,
            -0.29900556802749634,
            46.167240142822266
        ],
        [
            0.6258647441864014,
            0.13056133687496185,
            0.7689257860183716,
            -17.89280891418457
        ],
        [
            -0.569823145866394,
            -0.5966179370880127,
            0.565109372138977,
            40.31877517700195
        ],
        [
            0.0,
            0.0,
            0.0,
            1.0
        ]
    ],
    "rotation_matrix": [
        [
            0.53253573179245,
            -0.7918332815170288,
            -0.29900556802749634
        ],
        [
            0.6258647441864014,
            0.13056133687496185,
            0.7689257860183716
        ],
        [
            -0.569823145866394,
            -0.5966179370880127,
            0.565109372138977
        ]
    ],
    "rotation_euler_deg": [
        [
            -0.8125137090682983
        ],
        [
            0.6062908172607422
        ],
        [
            0.8657916784286499
        ]
    ],
    "translation_vector": [
        [
            46.167240142822266
        ],
        [
            -17.89280891418457
        ],
        [
            40.31877517700195
        ]
    ]
}