{
    "extrinsic_matrix": [
        [
            0.21903452277183533,
            -0.9707678556442261,
            -0.09815018624067307,
            16.687894821166992
        ],
        [
            -0.9370392560958862,
            -0.2373264878988266,
            0.2561902701854706,
            -0.716117262840271
        ],
        [
            -0.27199506759643555,
            0.03585617616772652,
            -0.9616305232048035,
            1.3910129070281982
        ],
        [
            0.0,
            0.0,
            0.0,
            1.0
        ]
    ],
    "rotation_matrix": [
        [
            0.21903452277183533,
            -0.9707678556442261,
            -0.09815018624067307
        ],
        [
            -0.9370392560958862,
            -0.2373264878988266,
            0.2561902701854706
        ],
        [
            -0.27199506759643555,
            0.03585617616772652,
            -0.9616305232048035
        ]
    ],
    "rotation_euler_deg": [
        [
            3.104323148727417
        ],
        [
            0.2754656672477722
        ],
        [
            -1.341167688369751
        ]
    ],
    "translation_vector": [
        [
            16.687894821166992
        ],
        [
            -0.716117262840271
        ],
        [
            1.3910129070281982
        ]
    ]
}