{
    "extrinsic_matrix": [
        [
            -0.8500908613204956,
            -0.4741787016391754,
            0.22912776470184326,
            46.90196228027344
        ],
        [
            -0.2392888218164444,
            -0.039787668734788895,
            -0.9701328277587891,
            -18.90008544921875
        ],
        [
            0.46913355588912964,
            -0.8795287013053894,
            -0.07964227348566055,
            57.04572296142578
        ],
        [
            0.0,
            0.0,
            0.0,
            1.0
        ]
    ],
    "rotation_matrix": [
        [
            -0.8500908613204956,
            -0.4741787016391754,
            0.22912776470184326
        ],
        [
            -0.2392888218164444,
            -0.039787668734788895,
            -0.9701328277587891
        ],
        [
            0.46913355588912964,
            -0.8795287013053894,
            -0.07964227348566055
        ]
    ],
    "rotation_euler_deg": [
        [
            -1.6611011028289795
        ],
        [
            -0.48830944299697876
        ],
        [
            -2.867206335067749
        ]
    ],
    "translation_vector": [
        [
            46.90196228027344
        ],
        [
            -18.90008544921875
        ],
        [
            57.04572296142578
        ]
    ]
}