{
    "extrinsic_matrix": [
        [
            0.7665603160858154,
            -0.471347451210022,
            -0.4258906841278076,
            29.174015045166016
        ],
        [
            0.20508122444152832,
            -0.45338356494903564,
            0.8650814294815063,
            -11.71573543548584
        ],
        [
            -0.6004217267036438,
            -0.7554473876953125,
            -0.24876147508621216,
            26.5194034576416
        ],
        [
            0.0,
            0.0,
            0.0,
            1.0
        ]
    ],
    "rotation_matrix": [
        [
            0.7665603160858154,
            -0.471347451210022,
            -0.4258906841278076
        ],
        [
            0.20508122444152832,
            -0.45338356494903564,
            0.8650814294815063
        ],
        [
            -0.6004217267036438,
            -0.7554473876953125,
            -0.24876147508621216
        ]
    ],
    "rotation_euler_deg": [
        [
            -1.8889037370681763
        ],
        [
            0.6477477550506592
        ],
        [
            0.26141229271888733
        ]
    ],
    "translation_vector": [
        [
            29.174015045166016
        ],
        [
            -11.71573543548584
        ],
        [
            26.5194034576416
        ]
    ]
}