{
    "extrinsic_matrix": [
        [
            0.7506741881370544,
            -0.47919562458992004,
            -0.4411029815673828,
            29.143238067626953
        ],
        [
            0.21997705101966858,
            -0.4542635679244995,
            0.8600373864173889,
            -11.666316032409668
        ],
        [
            -0.6119132041931152,
            -0.7495510578155518,
            -0.23264306783676147,
            26.457164764404297
        ],
        [
            0.0,
            0.0,
            0.0,
            1.0
        ]
    ],
    "rotation_matrix": [
        [
            0.7506741881370544,
            -0.47919562458992004,
            -0.4411029815673828
        ],
        [
            0.21997705101966858,
            -0.4542635679244995,
            0.8600373864173889
        ],
        [
            -0.6119132041931152,
            -0.7495510578155518,
            -0.23264306783676147
        ]
    ],
    "rotation_euler_deg": [
        [
            -1.8717454671859741
        ],
        [
            0.6638275384902954
        ],
        [
            0.2850586771965027
        ]
    ],
    "translation_vector": [
        [
            29.143238067626953
        ],
        [
            -11.666316032409668
        ],
        [
            26.457164764404297
        ]
    ]
}