{
    "extrinsic_matrix": [
        [
            0.6571222543716431,
            -0.5254127383232117,
            -0.5306864380836487,
            28.961994171142578
        ],
        [
            0.3076968789100647,
            -0.45944586396217346,
            0.8303333520889282,
            -11.375290870666504
        ],
        [
            -0.6795850992202759,
            -0.7148282527923584,
            -0.13772358000278473,
            26.090656280517578
        ],
        [
            0.0,
            0.0,
            0.0,
            1.0
        ]
    ],
    "rotation_matrix": [
        [
            0.6571222543716431,
            -0.5254127383232117,
            -0.5306864380836487
        ],
        [
            0.3076968789100647,
            -0.45944586396217346,
            0.8303333520889282
        ],
        [
            -0.6795850992202759,
            -0.7148282527923584,
            -0.13772358000278473
        ]
    ],
    "rotation_euler_deg": [
        [
            -1.7611308097839355
        ],
        [
            0.7526673078536987
        ],
        [
            0.437925785779953
        ]
    ],
    "translation_vector": [
        [
            28.961994171142578
        ],
        [
            -11.375290870666504
        ],
        [
            26.090656280517578
        ]
    ]
}