{
    "extrinsic_matrix": [
        [
            0.9396532773971558,
            -0.03220606595277786,
            -0.34045934677124023,
            23.559711456298828
        ],
        [
            0.33450278639793396,
            -0.1210521012544632,
            0.9345165491104126,
            -2.7659215927124023
        ],
        [
            -0.07139404118061066,
            -0.992062509059906,
            -0.10300393402576447,
            11.03177547454834
        ],
        [
            0.0,
            0.0,
            0.0,
            1.0
        ]
    ],
    "rotation_matrix": [
        [
            0.9396532773971558,
            -0.03220606595277786,
            -0.34045934677124023
        ],
        [
            0.33450278639793396,
            -0.1210521012544632,
            0.9345165491104126
        ],
        [
            -0.07139404118061066,
            -0.992062509059906,
            -0.10300393402576447
        ]
    ],
    "rotation_euler_deg": [
        [
            -1.6742537021636963
        ],
        [
            0.07145706564188004
        ],
        [
            0.3419969975948334
        ]
    ],
    "translation_vector": [
        [
            23.559711456298828
        ],
        [
            -2.7659215927124023
        ],
        [
            11.03177547454834
        ]
    ]
}