{
    "extrinsic_matrix": [
        [
            0.9355055093765259,
            -0.019632462412118912,
            -0.3524407148361206,
            23.585411071777344
        ],
        [
            0.3468376398086548,
            -0.13582350313663483,
            0.9278775453567505,
            -2.8036510944366455
        ],
        [
            -0.06627405434846878,
            -0.9904008507728577,
            -0.1203218474984169,
            11.585453033447266
        ],
        [
            0.0,
            0.0,
            0.0,
            1.0
        ]
    ],
    "rotation_matrix": [
        [
            0.9355055093765259,
            -0.019632462412118912,
            -0.3524407148361206
        ],
        [
            0.3468376398086548,
            -0.13582350313663483,
            0.9278775453567505
        ],
        [
            -0.06627405434846878,
            -0.9904008507728577,
            -0.1203218474984169
        ]
    ],
    "rotation_euler_deg": [
        [
            -1.6916918754577637
        ],
        [
            0.06632734090089798
        ],
        [
            0.35503849387168884
        ]
    ],
    "translation_vector": [
        [
            23.585411071777344
        ],
        [
            -2.8036510944366455
        ],
        [
            11.585453033447266
        ]
    ]
}