{
    "extrinsic_matrix": [
        [
            -0.975396454334259,
            0.20502176880836487,
            -0.0810355395078659,
            44.935447692871094
        ],
        [
            0.21505087614059448,
            0.9657681584358215,
            -0.14506813883781433,
            -17.34564971923828
        ],
        [
            0.048519257456064224,
            -0.15892599523067474,
            -0.986097514629364,
            42.30201721191406
        ],
        [
            0.0,
            0.0,
            0.0,
            1.0
        ]
    ],
    "rotation_matrix": [
        [
            -0.975396454334259,
            0.20502176880836487,
            -0.0810355395078659
        ],
        [
            0.21505087614059448,
            0.9657681584358215,
            -0.14506813883781433
        ],
        [
            0.048519257456064224,
            -0.15892599523067474,
            -0.986097514629364
        ]
    ],
    "rotation_euler_deg": [
        [
            -2.981800079345703
        ],
        [
            -0.04853833094239235
        ],
        [
            2.924588918685913
        ]
    ],
    "translation_vector": [
        [
            44.935447692871094
        ],
        [
            -17.34564971923828
        ],
        [
            42.30201721191406
        ]
    ]
}