{
    "extrinsic_matrix": [
        [
            -0.673114538192749,
            0.2379986047744751,
            0.623499870300293,
            46.19877243041992
        ],
        [
            -0.05293955281376839,
            -0.9458670616149902,
            0.3176157772541046,
            -19.872194290161133
        ],
        [
            0.667021632194519,
            0.18989436328411102,
            0.6462969183921814,
            64.22087860107422
        ],
        [
            0.0,
            0.0,
            0.0,
            1.0
        ]
    ],
    "rotation_matrix": [
        [
            -0.673114538192749,
            0.2379986047744751,
            0.623499870300293
        ],
        [
            -0.05293955281376839,
            -0.9458670616149902,
            0.3176157772541046
        ],
        [
            0.667021632194519,
            0.18989436328411102,
            0.6462969183921814
        ]
    ],
    "rotation_euler_deg": [
        [
            0.28577661514282227
        ],
        [
            -0.7793101668357849
        ],
        [
            -3.063105583190918
        ]
    ],
    "translation_vector": [
        [
            46.19877243041992
        ],
        [
            -19.872194290161133
        ],
        [
            64.22087860107422
        ]
    ]
}