{
    "extrinsic_matrix": [
        [
            0.7627934813499451,
            0.09754388779401779,
            -0.6392418742179871,
            46.60482406616211
        ],
        [
            -0.29162389039993286,
            0.9342122673988342,
            -0.20543316006660461,
            -16.968740463256836
        ],
        [
            0.5771492123603821,
            0.3431212306022644,
            0.7410575747489929,
            39.173431396484375
        ],
        [
            0.0,
            0.0,
            0.0,
            1.0
        ]
    ],
    "rotation_matrix": [
        [
            0.7627934813499451,
            0.09754388779401779,
            -0.6392418742179871
        ],
        [
            -0.29162389039993286,
            0.9342122673988342,
            -0.20543316006660461
        ],
        [
            0.5771492123603821,
            0.3431212306022644,
            0.7410575747489929
        ]
    ],
    "rotation_euler_deg": [
        [
            0.43362483382225037
        ],
        [
            -0.6152336597442627
        ],
        [
            -0.3651643395423889
        ]
    ],
    "translation_vector": [
        [
            46.60482406616211
        ],
        [
            -16.968740463256836
        ],
        [
            39.173431396484375
        ]
    ]
}