{
    "extrinsic_matrix": [
        [
            -0.8503116369247437,
            -0.47412940859794617,
            0.22840820252895355,
            46.855072021484375
        ],
        [
            -0.23850688338279724,
            -0.039704710245132446,
            -0.9703284502029419,
            -18.839014053344727
        ],
        [
            0.4691309630870819,
            -0.8795590400695801,
            -0.07932154834270477,
            57.539756774902344
        ],
        [
            0.0,
            0.0,
            0.0,
            1.0
        ]
    ],
    "rotation_matrix": [
        [
            -0.8503116369247437,
            -0.47412940859794617,
            0.22840820252895355
        ],
        [
            -0.23850688338279724,
            -0.039704710245132446,
            -0.9703284502029419
        ],
        [
            0.4691309630870819,
            -0.8795590400695801,
            -0.07932154834270477
        ]
    ],
    "rotation_euler_deg": [
        [
            -1.660736322402954
        ],
        [
            -0.4883066713809967
        ],
        [
            -2.868126392364502
        ]
    ],
    "translation_vector": [
        [
            46.855072021484375
        ],
        [
            -18.839014053344727
        ],
        [
            57.539756774902344
        ]
    ]
}