{
    "extrinsic_matrix": [
        [
            -0.6399622559547424,
            -0.42037880420684814,
            0.07430633902549744,
            46.63235092163086
        ],
        [
            0.31485888361930847,
            -0.22691792249679565,
            -0.3909164071083069,
            -20.568370819091797
        ],
        [
            -0.13174428045749664,
            -0.5299054384231567,
            0.553722083568573,
            59.83544921875
        ],
        [
            0.0,
            0.0,
            0.0,
            1.0
        ]
    ],
    "rotation_matrix": [
        [
            -0.6399622559547424,
            -0.42037880420684814,
            0.07430633902549744
        ],
        [
            0.31485888361930847,
            -0.22691792249679565,
            -0.3909164071083069
        ],
        [
            -0.13174428045749664,
            -0.5299054384231567,
            0.553722083568573
        ]
    ],
    "rotation_euler_deg": [
        [
            -0.7634230852127075
        ],
        [
            0.18265780806541443
        ],
        [
            2.68436861038208
        ]
    ],
    "translation_vector": [
        [
            46.63235092163086
        ],
        [
            -20.568370819091797
        ],
        [
            59.83544921875
        ]
    ]
}