{
    "extrinsic_matrix": [
        [
            -0.11589209735393524,
            -0.23819400370121002,
            -0.9642779231071472,
            47.43739318847656
        ],
        [
            0.0655289888381958,
            0.9668716788291931,
            -0.24670948088169098,
            -18.873977661132812
        ],
        [
            0.9910978078842163,
            -0.09177999943494797,
            -0.09644350409507751,
            62.22187805175781
        ],
        [
            0.0,
            0.0,
            0.0,
            1.0
        ]
    ],
    "rotation_matrix": [
        [
            -0.11589209735393524,
            -0.23819400370121002,
            -0.9642779231071472
        ],
        [
            0.0655289888381958,
            0.9668716788291931,
            -0.24670948088169098
        ],
        [
            0.9910978078842163,
            -0.09177999943494797,
            -0.09644350409507751
        ]
    ],
    "rotation_euler_deg": [
        [
            -2.3809659481048584
        ],
        [
            -1.4372644424438477
        ],
        [
            2.626979351043701
        ]
    ],
    "translation_vector": [
        [
            47.43739318847656
        ],
        [
            -18.873977661132812
        ],
        [
            62.22187805175781
        ]
    ]
}