{
    "extrinsic_matrix": [
        [
            0.748909056186676,
            -0.4800676703453064,
            -0.44279322028160095,
            29.13981819152832
        ],
        [
            0.22163213789463043,
            -0.45436134934425354,
            0.8594769239425659,
            -11.6608247756958
        ],
        [
            -0.6131899952888489,
            -0.7488959431648254,
            -0.2308521270751953,
            26.45025062561035
        ],
        [
            0.0,
            0.0,
            0.0,
            1.0
        ]
    ],
    "rotation_matrix": [
        [
            0.748909056186676,
            -0.4800676703453064,
            -0.44279322028160095
        ],
        [
            0.22163213789463043,
            -0.45436134934425354,
            0.8594769239425659
        ],
        [
            -0.6131899952888489,
            -0.7488959431648254,
            -0.2308521270751953
        ]
    ],
    "rotation_euler_deg": [
        [
            -1.869810700416565
        ],
        [
            0.6656008362770081
        ],
        [
            0.28772786259651184
        ]
    ],
    "translation_vector": [
        [
            29.13981819152832
        ],
        [
            -11.6608247756958
        ],
        [
            26.45025062561035
        ]
    ]
}