{
    "extrinsic_matrix": [
        [
            0.354236900806427,
            0.9348944425582886,
            -0.022099563851952553,
            20.138887405395508
        ],
        [
            -0.233096182346344,
            0.11115819215774536,
            0.966079592704773,
            -1.061652660369873
        ],
        [
            0.9056392908096313,
            -0.3370700776576996,
            0.2572968006134033,
            6.789098739624023
        ],
        [
            0.0,
            0.0,
            0.0,
            1.0
        ]
    ],
    "rotation_matrix": [
        [
            0.354236900806427,
            0.9348944425582886,
            -0.022099563851952553
        ],
        [
            -0.233096182346344,
            0.11115819215774536,
            0.966079592704773
        ],
        [
            0.9056392908096313,
            -0.3370700776576996,
            0.2572968006134033
        ]
    ],
    "rotation_euler_deg": [
        [
            -0.9188163876533508
        ],
        [
            -1.1328847408294678
        ],
        [
            -0.5819949507713318
        ]
    ],
    "translation_vector": [
        [
            20.138887405395508
        ],
        [
            -1.061652660369873
        ],
        [
            6.789098739624023
        ]
    ]
}