{
    "extrinsic_matrix": [
        [
            -0.22909994423389435,
            -0.9658262729644775,
            -0.04588884115219116,
            22.874807357788086
        ],
        [
            -0.20105481147766113,
            0.09533429145812988,
            -0.9736096262931824,
            -2.0419809818267822
        ],
        [
            0.9461356997489929,
            -0.21324124932289124,
            -0.2213379442691803,
            13.534795761108398
        ],
        [
            0.0,
            0.0,
            0.0,
            1.0
        ]
    ],
    "rotation_matrix": [
        [
            -0.22909994423389435,
            -0.9658262729644775,
            -0.04588884115219116
        ],
        [
            -0.20105481147766113,
            0.09533429145812988,
            -0.9736096262931824
        ],
        [
            0.9461356997489929,
            -0.21324124932289124,
            -0.2213379442691803
        ]
    ],
    "rotation_euler_deg": [
        [
            -2.3748233318328857
        ],
        [
            -1.2591314315795898
        ],
        [
            -2.421300172805786
        ]
    ],
    "translation_vector": [
        [
            22.874807357788086
        ],
        [
            -2.0419809818267822
        ],
        [
            13.534795761108398
        ]
    ]
}