{
    "extrinsic_matrix": [
        [
            -0.6844004988670349,
            0.3270779848098755,
            -0.08283768594264984,
            43.54927444458008
        ],
        [
            0.3308889865875244,
            0.15410587191581726,
            -0.8098475933074951,
            -19.58209991455078
        ],
        [
            -0.14908936619758606,
            -0.6925415396690369,
            -0.4446229636669159,
            57.80458068847656
        ],
        [
            0.0,
            0.0,
            0.0,
            1.0
        ]
    ],
    "rotation_matrix": [
        [
            -0.6844004988670349,
            0.3270779848098755,
            -0.08283768594264984
        ],
        [
            0.3308889865875244,
            0.15410587191581726,
            -0.8098475933074951
        ],
        [
            -0.14908936619758606,
            -0.6925415396690369,
            -0.4446229636669159
        ]
    ],
    "rotation_euler_deg": [
        [
            -2.141538619995117
        ],
        [
            0.19366271793842316
        ],
        [
            2.691254138946533
        ]
    ],
    "translation_vector": [
        [
            43.54927444458008
        ],
        [
            -19.58209991455078
        ],
        [
            57.80458068847656
        ]
    ]
}