{
    "extrinsic_matrix": [
        [
            0.0702662318944931,
            -0.30604487657546997,
            0.949418842792511,
            47.34101486206055
        ],
        [
            -0.1087498888373375,
            0.9437479376792908,
            0.3122625946998596,
            -19.4705867767334
        ],
        [
            -0.9915804266929626,
            -0.1251891404390335,
            0.03302863985300064,
            59.80156707763672
        ],
        [
            0.0,
            0.0,
            0.0,
            1.0
        ]
    ],
    "rotation_matrix": [
        [
            0.0702662318944931,
            -0.30604487657546997,
            0.949418842792511
        ],
        [
            -0.1087498888373375,
            0.9437479376792908,
            0.3122625946998596
        ],
        [
            -0.9915804266929626,
            -0.1251891404390335,
            0.03302863985300064
        ]
    ],
    "rotation_euler_deg": [
        [
            -1.3128442764282227
        ],
        [
            1.4409561157226562
        ],
        [
            -0.9971486330032349
        ]
    ],
    "translation_vector": [
        [
            47.34101486206055
        ],
        [
            -19.4705867767334
        ],
        [
            59.80156707763672
        ]
    ]
}