{
    "extrinsic_matrix": [
        [
            0.7242376208305359,
            0.12536703050136566,
            -0.6780576109886169,
            47.70951461791992
        ],
        [
            -0.3042657971382141,
            0.9405283331871033,
            -0.1510915458202362,
            -17.571826934814453
        ],
        [
            0.618790864944458,
            0.3157358467578888,
            0.7193111181259155,
            42.14802551269531
        ],
        [
            0.0,
            0.0,
            0.0,
            1.0
        ]
    ],
    "rotation_matrix": [
        [
            0.7242376208305359,
            0.12536703050136566,
            -0.6780576109886169
        ],
        [
            -0.3042657971382141,
            0.9405283331871033,
            -0.1510915458202362
        ],
        [
            0.618790864944458,
            0.3157358467578888,
            0.7193111181259155
        ]
    ],
    "rotation_euler_deg": [
        [
            0.41362011432647705
        ],
        [
            -0.6672025918960571
        ],
        [
            -0.39772891998291016
        ]
    ],
    "translation_vector": [
        [
            47.70951461791992
        ],
        [
            -17.571826934814453
        ],
        [
            42.14802551269531
        ]
    ]
}