{
    "extrinsic_matrix": [
        [
            -0.8955639600753784,
            -0.23774278163909912,
            0.3760899007320404,
            23.845991134643555
        ],
        [
            -0.37084293365478516,
            0.865899920463562,
            -0.3356967568397522,
            -4.330075740814209
        ],
        [
            -0.24584656953811646,
            -0.4401082992553711,
            -0.8636343479156494,
            17.192792892456055
        ],
        [
            0.0,
            0.0,
            0.0,
            1.0
        ]
    ],
    "rotation_matrix": [
        [
            -0.8955639600753784,
            -0.23774278163909912,
            0.3760899007320404
        ],
        [
            -0.37084293365478516,
            0.865899920463562,
            -0.3356967568397522
        ],
        [
            -0.24584656953811646,
            -0.4401082992553711,
            -0.8636343479156494
        ]
    ],
    "rotation_euler_deg": [
        [
            -2.6702942848205566
        ],
        [
            0.2483929991722107
        ],
        [
            -2.749000072479248
        ]
    ],
    "translation_vector": [
        [
            23.845991134643555
        ],
        [
            -4.330075740814209
        ],
        [
            17.192792892456055
        ]
    ]
}