{
    "extrinsic_matrix": [
        [
            -0.8819682598114014,
            0.08123277127742767,
            0.02619224786758423,
            45.915958404541016
        ],
        [
            -0.09354297816753387,
            -0.916639506816864,
            0.38408714532852173,
            -19.699199676513672
        ],
        [
            0.05876767635345459,
            0.35558241605758667,
            0.8097413182258606,
            65.41482543945312
        ],
        [
            0.0,
            0.0,
            0.0,
            1.0
        ]
    ],
    "rotation_matrix": [
        [
            -0.8819682598114014,
            0.08123277127742767,
            0.02619224786758423
        ],
        [
            -0.09354297816753387,
            -0.916639506816864,
            0.38408714532852173
        ],
        [
            0.05876767635345459,
            0.35558241605758667,
            0.8097413182258606
        ]
    ],
    "rotation_euler_deg": [
        [
            0.41377848386764526
        ],
        [
            -0.0661640539765358
        ],
        [
            -3.035926103591919
        ]
    ],
    "translation_vector": [
        [
            45.915958404541016
        ],
        [
            -19.699199676513672
        ],
        [
            65.41482543945312
        ]
    ]
}