{
    "extrinsic_matrix": [
        [
            -0.08557522296905518,
            -0.21057076752185822,
            -0.9738255739212036,
            46.99613571166992
        ],
        [
            0.09492911398410797,
            0.9712418913841248,
            -0.21835318207740784,
            -19.770761489868164
        ],
        [
            0.9917989373207092,
            -0.11113019287586212,
            -0.06312427669763565,
            62.254600524902344
        ],
        [
            0.0,
            0.0,
            0.0,
            1.0
        ]
    ],
    "rotation_matrix": [
        [
            -0.08557522296905518,
            -0.21057076752185822,
            -0.9738255739212036
        ],
        [
            0.09492911398410797,
            0.9712418913841248,
            -0.21835318207740784
        ],
        [
            0.9917989373207092,
            -0.11113019287586212,
            -0.06312427669763565
        ]
    ],
    "rotation_euler_deg": [
        [
            -2.087369918823242
        ],
        [
            -1.442638635635376
        ],
        [
            2.304419994354248
        ]
    ],
    "translation_vector": [
        [
            46.99613571166992
        ],
        [
            -19.770761489868164
        ],
        [
            62.254600524902344
        ]
    ]
}