{
    "extrinsic_matrix": [
        [
            -0.14962029457092285,
            -0.9743743538856506,
            -0.025545580312609673,
            22.86556625366211
        ],
        [
            -0.1952737718820572,
            0.05858025699853897,
            -0.9761170744895935,
            -1.9488515853881836
        ],
        [
            0.9557152390480042,
            -0.1397748589515686,
            -0.21066533029079437,
            12.096120834350586
        ],
        [
            0.0,
            0.0,
            0.0,
            1.0
        ]
    ],
    "rotation_matrix": [
        [
            -0.14962029457092285,
            -0.9743743538856506,
            -0.025545580312609673
        ],
        [
            -0.1952737718820572,
            0.05858025699853897,
            -0.9761170744895935
        ],
        [
            0.9557152390480042,
            -0.1397748589515686,
            -0.21066533029079437
        ]
    ],
    "rotation_euler_deg": [
        [
            -2.555790901184082
        ],
        [
            -1.3188620805740356
        ],
        [
            -2.2245900630950928
        ]
    ],
    "translation_vector": [
        [
            22.86556625366211
        ],
        [
            -1.9488515853881836
        ],
        [
            12.096120834350586
        ]
    ]
}