{
    "extrinsic_matrix": [
        [
            -0.9860785007476807,
            -0.02504296787083149,
            -0.1643812358379364,
            48.24391174316406
        ],
        [
            -0.13254593312740326,
            -0.4785248041152954,
            0.868012547492981,
            -18.653888702392578
        ],
        [
            -0.10039763897657394,
            0.8777172565460205,
            0.4685436189174652,
            55.27525329589844
        ],
        [
            0.0,
            0.0,
            0.0,
            1.0
        ]
    ],
    "rotation_matrix": [
        [
            -0.9860785007476807,
            -0.02504296787083149,
            -0.1643812358379364
        ],
        [
            -0.13254593312740326,
            -0.4785248041152954,
            0.868012547492981
        ],
        [
            -0.10039763897657394,
            0.8777172565460205,
            0.4685436189174652
        ]
    ],
    "rotation_euler_deg": [
        [
            1.080459713935852
        ],
        [
            0.10056712478399277
        ],
        [
            -3.0079762935638428
        ]
    ],
    "translation_vector": [
        [
            48.24391174316406
        ],
        [
            -18.653888702392578
        ],
        [
            55.27525329589844
        ]
    ]
}