{
    "extrinsic_matrix": [
        [
            -0.15629808604717255,
            0.7660664319992065,
            0.6234681010246277,
            47.86423873901367
        ],
        [
            -0.4414602518081665,
            0.5104855298995972,
            -0.7379140853881836,
            -18.966754913330078
        ],
        [
            -0.8835628032684326,
            -0.39057183265686035,
            0.258400022983551,
            55.54336929321289
        ],
        [
            0.0,
            0.0,
            0.0,
            1.0
        ]
    ],
    "rotation_matrix": [
        [
            -0.15629808604717255,
            0.7660664319992065,
            0.6234681010246277
        ],
        [
            -0.4414602518081665,
            0.5104855298995972,
            -0.7379140853881836
        ],
        [
            -0.8835628032684326,
            -0.39057183265686035,
            0.258400022983551
        ]
    ],
    "rotation_euler_deg": [
        [
            -0.9863137006759644
        ],
        [
            1.0834167003631592
        ],
        [
            -1.9110727310180664
        ]
    ],
    "translation_vector": [
        [
            47.86423873901367
        ],
        [
            -18.966754913330078
        ],
        [
            55.54336929321289
        ]
    ]
}