{
    "extrinsic_matrix": [
        [
            0.130219966173172,
            0.9644408226013184,
            0.22999152541160583,
            43.821014404296875
        ],
        [
            -0.5510441064834595,
            -0.1224425733089447,
            0.8254440426826477,
            -11.469463348388672
        ],
        [
            0.8242531418800354,
            -0.23422497510910034,
            0.5155048370361328,
            26.43560218811035
        ],
        [
            0.0,
            0.0,
            0.0,
            1.0
        ]
    ],
    "rotation_matrix": [
        [
            0.130219966173172,
            0.9644408226013184,
            0.22999152541160583
        ],
        [
            -0.5510441064834595,
            -0.1224425733089447,
            0.8254440426826477
        ],
        [
            0.8242531418800354,
            -0.23422497510910034,
            0.5155048370361328
        ]
    ],
    "rotation_euler_deg": [
        [
            -0.42647409439086914
        ],
        [
            -0.9688818454742432
        ],
        [
            -1.3387385606765747
        ]
    ],
    "translation_vector": [
        [
            43.821014404296875
        ],
        [
            -11.469463348388672
        ],
        [
            26.43560218811035
        ]
    ]
}