{
    "extrinsic_matrix": [
        [
            -0.16583362221717834,
            -0.9350726008415222,
            0.031948089599609375,
            30.293842315673828
        ],
        [
            0.13827861845493317,
            -0.0569310188293457,
            -0.942040205001831,
            -9.46565055847168
        ],
        [
            0.9665363430976868,
            -0.16452082991600037,
            0.1783478558063507,
            23.262535095214844
        ],
        [
            0.0,
            0.0,
            0.0,
            1.0
        ]
    ],
    "rotation_matrix": [
        [
            -0.16583362221717834,
            -0.9350726008415222,
            0.031948089599609375
        ],
        [
            0.13827861845493317,
            -0.0569310188293457,
            -0.942040205001831
        ],
        [
            0.9665363430976868,
            -0.16452082991600037,
            0.1783478558063507
        ]
    ],
    "rotation_euler_deg": [
        [
            -0.745092511177063
        ],
        [
            -1.3510087728500366
        ],
        [
            2.4465558528900146
        ]
    ],
    "translation_vector": [
        [
            30.293842315673828
        ],
        [
            -9.46565055847168
        ],
        [
            23.262535095214844
        ]
    ]
}