{
    "extrinsic_matrix": [
        [
            -0.6768490672111511,
            0.36349427700042725,
            -0.09695251286029816,
            43.40114212036133
        ],
        [
            0.3567350506782532,
            0.16291168332099915,
            -0.802544116973877,
            -19.61865234375
        ],
        [
            -0.17719018459320068,
            -0.6840393543243408,
            -0.461242139339447,
            57.79416275024414
        ],
        [
            0.0,
            0.0,
            0.0,
            1.0
        ]
    ],
    "rotation_matrix": [
        [
            -0.6768490672111511,
            0.36349427700042725,
            -0.09695251286029816
        ],
        [
            0.3567350506782532,
            0.16291168332099915,
            -0.802544116973877
        ],
        [
            -0.17719018459320068,
            -0.6840393543243408,
            -0.461242139339447
        ]
    ],
    "rotation_euler_deg": [
        [
            -2.1640594005584717
        ],
        [
            0.2275775820016861
        ],
        [
            2.6565380096435547
        ]
    ],
    "translation_vector": [
        [
            43.40114212036133
        ],
        [
            -19.61865234375
        ],
        [
            57.79416275024414
        ]
    ]
}