{
    "extrinsic_matrix": [
        [
            -0.6809265613555908,
            -0.10139527171850204,
            0.7252976894378662,
            46.522708892822266
        ],
        [
            0.5111343264579773,
            0.6434653997421265,
            0.5698192715644836,
            -18.927021026611328
        ],
        [
            -0.5244812965393066,
            0.758729875087738,
            -0.38632673025131226,
            46.71541976928711
        ],
        [
            0.0,
            0.0,
            0.0,
            1.0
        ]
    ],
    "rotation_matrix": [
        [
            -0.6809265613555908,
            -0.10139527171850204,
            0.7252976894378662
        ],
        [
            0.5111343264579773,
            0.6434653997421265,
            0.5698192715644836
        ],
        [
            -0.5244812965393066,
            0.758729875087738,
            -0.38632673025131226
        ]
    ],
    "rotation_euler_deg": [
        [
            2.041757345199585
        ],
        [
            0.5521057844161987
        ],
        [
            2.497678756713867
        ]
    ],
    "translation_vector": [
        [
            46.522708892822266
        ],
        [
            -18.927021026611328
        ],
        [
            46.71541976928711
        ]
    ]
}