{
    "extrinsic_matrix": [
        [
            -0.07014064490795135,
            -0.9829224348068237,
            -0.0052023157477378845,
            22.856325149536133
        ],
        [
            -0.18949273228645325,
            0.02182622253894806,
            -0.9786245226860046,
            -1.855722188949585
        ],
        [
            0.9652947783470154,
            -0.06630849838256836,
            -0.19999271631240845,
            10.657445907592773
        ],
        [
            0.0,
            0.0,
            0.0,
            1.0
        ]
    ],
    "rotation_matrix": [
        [
            -0.07014064490795135,
            -0.9829224348068237,
            -0.0052023157477378845
        ],
        [
            -0.18949273228645325,
            0.02182622253894806,
            -0.9786245226860046
        ],
        [
            0.9652947783470154,
            -0.06630849838256836,
            -0.19999271631240845
        ]
    ],
    "rotation_euler_deg": [
        [
            -2.821443796157837
        ],
        [
            -1.3644535541534424
        ],
        [
            -1.9253077507019043
        ]
    ],
    "translation_vector": [
        [
            22.856325149536133
        ],
        [
            -1.855722188949585
        ],
        [
            10.657445907592773
        ]
    ]
}