{
    "extrinsic_matrix": [
        [
            -0.40307894349098206,
            -0.31654971837997437,
            -0.858675479888916,
            23.34921646118164
        ],
        [
            0.32285335659980774,
            0.8287623524665833,
            -0.45707571506500244,
            -5.075911998748779
        ],
        [
            0.8563254475593567,
            -0.46146395802497864,
            -0.2318573296070099,
            18.87300682067871
        ],
        [
            0.0,
            0.0,
            0.0,
            1.0
        ]
    ],
    "rotation_matrix": [
        [
            -0.40307894349098206,
            -0.31654971837997437,
            -0.858675479888916
        ],
        [
            0.32285335659980774,
            0.8287623524665833,
            -0.45707571506500244
        ],
        [
            0.8563254475593567,
            -0.46146395802497864,
            -0.2318573296070099
        ]
    ],
    "rotation_euler_deg": [
        [
            -2.0363929271698
        ],
        [
            -1.0281116962432861
        ],
        [
            2.466261625289917
        ]
    ],
    "translation_vector": [
        [
            23.34921646118164
        ],
        [
            -5.075911998748779
        ],
        [
            18.87300682067871
        ]
    ]
}