{
    "extrinsic_matrix": [
        [
            0.7895070314407349,
            -0.46001118421554565,
            -0.4039174020290375,
            29.21847152709961
        ],
        [
            0.18356503546237946,
            -0.45211243629455566,
            0.8723673224449158,
            -11.787118911743164
        ],
        [
            -0.5838229656219482,
            -0.7639642953872681,
            -0.2720436155796051,
            26.60930061340332
        ],
        [
            0.0,
            0.0,
            0.0,
            1.0
        ]
    ],
    "rotation_matrix": [
        [
            0.7895070314407349,
            -0.46001118421554565,
            -0.4039174020290375
        ],
        [
            0.18356503546237946,
            -0.45211243629455566,
            0.8723673224449158
        ],
        [
            -0.5838229656219482,
            -0.7639642953872681,
            -0.2720436155796051
        ]
    ],
    "rotation_euler_deg": [
        [
            -1.9128903150558472
        ],
        [
            0.6241980195045471
        ],
        [
            0.2284470647573471
        ]
    ],
    "translation_vector": [
        [
            29.21847152709961
        ],
        [
            -11.787118911743164
        ],
        [
            26.60930061340332
        ]
    ]
}