{
    "extrinsic_matrix": [
        [
            0.711841344833374,
            -0.4983800947666168,
            -0.47828856110572815,
            29.068004608154297
        ],
        [
            0.2563890516757965,
            -0.45641469955444336,
            0.8477073907852173,
            -11.545513153076172
        ],
        [
            -0.6400034427642822,
            -0.7351378202438354,
            -0.19324252009391785,
            26.305028915405273
        ],
        [
            0.0,
            0.0,
            0.0,
            1.0
        ]
    ],
    "rotation_matrix": [
        [
            0.711841344833374,
            -0.4983800947666168,
            -0.47828856110572815
        ],
        [
            0.2563890516757965,
            -0.45641469955444336,
            0.8477073907852173
        ],
        [
            -0.6400034427642822,
            -0.7351378202438354,
            -0.19324252009391785
        ]
    ],
    "rotation_euler_deg": [
        [
            -1.8278467655181885
        ],
        [
            0.7021012902259827
        ],
        [
            0.34571248292922974
        ]
    ],
    "translation_vector": [
        [
            29.068004608154297
        ],
        [
            -11.545513153076172
        ],
        [
            26.305028915405273
        ]
    ]
}