{
    "extrinsic_matrix": [
        [
            0.7330228686332703,
            -0.48791584372520447,
            -0.45800551772117615,
            29.109041213989258
        ],
        [
            0.2365279644727707,
            -0.4552413523197174,
            0.8544328212738037,
            -11.611405372619629
        ],
        [
            -0.6246814727783203,
            -0.7429996132850647,
            -0.21473371982574463,
            26.388011932373047
        ],
        [
            0.0,
            0.0,
            0.0,
            1.0
        ]
    ],
    "rotation_matrix": [
        [
            0.7330228686332703,
            -0.48791584372520447,
            -0.45800551772117615
        ],
        [
            0.2365279644727707,
            -0.4552413523197174,
            0.8544328212738037
        ],
        [
            -0.6246814727783203,
            -0.7429996132850647,
            -0.21473371982574463
        ]
    ],
    "rotation_euler_deg": [
        [
            -1.8521395921707153
        ],
        [
            0.6814262270927429
        ],
        [
            0.31212735176086426
        ]
    ],
    "translation_vector": [
        [
            29.109041213989258
        ],
        [
            -11.611405372619629
        ],
        [
            26.388011932373047
        ]
    ]
}