{
    "extrinsic_matrix": [
        [
            -0.42200955748558044,
            0.004044760949909687,
            0.9065822958946228,
            24.286245346069336
        ],
        [
            -0.43144989013671875,
            0.8785924911499023,
            -0.20475780963897705,
            -9.048922538757324
        ],
        [
            -0.7973445057868958,
            -0.4775548279285431,
            -0.36902961134910583,
            18.401103973388672
        ],
        [
            0.0,
            0.0,
            0.0,
            1.0
        ]
    ],
    "rotation_matrix": [
        [
            -0.42200955748558044,
            0.004044760949909687,
            0.9065822958946228
        ],
        [
            -0.43144989013671875,
            0.8785924911499023,
            -0.20475780963897705
        ],
        [
            -0.7973445057868958,
            -0.4775548279285431,
            -0.36902961134910583
        ]
    ],
    "rotation_euler_deg": [
        [
            -2.2286980152130127
        ],
        [
            0.9228827953338623
        ],
        [
            -2.3451337814331055
        ]
    ],
    "translation_vector": [
        [
            24.286245346069336
        ],
        [
            -9.048922538757324
        ],
        [
            18.401103973388672
        ]
    ]
}