{
    "extrinsic_matrix": [
        [
            -0.37012359499931335,
            0.02800634317100048,
            -0.9285601377487183,
            26.39898681640625
        ],
        [
            -0.502480149269104,
            -0.846744179725647,
            0.17474977672100067,
            -9.122682571411133
        ],
        [
            -0.7813587784767151,
            0.5312623977661133,
            0.3274729251861572,
            19.706411361694336
        ],
        [
            0.0,
            0.0,
            0.0,
            1.0
        ]
    ],
    "rotation_matrix": [
        [
            -0.37012359499931335,
            0.02800634317100048,
            -0.9285601377487183
        ],
        [
            -0.502480149269104,
            -0.846744179725647,
            0.17474977672100067
        ],
        [
            -0.7813587784767151,
            0.5312623977661133,
            0.3274729251861572
        ]
    ],
    "rotation_euler_deg": [
        [
            1.0184013843536377
        ],
        [
            0.896840512752533
        ],
        [
            -2.2056620121002197
        ]
    ],
    "translation_vector": [
        [
            26.39898681640625
        ],
        [
            -9.122682571411133
        ],
        [
            19.706411361694336
        ]
    ]
}