{
    "extrinsic_matrix": [
        [
            0.7546919584274292,
            0.24904575943946838,
            -0.6069724559783936,
            42.56975173950195
        ],
        [
            0.4810766577720642,
            -0.8391183614730835,
            0.2538604736328125,
            -13.715709686279297
        ],
        [
            -0.44609934091567993,
            -0.48358672857284546,
            -0.7530862092971802,
            29.98727798461914
        ],
        [
            0.0,
            0.0,
            0.0,
            1.0
        ]
    ],
    "rotation_matrix": [
        [
            0.7546919584274292,
            0.24904575943946838,
            -0.6069724559783936
        ],
        [
            0.4810766577720642,
            -0.8391183614730835,
            0.2538604736328125
        ],
        [
            -0.44609934091567993,
            -0.48358672857284546,
            -0.7530862092971802
        ]
    ],
    "rotation_euler_deg": [
        [
            -2.570762872695923
        ],
        [
            0.4624024033546448
        ],
        [
            0.5675004124641418
        ]
    ],
    "translation_vector": [
        [
            42.56975173950195
        ],
        [
            -13.715709686279297
        ],
        [
            29.98727798461914
        ]
    ]
}