{
    "extrinsic_matrix": [
        [
            -0.320686012506485,
            0.9448522329330444,
            0.06644240766763687,
            18.240638732910156
        ],
        [
            -0.619356632232666,
            -0.1561048924922943,
            -0.7694337368011475,
            -1.4056909084320068
        ],
        [
            -0.7166293859481812,
            -0.2878984808921814,
            0.6352612972259521,
            4.475756645202637
        ],
        [
            0.0,
            0.0,
            0.0,
            1.0
        ]
    ],
    "rotation_matrix": [
        [
            -0.320686012506485,
            0.9448522329330444,
            0.06644240766763687
        ],
        [
            -0.619356632232666,
            -0.1561048924922943,
            -0.7694337368011475
        ],
        [
            -0.7166293859481812,
            -0.2878984808921814,
            0.6352612972259521
        ]
    ],
    "rotation_euler_deg": [
        [
            -0.42550933361053467
        ],
        [
            0.7989575862884521
        ],
        [
            -2.048560857772827
        ]
    ],
    "translation_vector": [
        [
            18.240638732910156
        ],
        [
            -1.4056909084320068
        ],
        [
            4.475756645202637
        ]
    ]
}