{
    "extrinsic_matrix": [
        [
            -0.27009743452072144,
            -0.961078941822052,
            -0.0580940768122673,
            22.640125274658203
        ],
        [
            -0.19200068712234497,
            0.11288738250732422,
            -0.974880576133728,
            -2.020704746246338
        ],
        [
            0.943495512008667,
            -0.25215843319892883,
            -0.21501843631267548,
            13.285561561584473
        ],
        [
            0.0,
            0.0,
            0.0,
            1.0
        ]
    ],
    "rotation_matrix": [
        [
            -0.27009743452072144,
            -0.961078941822052,
            -0.0580940768122673
        ],
        [
            -0.19200068712234497,
            0.11288738250732422,
            -0.974880576133728
        ],
        [
            0.943495512008667,
            -0.25215843319892883,
            -0.21501843631267548
        ]
    ],
    "rotation_euler_deg": [
        [
            -2.276862621307373
        ],
        [
            -1.2330238819122314
        ],
        [
            -2.5236170291900635
        ]
    ],
    "translation_vector": [
        [
            22.640125274658203
        ],
        [
            -2.020704746246338
        ],
        [
            13.285561561584473
        ]
    ]
}