{
    "extrinsic_matrix": [
        [
            0.3535943925380707,
            0.9350756406784058,
            -0.024586014449596405,
            20.377992630004883
        ],
        [
            -0.22410212457180023,
            0.1102030947804451,
            0.9683146476745605,
            -1.0845685005187988
        ],
        [
            0.9081571698188782,
            -0.33688122034072876,
            0.24851974844932556,
            7.759821891784668
        ],
        [
            0.0,
            0.0,
            0.0,
            1.0
        ]
    ],
    "rotation_matrix": [
        [
            0.3535943925380707,
            0.9350756406784058,
            -0.024586014449596405
        ],
        [
            -0.22410212457180023,
            0.1102030947804451,
            0.9683146476745605
        ],
        [
            0.9081571698188782,
            -0.33688122034072876,
            0.24851974844932556
        ]
    ],
    "rotation_euler_deg": [
        [
            -0.9352090358734131
        ],
        [
            -1.1388605833053589
        ],
        [
            -0.5648902654647827
        ]
    ],
    "translation_vector": [
        [
            20.377992630004883
        ],
        [
            -1.0845685005187988
        ],
        [
            7.759821891784668
        ]
    ]
}