{
    "extrinsic_matrix": [
        [
            -0.699727475643158,
            0.2813660800457001,
            0.6566690802574158,
            46.4317626953125
        ],
        [
            -0.11827151477336884,
            -0.9521171450614929,
            0.2819303572177887,
            -19.12499237060547
        ],
        [
            0.704552173614502,
            0.11960931867361069,
            0.6994996070861816,
            63.79676055908203
        ],
        [
            0.0,
            0.0,
            0.0,
            1.0
        ]
    ],
    "rotation_matrix": [
        [
            -0.699727475643158,
            0.2813660800457001,
            0.6566690802574158
        ],
        [
            -0.11827151477336884,
            -0.9521171450614929,
            0.2819303572177887
        ],
        [
            0.704552173614502,
            0.11960931867361069,
            0.6994996070861816
        ]
    ],
    "rotation_euler_deg": [
        [
            0.16935481131076813
        ],
        [
            -0.7817916870117188
        ],
        [
            -2.9741501808166504
        ]
    ],
    "translation_vector": [
        [
            46.4317626953125
        ],
        [
            -19.12499237060547
        ],
        [
            63.79676055908203
        ]
    ]
}