{
    "extrinsic_matrix": [
        [
            0.9304097890853882,
            -0.0026476115453988314,
            -0.3665114641189575,
            23.547378540039062
        ],
        [
            0.36153727769851685,
            -0.15771129727363586,
            0.918921947479248,
            -3.217087984085083
        ],
        [
            -0.06023619323968887,
            -0.9874818325042725,
            -0.1457788348197937,
            14.896381378173828
        ],
        [
            0.0,
            0.0,
            0.0,
            1.0
        ]
    ],
    "rotation_matrix": [
        [
            0.9304097890853882,
            -0.0026476115453988314,
            -0.3665114641189575
        ],
        [
            0.36153727769851685,
            -0.15771129727363586,
            0.918921947479248
        ],
        [
            -0.06023619323968887,
            -0.9874818325042725,
            -0.1457788348197937
        ]
    ],
    "rotation_euler_deg": [
        [
            -1.7173645496368408
        ],
        [
            0.06027267873287201
        ],
        [
            0.3706216812133789
        ]
    ],
    "translation_vector": [
        [
            23.547378540039062
        ],
        [
            -3.217087984085083
        ],
        [
            14.896381378173828
        ]
    ]
}