{
    "extrinsic_matrix": [
        [
            -0.3227502405643463,
            0.9443236589431763,
            0.06391441822052002,
            17.574371337890625
        ],
        [
            -0.6116266250610352,
            -0.1565532386302948,
            -0.7755022048950195,
            -1.038830041885376
        ],
        [
            -0.7223192453384399,
            -0.28938552737236023,
            0.6281011700630188,
            5.124988079071045
        ],
        [
            0.0,
            0.0,
            0.0,
            1.0
        ]
    ],
    "rotation_matrix": [
        [
            -0.3227502405643463,
            0.9443236589431763,
            0.06391441822052002
        ],
        [
            -0.6116266250610352,
            -0.1565532386302948,
            -0.7755022048950195
        ],
        [
            -0.7223192453384399,
            -0.28938552737236023,
            0.6281011700630188
        ]
    ],
    "rotation_euler_deg": [
        [
            -0.43174171447753906
        ],
        [
            0.80715012550354
        ],
        [
            -2.0563509464263916
        ]
    ],
    "translation_vector": [
        [
            17.574371337890625
        ],
        [
            -1.038830041885376
        ],
        [
            5.124988079071045
        ]
    ]
}