{
    "extrinsic_matrix": [
        [
            -0.2841041088104248,
            0.7452173233032227,
            0.6032708883285522,
            40.58277130126953
        ],
        [
            0.3836469352245331,
            0.6649894118309021,
            -0.6407837271690369,
            -11.497220039367676
        ],
        [
            -0.878692090511322,
            0.04939329996705055,
            -0.47482651472091675,
            25.363059997558594
        ],
        [
            0.0,
            0.0,
            0.0,
            1.0
        ]
    ],
    "rotation_matrix": [
        [
            -0.2841041088104248,
            0.7452173233032227,
            0.6032708883285522
        ],
        [
            0.3836469352245331,
            0.6649894118309021,
            -0.6407837271690369
        ],
        [
            -0.878692090511322,
            0.04939329996705055,
            -0.47482651472091675
        ]
    ],
    "rotation_euler_deg": [
        [
            3.0379414558410645
        ],
        [
            1.073115587234497
        ],
        [
            2.208212375640869
        ]
    ],
    "translation_vector": [
        [
            40.58277130126953
        ],
        [
            -11.497220039367676
        ],
        [
            25.363059997558594
        ]
    ]
}