{
    "extrinsic_matrix": [
        [
            -0.6452673673629761,
            0.2589007019996643,
            0.7031408548355103,
            46.236480712890625
        ],
        [
            -0.047525763511657715,
            -0.94976407289505,
            0.3087529242038727,
            -19.895261764526367
        ],
        [
            0.7481221556663513,
            0.1678026169538498,
            0.6245043277740479,
            64.06168365478516
        ],
        [
            0.0,
            0.0,
            0.0,
            1.0
        ]
    ],
    "rotation_matrix": [
        [
            -0.6452673673629761,
            0.2589007019996643,
            0.7031408548355103
        ],
        [
            -0.047525763511657715,
            -0.94976407289505,
            0.3087529242038727
        ],
        [
            0.7481221556663513,
            0.1678026169538498,
            0.6245043277740479
        ]
    ],
    "rotation_euler_deg": [
        [
            0.2624972462654114
        ],
        [
            -0.8577426671981812
        ],
        [
            -3.068072557449341
        ]
    ],
    "translation_vector": [
        [
            46.236480712890625
        ],
        [
            -19.895261764526367
        ],
        [
            64.06168365478516
        ]
    ]
}