{
    "extrinsic_matrix": [
        [
            0.16988931596279144,
            0.4141746163368225,
            -0.8942018151283264,
            23.269956588745117
        ],
        [
            -0.43789753317832947,
            -0.7811593413352966,
            -0.445011705160141,
            -6.160794734954834
        ],
        [
            -0.8828268647193909,
            0.46717163920402527,
            0.04865577071905136,
            18.881372451782227
        ],
        [
            0.0,
            0.0,
            0.0,
            1.0
        ]
    ],
    "rotation_matrix": [
        [
            0.16988931596279144,
            0.4141746163368225,
            -0.8942018151283264
        ],
        [
            -0.43789753317832947,
            -0.7811593413352966,
            -0.445011705160141
        ],
        [
            -0.8828268647193909,
            0.46717163920402527,
            0.04865577071905136
        ]
    ],
    "rotation_euler_deg": [
        [
            1.4670207500457764
        ],
        [
            1.081847071647644
        ],
        [
            -1.200706958770752
        ]
    ],
    "translation_vector": [
        [
            23.269956588745117
        ],
        [
            -6.160794734954834
        ],
        [
            18.881372451782227
        ]
    ]
}