{
    "extrinsic_matrix": [
        [
            0.6624176502227783,
            -0.5227966904640198,
            -0.5256156921386719,
            28.972253799438477
        ],
        [
            0.30273163318634033,
            -0.4591525197029114,
            0.8320146799087524,
            -11.391764640808105
        ],
        [
            -0.6757546663284302,
            -0.7167937159538269,
            -0.14309637248516083,
            26.11140251159668
        ],
        [
            0.0,
            0.0,
            0.0,
            1.0
        ]
    ],
    "rotation_matrix": [
        [
            0.6624176502227783,
            -0.5227966904640198,
            -0.5256156921386719
        ],
        [
            0.30273163318634033,
            -0.4591525197029114,
            0.8320146799087524
        ],
        [
            -0.6757546663284302,
            -0.7167937159538269,
            -0.14309637248516083
        ]
    ],
    "rotation_euler_deg": [
        [
            -1.7678399085998535
        ],
        [
            0.7479809522628784
        ],
        [
            0.4286683201789856
        ]
    ],
    "translation_vector": [
        [
            28.972253799438477
        ],
        [
            -11.391764640808105
        ],
        [
            26.11140251159668
        ]
    ]
}