{
    "extrinsic_matrix": [
        [
            -0.9874088168144226,
            -0.024308597669005394,
            -0.1563074141740799,
            49.031898498535156
        ],
        [
            -0.1258689910173416,
            -0.4777544140815735,
            0.8694295883178711,
            -18.615663528442383
        ],
        [
            -0.09581070393323898,
            0.8781574964523315,
            0.46867918968200684,
            56.77145004272461
        ],
        [
            0.0,
            0.0,
            0.0,
            1.0
        ]
    ],
    "rotation_matrix": [
        [
            -0.9874088168144226,
            -0.024308597669005394,
            -0.1563074141740799
        ],
        [
            -0.1258689910173416,
            -0.4777544140815735,
            0.8694295883178711
        ],
        [
            -0.09581070393323898,
            0.8781574964523315,
            0.46867918968200684
        ]
    ],
    "rotation_euler_deg": [
        [
            1.08054780960083
        ],
        [
            0.09595795720815659
        ],
        [
            -3.0148024559020996
        ]
    ],
    "translation_vector": [
        [
            49.031898498535156
        ],
        [
            -18.615663528442383
        ],
        [
            56.77145004272461
        ]
    ]
}