{
    "extrinsic_matrix": [
        [
            0.7842116355895996,
            -0.46262723207473755,
            -0.4089881479740143,
            29.208213806152344
        ],
        [
            0.1885303109884262,
            -0.45240578055381775,
            0.8706859946250916,
            -11.770645141601562
        ],
        [
            -0.5876534581184387,
            -0.7619988918304443,
            -0.2666707932949066,
            26.58855438232422
        ],
        [
            0.0,
            0.0,
            0.0,
            1.0
        ]
    ],
    "rotation_matrix": [
        [
            0.7842116355895996,
            -0.46262723207473755,
            -0.4089881479740143
        ],
        [
            0.1885303109884262,
            -0.45240578055381775,
            0.8706859946250916
        ],
        [
            -0.5876534581184387,
            -0.7619988918304443,
            -0.2666707932949066
        ]
    ],
    "rotation_euler_deg": [
        [
            -1.9074374437332153
        ],
        [
            0.6296615600585938
        ],
        [
            0.2359301894903183
        ]
    ],
    "translation_vector": [
        [
            29.208213806152344
        ],
        [
            -11.770645141601562
        ],
        [
            26.58855438232422
        ]
    ]
}