{
    "extrinsic_matrix": [
        [
            0.8063399791717529,
            0.08057568967342377,
            -0.5859368443489075,
            44.932987213134766
        ],
        [
            0.3649260699748993,
            -0.8474029302597046,
            0.38566461205482483,
            -18.227155685424805
        ],
        [
            -0.4654499590396881,
            -0.5248004794120789,
            -0.7126995325088501,
            43.956321716308594
        ],
        [
            0.0,
            0.0,
            0.0,
            1.0
        ]
    ],
    "rotation_matrix": [
        [
            0.8063399791717529,
            0.08057568967342377,
            -0.5859368443489075
        ],
        [
            0.3649260699748993,
            -0.8474029302597046,
            0.38566461205482483
        ],
        [
            -0.4654499590396881,
            -0.5248004794120789,
            -0.7126995325088501
        ]
    ],
    "rotation_euler_deg": [
        [
            -2.5068812370300293
        ],
        [
            0.4841432273387909
        ],
        [
            0.42498987913131714
        ]
    ],
    "translation_vector": [
        [
            44.932987213134766
        ],
        [
            -18.227155685424805
        ],
        [
            43.956321716308594
        ]
    ]
}