{
    "extrinsic_matrix": [
        [
            -0.8316537141799927,
            -0.3830394148826599,
            0.19240155816078186,
            46.43785095214844
        ],
        [
            -0.17310965061187744,
            -0.01760724186897278,
            -0.9522653222084045,
            -18.86932373046875
        ],
        [
            0.3988763093948364,
            -0.8583338856697083,
            -0.1205487847328186,
            58.007747650146484
        ],
        [
            0.0,
            0.0,
            0.0,
            1.0
        ]
    ],
    "rotation_matrix": [
        [
            -0.8316537141799927,
            -0.3830394148826599,
            0.19240155816078186
        ],
        [
            -0.17310965061187744,
            -0.01760724186897278,
            -0.9522653222084045
        ],
        [
            0.3988763093948364,
            -0.8583338856697083,
            -0.1205487847328186
        ]
    ],
    "rotation_euler_deg": [
        [
            -1.7103288173675537
        ],
        [
            -0.43899548053741455
        ],
        [
            -2.9363718032836914
        ]
    ],
    "translation_vector": [
        [
            46.43785095214844
        ],
        [
            -18.86932373046875
        ],
        [
            58.007747650146484
        ]
    ]
}