{
    "extrinsic_matrix": [
        [
            0.051278065890073776,
            -0.34573623538017273,
            0.9369292855262756,
            46.64073181152344
        ],
        [
            -0.1440311074256897,
            0.9257957339286804,
            0.34950992465019226,
            -20.02895736694336
        ],
        [
            -0.988243579864502,
            -0.1528692990541458,
            -0.0023245494812726974,
            60.32590103149414
        ],
        [
            0.0,
            0.0,
            0.0,
            1.0
        ]
    ],
    "rotation_matrix": [
        [
            0.051278065890073776,
            -0.34573623538017273,
            0.9369292855262756
        ],
        [
            -0.1440311074256897,
            0.9257957339286804,
            0.34950992465019226
        ],
        [
            -0.988243579864502,
            -0.1528692990541458,
            -0.0023245494812726974
        ]
    ],
    "rotation_euler_deg": [
        [
            -1.5860012769699097
        ],
        [
            1.4173074960708618
        ],
        [
            -1.2287678718566895
        ]
    ],
    "translation_vector": [
        [
            46.64073181152344
        ],
        [
            -20.02895736694336
        ],
        [
            60.32590103149414
        ]
    ]
}