{
    "extrinsic_matrix": [
        [
            0.9700659513473511,
            -0.04549504071474075,
            0.23854182660579681,
            7.171363830566406
        ],
        [
            -0.03342040255665779,
            -0.9979584813117981,
            -0.05442339926958084,
            -0.2819860279560089
        ],
        [
            0.2405308187007904,
            0.04482211172580719,
            -0.9696061611175537,
            0.9277424812316895
        ],
        [
            0.0,
            0.0,
            0.0,
            1.0
        ]
    ],
    "rotation_matrix": [
        [
            0.9700659513473511,
            -0.04549504071474075,
            0.23854182660579681
        ],
        [
            -0.03342040255665779,
            -0.9979584813117981,
            -0.05442339926958084
        ],
        [
            0.2405308187007904,
            0.04482211172580719,
            -0.9696061611175537
        ]
    ],
    "rotation_euler_deg": [
        [
            3.095398426055908
        ],
        [
            -0.24291269481182098
        ],
        [
            -0.034438058733940125
        ]
    ],
    "translation_vector": [
        [
            7.171363830566406
        ],
        [
            -0.2819860279560089
        ],
        [
            0.9277424812316895
        ]
    ]
}