{
    "extrinsic_matrix": [
        [
            0.7170171737670898,
            0.13693812489509583,
            -0.6834716200828552,
            46.731990814208984
        ],
        [
            -0.3090975284576416,
            0.9413033127784729,
            -0.13567082583904266,
            -17.934206008911133
        ],
        [
            0.6247760653495789,
            0.3085376024246216,
            0.7172580361366272,
            40.000728607177734
        ],
        [
            0.0,
            0.0,
            0.0,
            1.0
        ]
    ],
    "rotation_matrix": [
        [
            0.7170171737670898,
            0.13693812489509583,
            -0.6834716200828552
        ],
        [
            -0.3090975284576416,
            0.9413033127784729,
            -0.13567082583904266
        ],
        [
            0.6247760653495789,
            0.3085376024246216,
            0.7172580361366272
        ]
    ],
    "rotation_euler_deg": [
        [
            0.40623530745506287
        ],
        [
            -0.6748446822166443
        ],
        [
            -0.40701594948768616
        ]
    ],
    "translation_vector": [
        [
            46.731990814208984
        ],
        [
            -17.934206008911133
        ],
        [
            40.000728607177734
        ]
    ]
}