{
    "extrinsic_matrix": [
        [
            -0.25294384360313416,
            -0.9632618427276611,
            -0.051991820335388184,
            22.877580642700195
        ],
        [
            -0.20278912782669067,
            0.10636049509048462,
            -0.9728574156761169,
            -2.0699195861816406
        ],
        [
            0.9432618618011475,
            -0.23528115451335907,
            -0.22453972697257996,
            13.966398239135742
        ],
        [
            0.0,
            0.0,
            0.0,
            1.0
        ]
    ],
    "rotation_matrix": [
        [
            -0.25294384360313416,
            -0.9632618427276611,
            -0.051991820335388184
        ],
        [
            -0.20278912782669067,
            0.10636049509048462,
            -0.9728574156761169
        ],
        [
            0.9432618618011475,
            -0.23528115451335907,
            -0.22453972697257996
        ]
    ],
    "rotation_euler_deg": [
        [
            -2.332838773727417
        ],
        [
            -1.2397464513778687
        ],
        [
            -2.465806245803833
        ]
    ],
    "translation_vector": [
        [
            22.877580642700195
        ],
        [
            -2.0699195861816406
        ],
        [
            13.966398239135742
        ]
    ]
}