{
    "extrinsic_matrix": [
        [
            0.26713767647743225,
            -0.40445226430892944,
            -0.714228630065918,
            30.284460067749023
        ],
        [
            0.01866712048649788,
            0.7626839280128479,
            -0.4256705045700073,
            -9.893680572509766
        ],
        [
            0.9369775652885437,
            0.06699816882610321,
            0.31525760889053345,
            23.38065528869629
        ],
        [
            0.0,
            0.0,
            0.0,
            1.0
        ]
    ],
    "rotation_matrix": [
        [
            0.26713767647743225,
            -0.40445226430892944,
            -0.714228630065918
        ],
        [
            0.01866712048649788,
            0.7626839280128479,
            -0.4256705045700073
        ],
        [
            0.9369775652885437,
            0.06699816882610321,
            0.31525760889053345
        ]
    ],
    "rotation_euler_deg": [
        [
            0.2094033807516098
        ],
        [
            -1.2924165725708008
        ],
        [
            0.0697648674249649
        ]
    ],
    "translation_vector": [
        [
            30.284460067749023
        ],
        [
            -9.893680572509766
        ],
        [
            23.38065528869629
        ]
    ]
}