{
    "extrinsic_matrix": [
        [
            -0.213204026222229,
            -0.9675358533859253,
            -0.04182019084692001,
            22.87295913696289
        ],
        [
            -0.1998986154794693,
            0.08798348158597946,
            -0.9741111397743225,
            -2.023355007171631
        ],
        [
            0.9480516314506531,
            -0.19854795932769775,
            -0.2192034125328064,
            13.247060775756836
        ],
        [
            0.0,
            0.0,
            0.0,
            1.0
        ]
    ],
    "rotation_matrix": [
        [
            -0.213204026222229,
            -0.9675358533859253,
            -0.04182019084692001
        ],
        [
            -0.1998986154794693,
            0.08798348158597946,
            -0.9741111397743225
        ],
        [
            0.9480516314506531,
            -0.19854795932769775,
            -0.2192034125328064
        ]
    ],
    "rotation_euler_deg": [
        [
            -2.4055986404418945
        ],
        [
            -1.2717665433883667
        ],
        [
            -2.3883917331695557
        ]
    ],
    "translation_vector": [
        [
            22.87295913696289
        ],
        [
            -2.023355007171631
        ],
        [
            13.247060775756836
        ]
    ]
}