{
    "extrinsic_matrix": [
        [
            0.6470230221748352,
            -0.5625182390213013,
            -0.5147178769111633,
            31.030370712280273
        ],
        [
            0.24680648744106293,
            -0.48420795798301697,
            0.8394216895103455,
            -11.705436706542969
        ],
        [
            -0.7214208841323853,
            -0.6701605319976807,
            -0.17446066439151764,
            25.728683471679688
        ],
        [
            0.0,
            0.0,
            0.0,
            1.0
        ]
    ],
    "rotation_matrix": [
        [
            0.6470230221748352,
            -0.5625182390213013,
            -0.5147178769111633
        ],
        [
            0.24680648744106293,
            -0.48420795798301697,
            0.8394216895103455
        ],
        [
            -0.7214208841323853,
            -0.6701605319976807,
            -0.17446066439151764
        ]
    ],
    "rotation_euler_deg": [
        [
            -1.8254703283309937
        ],
        [
            0.8058517575263977
        ],
        [
            0.3644128441810608
        ]
    ],
    "translation_vector": [
        [
            31.030370712280273
        ],
        [
            -11.705436706542969
        ],
        [
            25.728683471679688
        ]
    ]
}