{
    "extrinsic_matrix": [
        [
            0.6783038377761841,
            -0.5149484872817993,
            -0.5104033946990967,
            29.00303077697754
        ],
        [
            0.2878358066082001,
            -0.4582725167274475,
            0.8370587825775146,
            -11.441183090209961
        ],
        [
            -0.6642631888389587,
            -0.7226900458335876,
            -0.1592147797346115,
            26.17363929748535
        ],
        [
            0.0,
            0.0,
            0.0,
            1.0
        ]
    ],
    "rotation_matrix": [
        [
            0.6783038377761841,
            -0.5149484872817993,
            -0.5104033946990967
        ],
        [
            0.2878358066082001,
            -0.4582725167274475,
            0.8370587825775146
        ],
        [
            -0.6642631888389587,
            -0.7226900458335876,
            -0.1592147797346115
        ]
    ],
    "rotation_euler_deg": [
        [
            -1.787640929222107
        ],
        [
            0.7336390018463135
        ],
        [
            0.40131694078445435
        ]
    ],
    "translation_vector": [
        [
            29.00303077697754
        ],
        [
            -11.441183090209961
        ],
        [
            26.17363929748535
        ]
    ]
}