{
    "extrinsic_matrix": [
        [
            -0.9897592067718506,
            -0.010036854073405266,
            -0.1423920840024948,
            46.691139221191406
        ],
        [
            -0.047617003321647644,
            -0.9171715378761292,
            0.3956379294395447,
            -19.699377059936523
        ],
        [
            -0.13456831872463226,
            0.39836689829826355,
            0.9073008894920349,
            63.64187240600586
        ],
        [
            0.0,
            0.0,
            0.0,
            1.0
        ]
    ],
    "rotation_matrix": [
        [
            -0.9897592067718506,
            -0.010036854073405266,
            -0.1423920840024948
        ],
        [
            -0.047617003321647644,
            -0.9171715378761292,
            0.3956379294395447
        ],
        [
            -0.13456831872463226,
            0.39836689829826355,
            0.9073008894920349
        ]
    ],
    "rotation_euler_deg": [
        [
            0.413725882768631
        ],
        [
            0.13497786223888397
        ],
        [
            -3.093519926071167
        ]
    ],
    "translation_vector": [
        [
            46.691139221191406
        ],
        [
            -19.699377059936523
        ],
        [
            63.64187240600586
        ]
    ]
}