{
    "extrinsic_matrix": [
        [
            -0.31584569811820984,
            -0.9480544924736023,
            0.03787067160010338,
            21.615530014038086
        ],
        [
            0.12576499581336975,
            -0.08139368891716003,
            -0.9887152910232544,
            -1.3315895795822144
        ],
        [
            0.9404389262199402,
            -0.30751854181289673,
            0.14493995904922485,
            7.981104850769043
        ],
        [
            0.0,
            0.0,
            0.0,
            1.0
        ]
    ],
    "rotation_matrix": [
        [
            -0.31584569811820984,
            -0.9480544924736023,
            0.03787067160010338
        ],
        [
            0.12576499581336975,
            -0.08139368891716003,
            -0.9887152910232544
        ],
        [
            0.9404389262199402,
            -0.30751854181289673,
            0.14493995904922485
        ]
    ],
    "rotation_euler_deg": [
        [
            -1.1303539276123047
        ],
        [
            -1.223918080329895
        ],
        [
            2.7626519203186035
        ]
    ],
    "translation_vector": [
        [
            21.615530014038086
        ],
        [
            -1.3315895795822144
        ],
        [
            7.981104850769043
        ]
    ]
}