{
    "extrinsic_matrix": [
        [
            0.7647952437400818,
            -0.47221946716308594,
            -0.42758095264434814,
            29.170597076416016
        ],
        [
            0.20673631131649017,
            -0.4534813463687897,
            0.8645210266113281,
            -11.710244178771973
        ],
        [
            -0.6016985774040222,
            -0.7547922730445862,
            -0.246970534324646,
            26.512487411499023
        ],
        [
            0.0,
            0.0,
            0.0,
            1.0
        ]
    ],
    "rotation_matrix": [
        [
            0.7647952437400818,
            -0.47221946716308594,
            -0.42758095264434814
        ],
        [
            0.20673631131649017,
            -0.4534813463687897,
            0.8645210266113281
        ],
        [
            -0.6016985774040222,
            -0.7547922730445862,
            -0.246970534324646
        ]
    ],
    "rotation_euler_deg": [
        [
            -1.8870197534561157
        ],
        [
            0.6495444178581238
        ],
        [
            0.26400625705718994
        ]
    ],
    "translation_vector": [
        [
            29.170597076416016
        ],
        [
            -11.710244178771973
        ],
        [
            26.512487411499023
        ]
    ]
}