{
    "extrinsic_matrix": [
        [
            -0.8495312929153442,
            -0.4749945104122162,
            0.2295130491256714,
            46.547054290771484
        ],
        [
            -0.2395164519548416,
            -0.04034275561571121,
            -0.9700537323951721,
            -19.180652618408203
        ],
        [
            0.47003015875816345,
            -0.879063069820404,
            -0.07949631661176682,
            57.937530517578125
        ],
        [
            0.0,
            0.0,
            0.0,
            1.0
        ]
    ],
    "rotation_matrix": [
        [
            -0.8495312929153442,
            -0.4749945104122162,
            0.2295130491256714
        ],
        [
            -0.2395164519548416,
            -0.04034275561571121,
            -0.9700537323951721
        ],
        [
            0.47003015875816345,
            -0.879063069820404,
            -0.07949631661176682
        ]
    ],
    "rotation_euler_deg": [
        [
            -1.6609840393066406
        ],
        [
            -0.4893249571323395
        ],
        [
            -2.866786241531372
        ]
    ],
    "translation_vector": [
        [
            46.547054290771484
        ],
        [
            -19.180652618408203
        ],
        [
            57.937530517578125
        ]
    ]
}