{
    "extrinsic_matrix": [
        [
            -0.062192678451538086,
            -0.9837772846221924,
            -0.00316799059510231,
            22.85540008544922
        ],
        [
            -0.18891462683677673,
            0.018150821328163147,
            -0.9788752794265747,
            -1.8464092016220093
        ],
        [
            0.9662527441978455,
            -0.05896185338497162,
            -0.1989254504442215,
            10.513578414916992
        ],
        [
            0.0,
            0.0,
            0.0,
            1.0
        ]
    ],
    "rotation_matrix": [
        [
            -0.062192678451538086,
            -0.9837772846221924,
            -0.00316799059510231
        ],
        [
            -0.18891462683677673,
            0.018150821328163147,
            -0.9788752794265747
        ],
        [
            0.9662527441978455,
            -0.05896185338497162,
            -0.1989254504442215
        ]
    ],
    "rotation_euler_deg": [
        [
            -2.853440284729004
        ],
        [
            -1.3677966594696045
        ],
        [
            -1.8888317346572876
        ]
    ],
    "translation_vector": [
        [
            22.85540008544922
        ],
        [
            -1.8464092016220093
        ],
        [
            10.513578414916992
        ]
    ]
}