{
    "extrinsic_matrix": [
        [
            -0.623988926410675,
            0.618408203125,
            -0.19575634598731995,
            42.364219665527344
        ],
        [
            0.5376576781272888,
            0.22455228865146637,
            -0.7514197826385498,
            -19.874521255493164
        ],
        [
            -0.3738958239555359,
            -0.6245241761207581,
            -0.5775764584541321,
            57.72123336791992
        ],
        [
            0.0,
            0.0,
            0.0,
            1.0
        ]
    ],
    "rotation_matrix": [
        [
            -0.623988926410675,
            0.618408203125,
            -0.19575634598731995
        ],
        [
            0.5376576781272888,
            0.22455228865146637,
            -0.7514197826385498
        ],
        [
            -0.3738958239555359,
            -0.6245241761207581,
            -0.5775764584541321
        ]
    ],
    "rotation_euler_deg": [
        [
            -2.317159652709961
        ],
        [
            0.42612308263778687
        ],
        [
            2.4303760528564453
        ]
    ],
    "translation_vector": [
        [
            42.364219665527344
        ],
        [
            -19.874521255493164
        ],
        [
            57.72123336791992
        ]
    ]
}