{
    "extrinsic_matrix": [
        [
            -0.03369048610329628,
            -0.01735951006412506,
            0.9992814064025879,
            28.294837951660156
        ],
        [
            0.5236521363258362,
            -0.8519269824028015,
            0.00285497959703207,
            -9.283361434936523
        ],
        [
            0.8512653708457947,
            0.5233723521232605,
            0.03779192641377449,
            20.91950225830078
        ],
        [
            0.0,
            0.0,
            0.0,
            1.0
        ]
    ],
    "rotation_matrix": [
        [
            -0.03369048610329628,
            -0.01735951006412506,
            0.9992814064025879
        ],
        [
            0.5236521363258362,
            -0.8519269824028015,
            0.00285497959703207
        ],
        [
            0.8512653708457947,
            0.5233723521232605,
            0.03779192641377449
        ]
    ],
    "rotation_euler_deg": [
        [
            1.4987128973007202
        ],
        [
            -1.018392562866211
        ],
        [
            1.6350452899932861
        ]
    ],
    "translation_vector": [
        [
            28.294837951660156
        ],
        [
            -9.283361434936523
        ],
        [
            20.91950225830078
        ]
    ]
}