{
    "extrinsic_matrix": [
        [
            -0.6419649720191956,
            0.2654687464237213,
            0.7193100452423096,
            45.909934997558594
        ],
        [
            -0.05263441056013107,
            -0.9511940479278564,
            0.30407199263572693,
            -19.833616256713867
        ],
        [
            0.7649253010749817,
            0.157343327999115,
            0.6246053576469421,
            64.96134185791016
        ],
        [
            0.0,
            0.0,
            0.0,
            1.0
        ]
    ],
    "rotation_matrix": [
        [
            -0.6419649720191956,
            0.2654687464237213,
            0.7193100452423096
        ],
        [
            -0.05263441056013107,
            -0.9511940479278564,
            0.30407199263572693
        ],
        [
            0.7649253010749817,
            0.157343327999115,
            0.6246053576469421
        ]
    ],
    "rotation_euler_deg": [
        [
            0.24677398800849915
        ],
        [
            -0.87092524766922
        ],
        [
            -3.059786081314087
        ]
    ],
    "translation_vector": [
        [
            45.909934997558594
        ],
        [
            -19.833616256713867
        ],
        [
            64.96134185791016
        ]
    ]
}