{
    "extrinsic_matrix": [
        [
            0.17129383981227875,
            0.4072396755218506,
            -0.8971143960952759,
            23.479127883911133
        ],
        [
            -0.4384988248348236,
            -0.783897340297699,
            -0.43957164883613586,
            -5.125515937805176
        ],
        [
            -0.8822568655014038,
            0.46867960691452026,
            0.04429765045642853,
            19.863290786743164
        ],
        [
            0.0,
            0.0,
            0.0,
            1.0
        ]
    ],
    "rotation_matrix": [
        [
            0.17129383981227875,
            0.4072396755218506,
            -0.8971143960952759
        ],
        [
            -0.4384988248348236,
            -0.783897340297699,
            -0.43957164883613586
        ],
        [
            -0.8822568655014038,
            0.46867960691452026,
            0.04429765045642853
        ]
    ],
    "rotation_euler_deg": [
        [
            1.4765604734420776
        ],
        [
            1.0806349515914917
        ],
        [
            -1.1983875036239624
        ]
    ],
    "translation_vector": [
        [
            23.479127883911133
        ],
        [
            -5.125515937805176
        ],
        [
            19.863290786743164
        ]
    ]
}