{
    "extrinsic_matrix": [
        [
            0.6465314626693726,
            -0.5306448936462402,
            -0.5408279299736023,
            28.941476821899414
        ],
        [
            0.3176274299621582,
            -0.46003252267837524,
            0.826970636844635,
            -11.342345237731934
        ],
        [
            -0.6872460842132568,
            -0.7108973860740662,
            -0.12697796523571014,
            26.049163818359375
        ],
        [
            0.0,
            0.0,
            0.0,
            1.0
        ]
    ],
    "rotation_matrix": [
        [
            0.6465314626693726,
            -0.5306448936462402,
            -0.5408279299736023
        ],
        [
            0.3176274299621582,
            -0.46003252267837524,
            0.826970636844635
        ],
        [
            -0.6872460842132568,
            -0.7108973860740662,
            -0.12697796523571014
        ]
    ],
    "rotation_euler_deg": [
        [
            -1.7475488185882568
        ],
        [
            0.7618911862373352
        ],
        [
            0.4566466212272644
        ]
    ],
    "translation_vector": [
        [
            28.941476821899414
        ],
        [
            -11.342345237731934
        ],
        [
            26.049163818359375
        ]
    ]
}