{
    "extrinsic_matrix": [
        [
            0.2277737557888031,
            -0.08594881743192673,
            0.9699133634567261,
            24.435935974121094
        ],
        [
            0.4715900421142578,
            -0.8617377281188965,
            -0.18711087107658386,
            -7.002560615539551
        ],
        [
            0.8518928289413452,
            0.5000207424163818,
            -0.15574893355369568,
            17.45077896118164
        ],
        [
            0.0,
            0.0,
            0.0,
            1.0
        ]
    ],
    "rotation_matrix": [
        [
            0.2277737557888031,
            -0.08594881743192673,
            0.9699133634567261
        ],
        [
            0.4715900421142578,
            -0.8617377281188965,
            -0.18711087107658386
        ],
        [
            0.8518928289413452,
            0.5000207424163818,
            -0.15574893355369568
        ]
    ],
    "rotation_euler_deg": [
        [
            1.8727561235427856
        ],
        [
            -1.0195894241333008
        ],
        [
            1.120848298072815
        ]
    ],
    "translation_vector": [
        [
            24.435935974121094
        ],
        [
            -7.002560615539551
        ],
        [
            17.45077896118164
        ]
    ]
}