{
    "extrinsic_matrix": [
        [
            -0.3333333432674408,
            -0.6666666865348816,
            0.6666666865348816,
            1.5773502588272095
        ],
        [
            -0.6666666865348816,
            -0.3333333432674408,
            -0.6666666865348816,
            -0.5773502588272095
        ],
        [
            0.6666666865348816,
            -0.6666666865348816,
            -0.3333333432674408,
            0.5773502588272095
        ],
        [
            0.0,
            0.0,
            0.0,
            1.0
        ]
    ],
    "rotation_matrix": [
        [
            -0.3333333432674408,
            -0.6666666865348816,
            0.6666666865348816
        ],
        [
            -0.6666666865348816,
            -0.3333333432674408,
            -0.6666666865348816
        ],
        [
            0.6666666865348816,
            -0.6666666865348816,
            -0.3333333432674408
        ]
    ],
    "rotation_euler_deg": [
        [
            -2.0344438552856445
        ],
        [
            -0.7297276854515076
        ],
        [
            -2.0344438552856445
        ]
    ],
    "translation_vector": [
        [
            1.5773502588272095
        ],
        [
            -0.5773502588272095
        ],
        [
            0.5773502588272095
        ]
    ]
}