{
    "extrinsic_matrix": [
        [
            0.9404827952384949,
            -0.03472078591585159,
            -0.3380630910396576,
            23.5545711517334
        ],
        [
            0.3320358097553253,
            -0.11809781938791275,
            0.935844361782074,
            -2.758375644683838
        ],
        [
            -0.07241804152727127,
            -0.9923948645591736,
            -0.0995403528213501,
            10.921040534973145
        ],
        [
            0.0,
            0.0,
            0.0,
            1.0
        ]
    ],
    "rotation_matrix": [
        [
            0.9404827952384949,
            -0.03472078591585159,
            -0.3380630910396576
        ],
        [
            0.3320358097553253,
            -0.11809781938791275,
            0.935844361782074
        ],
        [
            -0.07241804152727127,
            -0.9923948645591736,
            -0.0995403528213501
        ]
    ],
    "rotation_euler_deg": [
        [
            -1.6707651615142822
        ],
        [
            0.07248149067163467
        ],
        [
            0.33938783407211304
        ]
    ],
    "translation_vector": [
        [
            23.5545711517334
        ],
        [
            -2.758375644683838
        ],
        [
            10.921040534973145
        ]
    ]
}