{
    "extrinsic_matrix": [
        [
            -0.6504189968109131,
            0.4909512400627136,
            -0.14635443687438965,
            42.88268280029297
        ],
        [
            0.447196364402771,
            0.19373197853565216,
            -0.7769819498062134,
            -19.746585845947266
        ],
        [
            -0.2755430042743683,
            -0.6542817950248718,
            -0.5194092988967896,
            57.75769805908203
        ],
        [
            0.0,
            0.0,
            0.0,
            1.0
        ]
    ],
    "rotation_matrix": [
        [
            -0.6504189968109131,
            0.4909512400627136,
            -0.14635443687438965
        ],
        [
            0.447196364402771,
            0.19373197853565216,
            -0.7769819498062134
        ],
        [
            -0.2755430042743683,
            -0.6542817950248718,
            -0.5194092988967896
        ]
    ],
    "rotation_euler_deg": [
        [
            -2.2417831420898438
        ],
        [
            0.33586224913597107
        ],
        [
            2.5392706394195557
        ]
    ],
    "translation_vector": [
        [
            42.88268280029297
        ],
        [
            -19.746585845947266
        ],
        [
            57.75769805908203
        ]
    ]
}