{
    "extrinsic_matrix": [
        [
            -0.06591716408729553,
            -0.8126217722892761,
            -0.14024651050567627,
            30.291677474975586
        ],
        [
            0.11067596077919006,
            0.13221091032028198,
            -0.8228780031204224,
            -9.56442642211914
        ],
        [
            0.9597150683403015,
            -0.11109337955713272,
            0.20994241535663605,
            23.289793014526367
        ],
        [
            0.0,
            0.0,
            0.0,
            1.0
        ]
    ],
    "rotation_matrix": [
        [
            -0.06591716408729553,
            -0.8126217722892761,
            -0.14024651050567627
        ],
        [
            0.11067596077919006,
            0.13221091032028198,
            -0.8228780031204224
        ],
        [
            0.9597150683403015,
            -0.11109337955713272,
            0.20994241535663605
        ]
    ],
    "rotation_euler_deg": [
        [
            -0.486703485250473
        ],
        [
            -1.4373679161071777
        ],
        [
            2.1079647541046143
        ]
    ],
    "translation_vector": [
        [
            30.291677474975586
        ],
        [
            -9.56442642211914
        ],
        [
            23.289793014526367
        ]
    ]
}