{
    "extrinsic_matrix": [
        [
            0.42856651544570923,
            -0.2741658389568329,
            -0.860908567905426,
            29.0881404876709
        ],
        [
            0.0016611972823739052,
            0.9530861973762512,
            -0.30269375443458557,
            -10.070124626159668
        ],
        [
            0.9035084247589111,
            0.12829414010047913,
            0.408916711807251,
            23.630329132080078
        ],
        [
            0.0,
            0.0,
            0.0,
            1.0
        ]
    ],
    "rotation_matrix": [
        [
            0.42856651544570923,
            -0.2741658389568329,
            -0.860908567905426
        ],
        [
            0.0016611972823739052,
            0.9530861973762512,
            -0.30269375443458557
        ],
        [
            0.9035084247589111,
            0.12829414010047913,
            0.408916711807251
        ]
    ],
    "rotation_euler_deg": [
        [
            0.30401551723480225
        ],
        [
            -1.1278870105743408
        ],
        [
            0.0038761519826948643
        ]
    ],
    "translation_vector": [
        [
            29.0881404876709
        ],
        [
            -10.070124626159668
        ],
        [
            23.630329132080078
        ]
    ]
}