{
    "extrinsic_matrix": [
        [
            0.22002524137496948,
            -0.970642626285553,
            -0.09716784954071045,
            16.99129867553711
        ],
        [
            -0.9390247464179993,
            -0.2377275824546814,
            0.24843108654022217,
            -0.8266334533691406
        ],
        [
            -0.2642374336719513,
            0.03658202290534973,
            -0.9637637138366699,
            0.4445817768573761
        ],
        [
            0.0,
            0.0,
            0.0,
            1.0
        ]
    ],
    "rotation_matrix": [
        [
            0.22002524137496948,
            -0.970642626285553,
            -0.09716784954071045
        ],
        [
            -0.9390247464179993,
            -0.2377275824546814,
            0.24843108654022217
        ],
        [
            -0.2642374336719513,
            0.03658202290534973,
            -0.9637637138366699
        ]
    ],
    "rotation_euler_deg": [
        [
            3.1036534309387207
        ],
        [
            0.2674131691455841
        ],
        [
            -1.3406360149383545
        ]
    ],
    "translation_vector": [
        [
            16.99129867553711
        ],
        [
            -0.8266334533691406
        ],
        [
            0.4445817768573761
        ]
    ]
}