{
    "extrinsic_matrix": [
        [
            0.7030156850814819,
            -0.502740204334259,
            -0.4867398142814636,
            29.050907135009766
        ],
        [
            0.26466453075408936,
            -0.4569036066532135,
            0.8449051380157471,
            -11.518057823181152
        ],
        [
            -0.6463875770568848,
            -0.7318620681762695,
            -0.18428784608840942,
            26.27045249938965
        ],
        [
            0.0,
            0.0,
            0.0,
            1.0
        ]
    ],
    "rotation_matrix": [
        [
            0.7030156850814819,
            -0.502740204334259,
            -0.4867398142814636
        ],
        [
            0.26466453075408936,
            -0.4569036066532135,
            0.8449051380157471
        ],
        [
            -0.6463875770568848,
            -0.7318620681762695,
            -0.18428784608840942
        ]
    ],
    "rotation_euler_deg": [
        [
            -1.8174748420715332
        ],
        [
            0.7105531692504883
        ],
        [
            0.36005908250808716
        ]
    ],
    "translation_vector": [
        [
            29.050907135009766
        ],
        [
            -11.518057823181152
        ],
        [
            26.27045249938965
        ]
    ]
}