{
    "extrinsic_matrix": [
        [
            0.9835523962974548,
            -0.1806003749370575,
            0.0027067288756370544,
            45.293155670166016
        ],
        [
            -0.17062200605869293,
            -0.9240801334381104,
            0.3419997990131378,
            -17.196399688720703
        ],
        [
            -0.05926380306482315,
            -0.33683648705482483,
            -0.9396960139274597,
            42.24685287475586
        ],
        [
            0.0,
            0.0,
            0.0,
            1.0
        ]
    ],
    "rotation_matrix": [
        [
            0.9835523962974548,
            -0.1806003749370575,
            0.0027067288756370544
        ],
        [
            -0.17062200605869293,
            -0.9240801334381104,
            0.3419997990131378
        ],
        [
            -0.05926380306482315,
            -0.33683648705482483,
            -0.9396960139274597
        ]
    ],
    "rotation_euler_deg": [
        [
            -2.797407627105713
        ],
        [
            0.0592985674738884
        ],
        [
            -0.17176584899425507
        ]
    ],
    "translation_vector": [
        [
            45.293155670166016
        ],
        [
            -17.196399688720703
        ],
        [
            42.24685287475586
        ]
    ]
}