{
    "extrinsic_matrix": [
        [
            -0.6088860630989075,
            0.6912407875061035,
            -0.22398601472377777,
            42.067955017089844
        ],
        [
            0.5893498063087463,
            0.24216388165950775,
            -0.7368128299713135,
            -19.9476261138916
        ],
        [
            -0.43009743094444275,
            -0.6075198650360107,
            -0.6108148694038391,
            57.70039367675781
        ],
        [
            0.0,
            0.0,
            0.0,
            1.0
        ]
    ],
    "rotation_matrix": [
        [
            -0.6088860630989075,
            0.6912407875061035,
            -0.22398601472377777
        ],
        [
            0.5893498063087463,
            0.24216388165950775,
            -0.7368128299713135
        ],
        [
            -0.43009743094444275,
            -0.6075198650360107,
            -0.6108148694038391
        ]
    ],
    "rotation_euler_deg": [
        [
            -2.3588991165161133
        ],
        [
            0.46967214345932007
        ],
        [
            2.372497320175171
        ]
    ],
    "translation_vector": [
        [
            42.067955017089844
        ],
        [
            -19.9476261138916
        ],
        [
            57.70039367675781
        ]
    ]
}