{
    "extrinsic_matrix": [
        [
            0.7542044520378113,
            -0.4774515926837921,
            -0.43772247433662415,
            29.15007781982422
        ],
        [
            0.21666686236858368,
            -0.45406800508499146,
            0.8611583113670349,
            -11.677297592163086
        ],
        [
            -0.6093595623970032,
            -0.7508613467216492,
            -0.2362249344587326,
            26.47099494934082
        ],
        [
            0.0,
            0.0,
            0.0,
            1.0
        ]
    ],
    "rotation_matrix": [
        [
            0.7542044520378113,
            -0.4774515926837921,
            -0.43772247433662415
        ],
        [
            0.21666686236858368,
            -0.45406800508499146,
            0.8611583113670349
        ],
        [
            -0.6093595623970032,
            -0.7508613467216492,
            -0.2362249344587326
        ]
    ],
    "rotation_euler_deg": [
        [
            -1.8755979537963867
        ],
        [
            0.660272479057312
        ],
        [
            0.2797453999519348
        ]
    ],
    "translation_vector": [
        [
            29.15007781982422
        ],
        [
            -11.677297592163086
        ],
        [
            26.47099494934082
        ]
    ]
}