{
    "extrinsic_matrix": [
        [
            -0.3075700104236603,
            -0.9504172205924988,
            0.04591328650712967,
            22.78355598449707
        ],
        [
            0.09844378381967545,
            -0.07977715879678726,
            -0.9919396638870239,
            -1.664605975151062
        ],
        [
            0.9464196562767029,
            -0.30057087540626526,
            0.11809974908828735,
            9.281989097595215
        ],
        [
            0.0,
            0.0,
            0.0,
            1.0
        ]
    ],
    "rotation_matrix": [
        [
            -0.3075700104236603,
            -0.9504172205924988,
            0.04591328650712967
        ],
        [
            0.09844378381967545,
            -0.07977715879678726,
            -0.9919396638870239
        ],
        [
            0.9464196562767029,
            -0.30057087540626526,
            0.11809974908828735
        ]
    ],
    "rotation_euler_deg": [
        [
            -1.196409821510315
        ],
        [
            -1.2419617176055908
        ],
        [
            2.831826686859131
        ]
    ],
    "translation_vector": [
        [
            22.78355598449707
        ],
        [
            -1.664605975151062
        ],
        [
            9.281989097595215
        ]
    ]
}