{
    "extrinsic_matrix": [
        [
            0.8825364708900452,
            0.44312411546707153,
            0.15738429129123688,
            46.715023040771484
        ],
        [
            -0.11259056627750397,
            0.5240707993507385,
            -0.8441996574401855,
            -20.771808624267578
        ],
        [
            -0.45656639337539673,
            0.7273167371749878,
            0.5124034881591797,
            58.99809265136719
        ],
        [
            0.0,
            0.0,
            0.0,
            1.0
        ]
    ],
    "rotation_matrix": [
        [
            0.8825364708900452,
            0.44312411546707153,
            0.15738429129123688
        ],
        [
            -0.11259056627750397,
            0.5240707993507385,
            -0.8441996574401855
        ],
        [
            -0.45656639337539673,
            0.7273167371749878,
            0.5124034881591797
        ]
    ],
    "rotation_euler_deg": [
        [
            0.9570484757423401
        ],
        [
            0.4741319715976715
        ],
        [
            -0.1268906593322754
        ]
    ],
    "translation_vector": [
        [
            46.715023040771484
        ],
        [
            -20.771808624267578
        ],
        [
            58.99809265136719
        ]
    ]
}