{
    "extrinsic_matrix": [
        [
            -0.6491886377334595,
            -0.11217542737722397,
            0.7523094415664673,
            46.446834564208984
        ],
        [
            0.5341309309005737,
            0.6369399428367615,
            0.5558881759643555,
            -18.922815322875977
        ],
        [
            -0.541533350944519,
            0.762708306312561,
            -0.3535783290863037,
            44.83656692504883
        ],
        [
            0.0,
            0.0,
            0.0,
            1.0
        ]
    ],
    "rotation_matrix": [
        [
            -0.6491886377334595,
            -0.11217542737722397,
            0.7523094415664673
        ],
        [
            0.5341309309005737,
            0.6369399428367615,
            0.5558881759643555
        ],
        [
            -0.541533350944519,
            0.762708306312561,
            -0.3535783290863037
        ]
    ],
    "rotation_euler_deg": [
        [
            2.0048880577087402
        ],
        [
            0.5722599625587463
        ],
        [
            2.453122854232788
        ]
    ],
    "translation_vector": [
        [
            46.446834564208984
        ],
        [
            -18.922815322875977
        ],
        [
            44.83656692504883
        ]
    ]
}