{
    "extrinsic_matrix": [
        [
            0.972119152545929,
            0.04347548633813858,
            -0.23042167723178864,
            14.25540542602539
        ],
        [
            -0.03214706853032112,
            0.9980930685997009,
            0.05269421637058258,
            -0.4717251658439636
        ],
        [
            0.2322731614112854,
            -0.04381764680147171,
            0.9716631174087524,
            1.279114007949829
        ],
        [
            0.0,
            0.0,
            0.0,
            1.0
        ]
    ],
    "rotation_matrix": [
        [
            0.972119152545929,
            0.04347548633813858,
            -0.23042167723178864
        ],
        [
            -0.03214706853032112,
            0.9980930685997009,
            0.05269421637058258
        ],
        [
            0.2322731614112854,
            -0.04381764680147171,
            0.9716631174087524
        ]
    ],
    "rotation_euler_deg": [
        [
            -0.045064982026815414
        ],
        [
            -0.23441411554813385
        ],
        [
            -0.033057015389204025
        ]
    ],
    "translation_vector": [
        [
            14.25540542602539
        ],
        [
            -0.4717251658439636
        ],
        [
            1.279114007949829
        ]
    ]
}