{
    "extrinsic_matrix": [
        [
            -0.6051102876663208,
            0.7094488739967346,
            -0.23104342818260193,
            41.99388885498047
        ],
        [
            0.6022728681564331,
            0.2465667873620987,
            -0.7331610918045044,
            -19.96590232849121
        ],
        [
            -0.44414782524108887,
            -0.6032687425613403,
            -0.6191244125366211,
            57.695186614990234
        ],
        [
            0.0,
            0.0,
            0.0,
            1.0
        ]
    ],
    "rotation_matrix": [
        [
            -0.6051102876663208,
            0.7094488739967346,
            -0.23104342818260193
        ],
        [
            0.6022728681564331,
            0.2465667873620987,
            -0.7331610918045044
        ],
        [
            -0.44414782524108887,
            -0.6032687425613403,
            -0.6191244125366211
        ]
    ],
    "rotation_euler_deg": [
        [
            -2.3691647052764893
        ],
        [
            0.47970110177993774
        ],
        [
            2.3585445880889893
        ]
    ],
    "translation_vector": [
        [
            41.99388885498047
        ],
        [
            -19.96590232849121
        ],
        [
            57.695186614990234
        ]
    ]
}