{
    "extrinsic_matrix": [
        [
            -0.3582000434398651,
            -0.7035037875175476,
            -0.6138197183609009,
            48.361907958984375
        ],
        [
            -0.5490067005157471,
            -0.3730577826499939,
            0.7479434609413147,
            -18.767702102661133
        ],
        [
            -0.7551713585853577,
            0.6049053072929382,
            -0.25259894132614136,
            56.24414825439453
        ],
        [
            0.0,
            0.0,
            0.0,
            1.0
        ]
    ],
    "rotation_matrix": [
        [
            -0.3582000434398651,
            -0.7035037875175476,
            -0.6138197183609009
        ],
        [
            -0.5490067005157471,
            -0.3730577826499939,
            0.7479434609413147
        ],
        [
            -0.7551713585853577,
            0.6049053072929382,
            -0.25259894132614136
        ]
    ],
    "rotation_euler_deg": [
        [
            1.9663690328598022
        ],
        [
            0.8559158444404602
        ],
        [
            -2.148892641067505
        ]
    ],
    "translation_vector": [
        [
            48.361907958984375
        ],
        [
            -18.767702102661133
        ],
        [
            56.24414825439453
        ]
    ]
}