{
    "extrinsic_matrix": [
        [
            0.017286986112594604,
            -0.9923253655433655,
            0.017175275832414627,
            22.846158981323242
        ],
        [
            -0.1831335872411728,
            -0.018603213131427765,
            -0.9813827276229858,
            -1.7532799243927002
        ],
        [
            0.9758322834968567,
            0.01450452208518982,
            -0.18825283646583557,
            9.07490348815918
        ],
        [
            0.0,
            0.0,
            0.0,
            1.0
        ]
    ],
    "rotation_matrix": [
        [
            0.017286986112594604,
            -0.9923253655433655,
            0.017175275832414627
        ],
        [
            -0.1831335872411728,
            -0.018603213131427765,
            -0.9813827276229858
        ],
        [
            0.9758322834968567,
            0.01450452208518982,
            -0.18825283646583557
        ]
    ],
    "rotation_euler_deg": [
        [
            3.0646965503692627
        ],
        [
            -1.384479284286499
        ],
        [
            -1.4766796827316284
        ]
    ],
    "translation_vector": [
        [
            22.846158981323242
        ],
        [
            -1.7532799243927002
        ],
        [
            9.07490348815918
        ]
    ]
}