{
    "extrinsic_matrix": [
        [
            -0.6390918493270874,
            0.5455756187438965,
            -0.16752669215202332,
            42.660484313964844
        ],
        [
            0.4859654903411865,
            0.2069406807422638,
            -0.7660267353057861,
            -19.801414489746094
        ],
        [
            -0.31769418716430664,
            -0.6415285468101501,
            -0.5443381071090698,
            57.742069244384766
        ],
        [
            0.0,
            0.0,
            0.0,
            1.0
        ]
    ],
    "rotation_matrix": [
        [
            -0.6390918493270874,
            0.5455756187438965,
            -0.16752669215202332
        ],
        [
            0.4859654903411865,
            0.2069406807422638,
            -0.7660267353057861
        ],
        [
            -0.31769418716430664,
            -0.6415285468101501,
            -0.5443381071090698
        ]
    ],
    "rotation_euler_deg": [
        [
            -2.2744200229644775
        ],
        [
            0.3767922520637512
        ],
        [
            2.491468667984009
        ]
    ],
    "translation_vector": [
        [
            42.660484313964844
        ],
        [
            -19.801414489746094
        ],
        [
            57.742069244384766
        ]
    ]
}