{
    "extrinsic_matrix": [
        [
            -0.8825364708900452,
            0.44312411546707153,
            -0.15738430619239807,
            46.715023040771484
        ],
        [
            0.11259056627750397,
            0.5240707993507385,
            0.8441996574401855,
            -19.771808624267578
        ],
        [
            0.45656639337539673,
            0.7273167371749878,
            -0.5124034881591797,
            58.99809265136719
        ],
        [
            0.0,
            0.0,
            0.0,
            1.0
        ]
    ],
    "rotation_matrix": [
        [
            -0.8825364708900452,
            0.44312411546707153,
            -0.15738430619239807
        ],
        [
            0.11259056627750397,
            0.5240707993507385,
            0.8441996574401855
        ],
        [
            0.45656639337539673,
            0.7273167371749878,
            -0.5124034881591797
        ]
    ],
    "rotation_euler_deg": [
        [
            2.184544086456299
        ],
        [
            -0.4741319715976715
        ],
        [
            3.014702081680298
        ]
    ],
    "translation_vector": [
        [
            46.715023040771484
        ],
        [
            -19.771808624267578
        ],
        [
            58.99809265136719
        ]
    ]
}