{
    "extrinsic_matrix": [
        [
            -0.531760036945343,
            -0.4439839720726013,
            -0.7211851477622986,
            44.88438415527344
        ],
        [
            -0.3917568325996399,
            0.8839340806007385,
            -0.25531768798828125,
            -18.605236053466797
        ],
        [
            0.7508377432823181,
            0.14676134288311005,
            -0.6439749598503113,
            43.934879302978516
        ],
        [
            0.0,
            0.0,
            0.0,
            1.0
        ]
    ],
    "rotation_matrix": [
        [
            -0.531760036945343,
            -0.4439839720726013,
            -0.7211851477622986
        ],
        [
            -0.3917568325996399,
            0.8839340806007385,
            -0.25531768798828125
        ],
        [
            0.7508377432823181,
            0.14676134288311005,
            -0.6439749598503113
        ]
    ],
    "rotation_euler_deg": [
        [
            2.917520523071289
        ],
        [
            -0.8493298292160034
        ],
        [
            -2.5066468715667725
        ]
    ],
    "translation_vector": [
        [
            44.88438415527344
        ],
        [
            -18.605236053466797
        ],
        [
            43.934879302978516
        ]
    ]
}