{
    "extrinsic_matrix": [
        [
            0.9488481879234314,
            0.02869586832821369,
            0.31442463397979736,
            46.85114288330078
        ],
        [
            -0.2847282886505127,
            0.5081279873847961,
            0.8128566741943359,
            -18.76568031311035
        ],
        [
            -0.13644272089004517,
            -0.8608037233352661,
            0.49030667543411255,
            55.12682342529297
        ],
        [
            0.0,
            0.0,
            0.0,
            1.0
        ]
    ],
    "rotation_matrix": [
        [
            0.9488481879234314,
            0.02869586832821369,
            0.31442463397979736
        ],
        [
            -0.2847282886505127,
            0.5081279873847961,
            0.8128566741943359
        ],
        [
            -0.13644272089004517,
            -0.8608037233352661,
            0.49030667543411255
        ]
    ],
    "rotation_euler_deg": [
        [
            -1.0530359745025635
        ],
        [
            0.13686968386173248
        ],
        [
            -0.29152819514274597
        ]
    ],
    "translation_vector": [
        [
            46.85114288330078
        ],
        [
            -18.76568031311035
        ],
        [
            55.12682342529297
        ]
    ]
}