{
    "extrinsic_matrix": [
        [
            -0.7288088798522949,
            0.1961943805217743,
            0.4642178416252136,
            46.123355865478516
        ],
        [
            -0.06376713514328003,
            -0.9380730390548706,
            0.3353414535522461,
            -19.82606315612793
        ],
        [
            0.5048205852508545,
            0.2340778410434723,
            0.6898820400238037,
            64.53926849365234
        ],
        [
            0.0,
            0.0,
            0.0,
            1.0
        ]
    ],
    "rotation_matrix": [
        [
            -0.7288088798522949,
            0.1961943805217743,
            0.4642178416252136
        ],
        [
            -0.06376713514328003,
            -0.9380730390548706,
            0.3353414535522461
        ],
        [
            0.5048205852508545,
            0.2340778410434723,
            0.6898820400238037
        ]
    ],
    "rotation_euler_deg": [
        [
            0.32711201906204224
        ],
        [
            -0.6040026545524597
        ],
        [
            -3.0543198585510254
        ]
    ],
    "translation_vector": [
        [
            46.123355865478516
        ],
        [
            -19.82606315612793
        ],
        [
            64.53926849365234
        ]
    ]
}