{
    "extrinsic_matrix": [
        [
            0.061847854405641556,
            -0.3217211365699768,
            0.9446045756340027,
            47.36917495727539
        ],
        [
            -0.12004920840263367,
            0.9371781945228577,
            0.32691532373428345,
            -19.74242401123047
        ],
        [
            -0.9907426834106445,
            -0.1334230750799179,
            0.01921979710459709,
            59.280555725097656
        ],
        [
            0.0,
            0.0,
            0.0,
            1.0
        ]
    ],
    "rotation_matrix": [
        [
            0.061847854405641556,
            -0.3217211365699768,
            0.9446045756340027
        ],
        [
            -0.12004920840263367,
            0.9371781945228577,
            0.32691532373428345
        ],
        [
            -0.9907426834106445,
            -0.1334230750799179,
            0.01921979710459709
        ]
    ],
    "rotation_euler_deg": [
        [
            -1.4277290105819702
        ],
        [
            1.435325026512146
        ],
        [
            -1.095072627067566
        ]
    ],
    "translation_vector": [
        [
            47.36917495727539
        ],
        [
            -19.74242401123047
        ],
        [
            59.280555725097656
        ]
    ]
}