{
    "extrinsic_matrix": [
        [
            0.051164403557777405,
            -0.3438679873943329,
            0.9376212358474731,
            46.80466842651367
        ],
        [
            -0.13779433071613312,
            0.927426815032959,
            0.34764689207077026,
            -20.09111976623535
        ],
        [
            -0.9891233444213867,
            -0.1469830870628357,
            5.850871093571186e-05,
            59.78203582763672
        ],
        [
            0.0,
            0.0,
            0.0,
            1.0
        ]
    ],
    "rotation_matrix": [
        [
            0.051164403557777405,
            -0.3438679873943329,
            0.9376212358474731
        ],
        [
            -0.13779433071613312,
            0.927426815032959,
            0.34764689207077026
        ],
        [
            -0.9891233444213867,
            -0.1469830870628357,
            5.850871093571186e-05
        ]
    ],
    "rotation_euler_deg": [
        [
            -1.570398211479187
        ],
        [
            1.423272967338562
        ],
        [
            -1.2152646780014038
        ]
    ],
    "translation_vector": [
        [
            46.80466842651367
        ],
        [
            -20.09111976623535
        ],
        [
            59.78203582763672
        ]
    ]
}