{
    "extrinsic_matrix": [
        [
            -0.9767931699752808,
            0.20346929132938385,
            -0.06688868254423141,
            44.72718811035156
        ],
        [
            0.21143555641174316,
            0.9658939242362976,
            -0.14947807788848877,
            -17.306446075439453
        ],
        [
            0.034193005412817,
            -0.16015209257602692,
            -0.9864999651908875,
            43.27930450439453
        ],
        [
            0.0,
            0.0,
            0.0,
            1.0
        ]
    ],
    "rotation_matrix": [
        [
            -0.9767931699752808,
            0.20346929132938385,
            -0.06688868254423141
        ],
        [
            0.21143555641174316,
            0.9658939242362976,
            -0.14947807788848877
        ],
        [
            0.034193005412817,
            -0.16015209257602692,
            -0.9864999651908875
        ]
    ],
    "rotation_euler_deg": [
        [
            -2.9806530475616455
        ],
        [
            -0.03419968858361244
        ],
        [
            2.928422451019287
        ]
    ],
    "translation_vector": [
        [
            44.72718811035156
        ],
        [
            -17.306446075439453
        ],
        [
            43.27930450439453
        ]
    ]
}