{
    "extrinsic_matrix": [
        [
            0.07955518364906311,
            -0.29417288303375244,
            0.9524351954460144,
            47.52826690673828
        ],
        [
            -0.10316773504018784,
            0.9479032158851624,
            0.30138978362083435,
            -19.37710952758789
        ],
        [
            -0.9914772510528564,
            -0.12223788350820541,
            0.04506068304181099,
            61.026302337646484
        ],
        [
            0.0,
            0.0,
            0.0,
            1.0
        ]
    ],
    "rotation_matrix": [
        [
            0.07955518364906311,
            -0.29417288303375244,
            0.9524351954460144
        ],
        [
            -0.10316773504018784,
            0.9479032158851624,
            0.30138978362083435
        ],
        [
            -0.9914772510528564,
            -0.12223788350820541,
            0.04506068304181099
        ]
    ],
    "rotation_euler_deg": [
        [
            -1.2176209688186646
        ],
        [
            1.4401459693908691
        ],
        [
            -0.9139119386672974
        ]
    ],
    "translation_vector": [
        [
            47.52826690673828
        ],
        [
            -19.37710952758789
        ],
        [
            61.026302337646484
        ]
    ]
}