{
    "extrinsic_matrix": [
        [
            0.7259623408317566,
            -0.4914039373397827,
            -0.4647665321826935,
            29.09536361694336
        ],
        [
            0.2431483268737793,
            -0.4556324779987335,
            0.8521910309791565,
            -11.589441299438477
        ],
        [
            -0.6297888159751892,
            -0.7403790354728699,
            -0.20756998658180237,
            26.3603515625
        ],
        [
            0.0,
            0.0,
            0.0,
            1.0
        ]
    ],
    "rotation_matrix": [
        [
            0.7259623408317566,
            -0.4914039373397827,
            -0.4647665321826935
        ],
        [
            0.2431483268737793,
            -0.4556324779987335,
            0.8521910309791565
        ],
        [
            -0.6297888159751892,
            -0.7403790354728699,
            -0.20756998658180237
        ]
    ],
    "rotation_euler_deg": [
        [
            -1.8441355228424072
        ],
        [
            0.6883755922317505
        ],
        [
            0.32318904995918274
        ]
    ],
    "translation_vector": [
        [
            29.09536361694336
        ],
        [
            -11.589441299438477
        ],
        [
            26.3603515625
        ]
    ]
}