{
    "extrinsic_matrix": [
        [
            0.5388858318328857,
            -0.7897647023200989,
            -0.293040007352829,
            45.166507720947266
        ],
        [
            0.6055905222892761,
            0.12140345573425293,
            0.7864611744880676,
            -18.072057723999023
        ],
        [
            -0.5855437517166138,
            -0.6012755036354065,
            0.5436968207359314,
            41.883975982666016
        ],
        [
            0.0,
            0.0,
            0.0,
            1.0
        ]
    ],
    "rotation_matrix": [
        [
            0.5388858318328857,
            -0.7897647023200989,
            -0.293040007352829
        ],
        [
            0.6055905222892761,
            0.12140345573425293,
            0.7864611744880676
        ],
        [
            -0.5855437517166138,
            -0.6012755036354065,
            0.5436968207359314
        ]
    ],
    "rotation_euler_deg": [
        [
            -0.8356441259384155
        ],
        [
            0.6255509257316589
        ],
        [
            0.8436163067817688
        ]
    ],
    "translation_vector": [
        [
            45.166507720947266
        ],
        [
            -18.072057723999023
        ],
        [
            41.883975982666016
        ]
    ]
}