{
    "extrinsic_matrix": [
        [
            -0.03834877908229828,
            -0.9863417148590088,
            0.0029349885880947113,
            22.852628707885742
        ],
        [
            -0.1871803253889084,
            0.007124610245227814,
            -0.9796274900436401,
            -1.8184704780578613
        ],
        [
            0.9691265821456909,
            -0.036921948194503784,
            -0.19572366774082184,
            10.081975936889648
        ],
        [
            0.0,
            0.0,
            0.0,
            1.0
        ]
    ],
    "rotation_matrix": [
        [
            -0.03834877908229828,
            -0.9863417148590088,
            0.0029349885880947113
        ],
        [
            -0.1871803253889084,
            0.007124610245227814,
            -0.9796274900436401
        ],
        [
            0.9691265821456909,
            -0.036921948194503784,
            -0.19572366774082184
        ]
    ],
    "rotation_euler_deg": [
        [
            -2.9551405906677246
        ],
        [
            -1.376137614250183
        ],
        [
            -1.7728760242462158
        ]
    ],
    "translation_vector": [
        [
            22.852628707885742
        ],
        [
            -1.8184704780578613
        ],
        [
            10.081975936889648
        ]
    ]
}