{
    "extrinsic_matrix": [
        [
            -0.6197576522827148,
            0.7847117185592651,
            0.011283010244369507,
            45.106441497802734
        ],
        [
            0.3385981023311615,
            0.280335396528244,
            -0.8981999158859253,
            -19.722450256347656
        ],
        [
            -0.7079911231994629,
            -0.5528467297554016,
            -0.4394416809082031,
            58.268856048583984
        ],
        [
            0.0,
            0.0,
            0.0,
            1.0
        ]
    ],
    "rotation_matrix": [
        [
            -0.6197576522827148,
            0.7847117185592651,
            0.011283010244369507
        ],
        [
            0.3385981023311615,
            0.280335396528244,
            -0.8981999158859253
        ],
        [
            -0.7079911231994629,
            -0.5528467297554016,
            -0.4394416809082031
        ]
    ],
    "rotation_euler_deg": [
        [
            -2.2424018383026123
        ],
        [
            0.786649763584137
        ],
        [
            2.641564130783081
        ]
    ],
    "translation_vector": [
        [
            45.106441497802734
        ],
        [
            -19.722450256347656
        ],
        [
            58.268856048583984
        ]
    ]
}