{
    "extrinsic_matrix": [
        [
            0.787634551525116,
            -0.45119544863700867,
            -0.41958823800086975,
            29.587865829467773
        ],
        [
            0.19240246713161469,
            -0.46682798862457275,
            0.8631642460823059,
            -11.239911079406738
        ],
        [
            -0.5853316187858582,
            -0.7605876326560974,
            -0.2808789014816284,
            24.98918914794922
        ],
        [
            0.0,
            0.0,
            0.0,
            1.0
        ]
    ],
    "rotation_matrix": [
        [
            0.787634551525116,
            -0.45119544863700867,
            -0.41958823800086975
        ],
        [
            0.19240246713161469,
            -0.46682798862457275,
            0.8631642460823059
        ],
        [
            -0.5853316187858582,
            -0.7605876326560974,
            -0.2808789014816284
        ]
    ],
    "rotation_euler_deg": [
        [
            -1.9245532751083374
        ],
        [
            0.6252890229225159
        ],
        [
            0.23958684504032135
        ]
    ],
    "translation_vector": [
        [
            29.587865829467773
        ],
        [
            -11.239911079406738
        ],
        [
            24.98918914794922
        ]
    ]
}