{
    "extrinsic_matrix": [
        [
            0.05586524307727814,
            -0.33324649930000305,
            0.9410132169723511,
            47.123870849609375
        ],
        [
            -0.1273089498281479,
            0.9324404001235962,
            0.33765658736228943,
            -19.962045669555664
        ],
        [
            -0.9902096390724182,
            -0.13850383460521698,
            0.00956757739186287,
            59.332542419433594
        ],
        [
            0.0,
            0.0,
            0.0,
            1.0
        ]
    ],
    "rotation_matrix": [
        [
            0.05586524307727814,
            -0.33324649930000305,
            0.9410132169723511
        ],
        [
            -0.1273089498281479,
            0.9324404001235962,
            0.33765658736228943
        ],
        [
            -0.9902096390724182,
            -0.13850383460521698,
            0.00956757739186287
        ]
    ],
    "rotation_euler_deg": [
        [
            -1.5018278360366821
        ],
        [
            1.4313066005706787
        ],
        [
            -1.1572816371917725
        ]
    ],
    "translation_vector": [
        [
            47.123870849609375
        ],
        [
            -19.962045669555664
        ],
        [
            59.332542419433594
        ]
    ]
}