{
    "extrinsic_matrix": [
        [
            0.7383182644844055,
            -0.4852997958660126,
            -0.45293474197387695,
            29.119300842285156
        ],
        [
            0.23156268894672394,
            -0.4549480080604553,
            0.8561142086982727,
            -11.62787914276123
        ],
        [
            -0.6208509802818298,
            -0.7449650168418884,
            -0.22010652720928192,
            26.40875816345215
        ],
        [
            0.0,
            0.0,
            0.0,
            1.0
        ]
    ],
    "rotation_matrix": [
        [
            0.7383182644844055,
            -0.4852997958660126,
            -0.45293474197387695
        ],
        [
            0.23156268894672394,
            -0.4549480080604553,
            0.8561142086982727
        ],
        [
            -0.6208509802818298,
            -0.7449650168418884,
            -0.22010652720928192
        ]
    ],
    "rotation_euler_deg": [
        [
            -1.8580818176269531
        ],
        [
            0.6761791110038757
        ],
        [
            0.30391883850097656
        ]
    ],
    "translation_vector": [
        [
            29.119300842285156
        ],
        [
            -11.62787914276123
        ],
        [
            26.40875816345215
        ]
    ]
}