{
    "extrinsic_matrix": [
        [
            0.932405948638916,
            -0.010115734301507473,
            -0.36127111315727234,
            23.635072708129883
        ],
        [
            0.3559640049934387,
            -0.14721420407295227,
            0.9228310585021973,
            -2.8820436000823975
        ],
        [
            -0.0625196173787117,
            -0.9890530705451965,
            -0.13366249203681946,
            10.919801712036133
        ],
        [
            0.0,
            0.0,
            0.0,
            1.0
        ]
    ],
    "rotation_matrix": [
        [
            0.932405948638916,
            -0.010115734301507473,
            -0.36127111315727234
        ],
        [
            0.3559640049934387,
            -0.14721420407295227,
            0.9228310585021973
        ],
        [
            -0.0625196173787117,
            -0.9890530705451965,
            -0.13366249203681946
        ]
    ],
    "rotation_euler_deg": [
        [
            -1.7051243782043457
        ],
        [
            0.06256042420864105
        ],
        [
            0.36469218134880066
        ]
    ],
    "translation_vector": [
        [
            23.635072708129883
        ],
        [
            -2.8820436000823975
        ],
        [
            10.919801712036133
        ]
    ]
}