{
    "extrinsic_matrix": [
        [
            -0.7079234719276428,
            0.2118709683418274,
            0.523948609828949,
            46.151634216308594
        ],
        [
            -0.05970679223537445,
            -0.9409958124160767,
            0.32869434356689453,
            -19.84336280822754
        ],
        [
            0.5656459331512451,
            0.21750903129577637,
            0.6735376119613647,
            64.41986846923828
        ],
        [
            0.0,
            0.0,
            0.0,
            1.0
        ]
    ],
    "rotation_matrix": [
        [
            -0.7079234719276428,
            0.2118709683418274,
            0.523948609828949
        ],
        [
            -0.05970679223537445,
            -0.9409958124160767,
            0.32869434356689453
        ],
        [
            0.5656459331512451,
            0.21750903129577637,
            0.6735376119613647
        ]
    ],
    "rotation_euler_deg": [
        [
            0.31236326694488525
        ],
        [
            -0.6724162101745605
        ],
        [
            -3.057451009750366
        ]
    ],
    "translation_vector": [
        [
            46.151634216308594
        ],
        [
            -19.84336280822754
        ],
        [
            64.41986846923828
        ]
    ]
}