{
    "extrinsic_matrix": [
        [
            0.05110757425427437,
            -0.34293386340141296,
            0.9379671812057495,
            46.88663864135742
        ],
        [
            -0.13467594981193542,
            0.9282423853874207,
            0.34671536087989807,
            -20.12220001220703
        ],
        [
            -0.9895632266998291,
            -0.14403998851776123,
            0.0012500379234552383,
            59.510101318359375
        ],
        [
            0.0,
            0.0,
            0.0,
            1.0
        ]
    ],
    "rotation_matrix": [
        [
            0.05110757425427437,
            -0.34293386340141296,
            0.9379671812057495
        ],
        [
            -0.13467594981193542,
            0.9282423853874207,
            0.34671536087989807
        ],
        [
            -0.9895632266998291,
            -0.14403998851776123,
            0.0012500379234552383
        ]
    ],
    "rotation_euler_deg": [
        [
            -1.5621181726455688
        ],
        [
            1.4262452125549316
        ],
        [
            -1.2080988883972168
        ]
    ],
    "translation_vector": [
        [
            46.88663864135742
        ],
        [
            -20.12220001220703
        ],
        [
            59.510101318359375
        ]
    ]
}