{
    "extrinsic_matrix": [
        [
            0.7189018130302429,
            -0.4948920011520386,
            -0.4715275466442108,
            29.081684112548828
        ],
        [
            0.2497687041759491,
            -0.45602357387542725,
            0.8499492406845093,
            -11.567477226257324
        ],
        [
            -0.6348960995674133,
            -0.7377583980560303,
            -0.2004062533378601,
            26.332691192626953
        ],
        [
            0.0,
            0.0,
            0.0,
            1.0
        ]
    ],
    "rotation_matrix": [
        [
            0.7189018130302429,
            -0.4948920011520386,
            -0.4715275466442108
        ],
        [
            0.2497687041759491,
            -0.45602357387542725,
            0.8499492406845093
        ],
        [
            -0.6348960995674133,
            -0.7377583980560303,
            -0.2004062533378601
        ]
    ],
    "rotation_euler_deg": [
        [
            -1.8360381126403809
        ],
        [
            0.6952683329582214
        ],
        [
            0.3343842625617981
        ]
    ],
    "translation_vector": [
        [
            29.081684112548828
        ],
        [
            -11.567477226257324
        ],
        [
            26.332691192626953
        ]
    ]
}