{
    "extrinsic_matrix": [
        [
            0.05466872453689575,
            -0.33555158972740173,
            0.9402949810028076,
            47.074806213378906
        ],
        [
            -0.1287609040737152,
            0.931492805480957,
            0.33980485796928406,
            -20.00596809387207
        ],
        [
            -0.990103006362915,
            -0.13951998949050903,
            0.007637133821845055,
            59.34294128417969
        ],
        [
            0.0,
            0.0,
            0.0,
            1.0
        ]
    ],
    "rotation_matrix": [
        [
            0.05466872453689575,
            -0.33555158972740173,
            0.9402949810028076
        ],
        [
            -0.1287609040737152,
            0.931492805480957,
            0.33980485796928406
        ],
        [
            -0.990103006362915,
            -0.13951998949050903,
            0.007637133821845055
        ]
    ],
    "rotation_euler_deg": [
        [
            -1.516112208366394
        ],
        [
            1.43044114112854
        ],
        [
            -1.1692852973937988
        ]
    ],
    "translation_vector": [
        [
            47.074806213378906
        ],
        [
            -20.00596809387207
        ],
        [
            59.34294128417969
        ]
    ]
}