{
    "extrinsic_matrix": [
        [
            0.9718765020370483,
            -0.21485769748687744,
            0.09639047831296921,
            45.46439743041992
        ],
        [
            -0.22873346507549286,
            -0.9586338400840759,
            0.16941657662391663,
            -17.384944915771484
        ],
        [
            0.056002937257289886,
            -0.18669964373111725,
            -0.9808193445205688,
            43.233154296875
        ],
        [
            0.0,
            0.0,
            0.0,
            1.0
        ]
    ],
    "rotation_matrix": [
        [
            0.9718765020370483,
            -0.21485769748687744,
            0.09639047831296921
        ],
        [
            -0.22873346507549286,
            -0.9586338400840759,
            0.16941657662391663
        ],
        [
            0.056002937257289886,
            -0.18669964373111725,
            -0.9808193445205688
        ]
    ],
    "rotation_euler_deg": [
        [
            -2.9534921646118164
        ],
        [
            -0.056032273918390274
        ],
        [
            -0.23114588856697083
        ]
    ],
    "translation_vector": [
        [
            45.46439743041992
        ],
        [
            -17.384944915771484
        ],
        [
            43.233154296875
        ]
    ]
}