{
    "extrinsic_matrix": [
        [
            0.8370558619499207,
            -0.5431180000305176,
            -0.06602828204631805,
            46.53498840332031
        ],
        [
            0.24320262670516968,
            0.26126188039779663,
            0.9341277480125427,
            -20.167682647705078
        ],
        [
            -0.4900916814804077,
            -0.7979752421379089,
            0.3507782518863678,
            58.09761047363281
        ],
        [
            0.0,
            0.0,
            0.0,
            1.0
        ]
    ],
    "rotation_matrix": [
        [
            0.8370558619499207,
            -0.5431180000305176,
            -0.06602828204631805
        ],
        [
            0.24320262670516968,
            0.26126188039779663,
            0.9341277480125427
        ],
        [
            -0.4900916814804077,
            -0.7979752421379089,
            0.3507782518863678
        ]
    ],
    "rotation_euler_deg": [
        [
            -1.1566368341445923
        ],
        [
            0.5121949315071106
        ],
        [
            0.2827603220939636
        ]
    ],
    "translation_vector": [
        [
            46.53498840332031
        ],
        [
            -20.167682647705078
        ],
        [
            58.09761047363281
        ]
    ]
}