{
    "extrinsic_matrix": [
        [
            -0.5626602172851562,
            0.8081566095352173,
            0.17405694723129272,
            46.289642333984375
        ],
        [
            0.04033076763153076,
            0.23713046312332153,
            -0.9706401824951172,
            -19.451398849487305
        ],
        [
            -0.8257033824920654,
            -0.5391216278076172,
            -0.16601718962192535,
            57.981571197509766
        ],
        [
            0.0,
            0.0,
            0.0,
            1.0
        ]
    ],
    "rotation_matrix": [
        [
            -0.5626602172851562,
            0.8081566095352173,
            0.17405694723129272
        ],
        [
            0.04033076763153076,
            0.23713046312332153,
            -0.9706401824951172
        ],
        [
            -0.8257033824920654,
            -0.5391216278076172,
            -0.16601718962192535
        ]
    ],
    "rotation_euler_deg": [
        [
            -1.8695216178894043
        ],
        [
            0.971448540687561
        ],
        [
            3.0700364112854004
        ]
    ],
    "translation_vector": [
        [
            46.289642333984375
        ],
        [
            -19.451398849487305
        ],
        [
            57.981571197509766
        ]
    ]
}