{
    "extrinsic_matrix": [
        [
            -0.3721817135810852,
            0.0310056209564209,
            -0.9276416897773743,
            27.325305938720703
        ],
        [
            -0.5024474859237671,
            -0.8470662832260132,
            0.17327606678009033,
            -9.245817184448242
        ],
        [
            -0.7804015278816223,
            0.5305818319320679,
            0.330841600894928,
            20.801788330078125
        ],
        [
            0.0,
            0.0,
            0.0,
            1.0
        ]
    ],
    "rotation_matrix": [
        [
            -0.3721817135810852,
            0.0310056209564209,
            -0.9276416897773743
        ],
        [
            -0.5024474859237671,
            -0.8470662832260132,
            0.17327606678009033
        ],
        [
            -0.7804015278816223,
            0.5305818319320679,
            0.330841600894928
        ]
    ],
    "rotation_euler_deg": [
        [
            1.0132440328598022
        ],
        [
            0.8953081965446472
        ],
        [
            -2.208343029022217
        ]
    ],
    "translation_vector": [
        [
            27.325305938720703
        ],
        [
            -9.245817184448242
        ],
        [
            20.801788330078125
        ]
    ]
}