{
    "extrinsic_matrix": [
        [
            -0.6171188950538635,
            0.7781747579574585,
            -0.11665123701095581,
            43.21259689331055
        ],
        [
            0.480243980884552,
            0.25504428148269653,
            -0.8392363786697388,
            -19.382699966430664
        ],
        [
            -0.6233214735984802,
            -0.573930561542511,
            -0.5311062335968018,
            58.499610900878906
        ],
        [
            0.0,
            0.0,
            0.0,
            1.0
        ]
    ],
    "rotation_matrix": [
        [
            -0.6171188950538635,
            0.7781747579574585,
            -0.11665123701095581
        ],
        [
            0.480243980884552,
            0.25504428148269653,
            -0.8392363786697388
        ],
        [
            -0.6233214735984802,
            -0.573930561542511,
            -0.5311062335968018
        ]
    ],
    "rotation_euler_deg": [
        [
            -2.317460060119629
        ],
        [
            0.6729832887649536
        ],
        [
            2.4802844524383545
        ]
    ],
    "translation_vector": [
        [
            43.21259689331055
        ],
        [
            -19.382699966430664
        ],
        [
            58.499610900878906
        ]
    ]
}