{
    "extrinsic_matrix": [
        [
            -0.17892417311668396,
            0.7745714783668518,
            0.6066502332687378,
            47.10542297363281
        ],
        [
            -0.4080727994441986,
            0.5026365518569946,
            -0.7621239423751831,
            -18.785964965820312
        ],
        [
            -0.8952442407608032,
            -0.38392072916030884,
            0.22614775598049164,
            56.1690788269043
        ],
        [
            0.0,
            0.0,
            0.0,
            1.0
        ]
    ],
    "rotation_matrix": [
        [
            -0.17892417311668396,
            0.7745714783668518,
            0.6066502332687378
        ],
        [
            -0.4080727994441986,
            0.5026365518569946,
            -0.7621239423751831
        ],
        [
            -0.8952442407608032,
            -0.38392072916030884,
            0.22614775598049164
        ]
    ],
    "rotation_euler_deg": [
        [
            -1.038468599319458
        ],
        [
            1.10897958278656
        ],
        [
            -1.9840134382247925
        ]
    ],
    "translation_vector": [
        [
            47.10542297363281
        ],
        [
            -18.785964965820312
        ],
        [
            56.1690788269043
        ]
    ]
}