{
    "extrinsic_matrix": [
        [
            0.6588873863220215,
            -0.5245407223701477,
            -0.5289961695671082,
            28.96541404724121
        ],
        [
            0.30604180693626404,
            -0.45934808254241943,
            0.8308938145637512,
            -11.380782127380371
        ],
        [
            -0.6783083081245422,
            -0.7154834270477295,
            -0.1395145058631897,
            26.097570419311523
        ],
        [
            0.0,
            0.0,
            0.0,
            1.0
        ]
    ],
    "rotation_matrix": [
        [
            0.6588873863220215,
            -0.5245407223701477,
            -0.5289961695671082
        ],
        [
            0.30604180693626404,
            -0.45934808254241943,
            0.8308938145637512
        ],
        [
            -0.6783083081245422,
            -0.7154834270477295,
            -0.1395145058631897
        ]
    ],
    "rotation_euler_deg": [
        [
            -1.7633731365203857
        ],
        [
            0.7511106133460999
        ],
        [
            0.43483227491378784
        ]
    ],
    "translation_vector": [
        [
            28.96541404724121
        ],
        [
            -11.380782127380371
        ],
        [
            26.097570419311523
        ]
    ]
}