{
    "extrinsic_matrix": [
        [
            0.05121578276157379,
            -0.3474663496017456,
            0.9362906217575073,
            46.863121032714844
        ],
        [
            -0.1440642774105072,
            0.9251452684402466,
            0.351209819316864,
            -20.076696395874023
        ],
        [
            -0.988241970539093,
            -0.15287354588508606,
            -0.0026762625202536583,
            59.88063049316406
        ],
        [
            0.0,
            0.0,
            0.0,
            1.0
        ]
    ],
    "rotation_matrix": [
        [
            0.05121578276157379,
            -0.3474663496017456,
            0.9362906217575073
        ],
        [
            -0.1440642774105072,
            0.9251452684402466,
            0.351209819316864
        ],
        [
            -0.988241970539093,
            -0.15287354588508606,
            -0.0026762625202536583
        ]
    ],
    "rotation_euler_deg": [
        [
            -1.5883009433746338
        ],
        [
            1.4172970056533813
        ],
        [
            -1.229224443435669
        ]
    ],
    "translation_vector": [
        [
            46.863121032714844
        ],
        [
            -20.076696395874023
        ],
        [
            59.88063049316406
        ]
    ]
}