{
    "extrinsic_matrix": [
        [
            -0.6815982460975647,
            -0.282943993806839,
            0.6748079061508179,
            44.53583526611328
        ],
        [
            -0.4093424379825592,
            -0.6169664859771729,
            -0.672153651714325,
            -16.240690231323242
        ],
        [
            0.6065161824226379,
            -0.7343662977218628,
            0.304702490568161,
            40.87672424316406
        ],
        [
            0.0,
            0.0,
            0.0,
            1.0
        ]
    ],
    "rotation_matrix": [
        [
            -0.6815982460975647,
            -0.282943993806839,
            0.6748079061508179
        ],
        [
            -0.4093424379825592,
            -0.6169664859771729,
            -0.672153651714325
        ],
        [
            0.6065161824226379,
            -0.7343662977218628,
            0.304702490568161
        ]
    ],
    "rotation_euler_deg": [
        [
            -1.1774953603744507
        ],
        [
            -0.6516717076301575
        ],
        [
            -2.600759506225586
        ]
    ],
    "translation_vector": [
        [
            44.53583526611328
        ],
        [
            -16.240690231323242
        ],
        [
            40.87672424316406
        ]
    ]
}