{
    "extrinsic_matrix": [
        [
            -0.8278779983520508,
            -0.36483126878738403,
            0.1853441596031189,
            46.36378479003906
        ],
        [
            -0.16018664836883545,
            -0.013204336166381836,
            -0.9486135840415955,
            -18.88759994506836
        ],
        [
            0.3848259449005127,
            -0.8540828227996826,
            -0.12885838747024536,
            58.00253677368164
        ],
        [
            0.0,
            0.0,
            0.0,
            1.0
        ]
    ],
    "rotation_matrix": [
        [
            -0.8278779983520508,
            -0.36483126878738403,
            0.1853441596031189
        ],
        [
            -0.16018664836883545,
            -0.013204336166381836,
            -0.9486135840415955
        ],
        [
            0.3848259449005127,
            -0.8540828227996826,
            -0.12885838747024536
        ]
    ],
    "rotation_euler_deg": [
        [
            -1.7205404043197632
        ],
        [
            -0.4281383156776428
        ],
        [
            -2.9504637718200684
        ]
    ],
    "translation_vector": [
        [
            46.36378479003906
        ],
        [
            -18.88759994506836
        ],
        [
            58.00253677368164
        ]
    ]
}