{
    "extrinsic_matrix": [
        [
            0.9706645011901855,
            -0.18688353896141052,
            -0.15127508342266083,
            49.219398498535156
        ],
        [
            0.1436874121427536,
            0.9553377628326416,
            -0.25823190808296204,
            -19.20560073852539
        ],
        [
            0.19277767837047577,
            0.22891992330551147,
            0.9541661143302917,
            55.012847900390625
        ],
        [
            0.0,
            0.0,
            0.0,
            1.0
        ]
    ],
    "rotation_matrix": [
        [
            0.9706645011901855,
            -0.18688353896141052,
            -0.15127508342266083
        ],
        [
            0.1436874121427536,
            0.9553377628326416,
            -0.25823190808296204
        ],
        [
            0.19277767837047577,
            0.22891992330551147,
            0.9541661143302917
        ]
    ],
    "rotation_euler_deg": [
        [
            0.23546576499938965
        ],
        [
            -0.1939922422170639
        ],
        [
            0.14696268737316132
        ]
    ],
    "translation_vector": [
        [
            49.219398498535156
        ],
        [
            -19.20560073852539
        ],
        [
            55.012847900390625
        ]
    ]
}