{
    "extrinsic_matrix": [
        [
            0.7700905799865723,
            -0.46960338950157166,
            -0.42251017689704895,
            29.18085479736328
        ],
        [
            0.20177103579044342,
            -0.4531880021095276,
            0.8662023544311523,
            -11.726716995239258
        ],
        [
            -0.5978680849075317,
            -0.7567576766014099,
            -0.2523433268070221,
            26.533233642578125
        ],
        [
            0.0,
            0.0,
            0.0,
            1.0
        ]
    ],
    "rotation_matrix": [
        [
            0.7700905799865723,
            -0.46960338950157166,
            -0.42251017689704895
        ],
        [
            0.20177103579044342,
            -0.4531880021095276,
            0.8662023544311523
        ],
        [
            -0.5978680849075317,
            -0.7567576766014099,
            -0.2523433268070221
        ]
    ],
    "rotation_euler_deg": [
        [
            -1.8926547765731812
        ],
        [
            0.644147515296936
        ],
        [
            0.2562493681907654
        ]
    ],
    "translation_vector": [
        [
            29.18085479736328
        ],
        [
            -11.726716995239258
        ],
        [
            26.533233642578125
        ]
    ]
}