{
    "extrinsic_matrix": [
        [
            0.7320777773857117,
            0.12235372513532639,
            -0.6701423525810242,
            47.48902130126953
        ],
        [
            -0.3019762933254242,
            0.9400898814201355,
            -0.15824384987354279,
            -17.571226119995117
        ],
        [
            0.6106327772140503,
            0.3182138502597809,
            0.7251671552658081,
            41.172637939453125
        ],
        [
            0.0,
            0.0,
            0.0,
            1.0
        ]
    ],
    "rotation_matrix": [
        [
            0.7320777773857117,
            0.12235372513532639,
            -0.6701423525810242
        ],
        [
            -0.3019762933254242,
            0.9400898814201355,
            -0.15824384987354279
        ],
        [
            0.6106327772140503,
            0.3182138502597809,
            0.7251671552658081
        ]
    ],
    "rotation_euler_deg": [
        [
            0.4135132133960724
        ],
        [
            -0.6568593978881836
        ],
        [
            -0.3912288248538971
        ]
    ],
    "translation_vector": [
        [
            47.48902130126953
        ],
        [
            -17.571226119995117
        ],
        [
            41.172637939453125
        ]
    ]
}