{
    "extrinsic_matrix": [
        [
            -0.6134583353996277,
            0.7738638520240784,
            -0.1574893742799759,
            43.74472427368164
        ],
        [
            0.5358089208602905,
            0.2613535225391388,
            -0.8028714656829834,
            -20.194917678833008
        ],
        [
            -0.5801529288291931,
            -0.5769133567810059,
            -0.5749724507331848,
            57.616783142089844
        ],
        [
            0.0,
            0.0,
            0.0,
            1.0
        ]
    ],
    "rotation_matrix": [
        [
            -0.6134583353996277,
            0.7738638520240784,
            -0.1574893742799759
        ],
        [
            0.5358089208602905,
            0.2613535225391388,
            -0.8028714656829834
        ],
        [
            -0.5801529288291931,
            -0.5769133567810059,
            -0.5749724507331848
        ]
    ],
    "rotation_euler_deg": [
        [
            -2.3545095920562744
        ],
        [
            0.6189165115356445
        ],
        [
            2.4236562252044678
        ]
    ],
    "translation_vector": [
        [
            43.74472427368164
        ],
        [
            -20.194917678833008
        ],
        [
            57.616783142089844
        ]
    ]
}