{
    "extrinsic_matrix": [
        [
            0.06497475504875183,
            -0.9974542260169983,
            0.02938123419880867,
            22.840614318847656
        ],
        [
            -0.1796649694442749,
            -0.04065563157200813,
            -0.9828872084617615,
            -1.6974022388458252
        ],
        [
            0.9815800189971924,
            0.058584343641996384,
            -0.18184927105903625,
            8.211699485778809
        ],
        [
            0.0,
            0.0,
            0.0,
            1.0
        ]
    ],
    "rotation_matrix": [
        [
            0.06497475504875183,
            -0.9974542260169983,
            0.02938123419880867
        ],
        [
            -0.1796649694442749,
            -0.04065563157200813,
            -0.9828872084617615
        ],
        [
            0.9815800189971924,
            0.058584343641996384,
            -0.18184927105903625
        ]
    ],
    "rotation_euler_deg": [
        [
            2.829932689666748
        ],
        [
            -1.3785616159439087
        ],
        [
            -1.2237861156463623
        ]
    ],
    "translation_vector": [
        [
            22.840614318847656
        ],
        [
            -1.6974022388458252
        ],
        [
            8.211699485778809
        ]
    ]
}