{
    "extrinsic_matrix": [
        [
            0.04907885193824768,
            -0.9957445859909058,
            0.025312576442956924,
            22.84246253967285
        ],
        [
            -0.18082118034362793,
            -0.03330483287572861,
            -0.9823856949806213,
            -1.716028094291687
        ],
        [
            0.9796640872955322,
            0.043891072273254395,
            -0.18398378789424896,
            8.499433517456055
        ],
        [
            0.0,
            0.0,
            0.0,
            1.0
        ]
    ],
    "rotation_matrix": [
        [
            0.04907885193824768,
            -0.9957445859909058,
            0.025312576442956924
        ],
        [
            -0.18082118034362793,
            -0.03330483287572861,
            -0.9823856949806213
        ],
        [
            0.9796640872955322,
            0.043891072273254395,
            -0.18398378789424896
        ]
    ],
    "rotation_euler_deg": [
        [
            2.907410144805908
        ],
        [
            -1.3818256855010986
        ],
        [
            -1.3057595491409302
        ]
    ],
    "translation_vector": [
        [
            22.84246253967285
        ],
        [
            -1.716028094291687
        ],
        [
            8.499433517456055
        ]
    ]
}