{
    "extrinsic_matrix": [
        [
            0.05706176534295082,
            -0.33094143867492676,
            0.9417315125465393,
            47.17293167114258
        ],
        [
            -0.12585701048374176,
            0.9333879351615906,
            0.3355083465576172,
            -19.918121337890625
        ],
        [
            -0.9903162121772766,
            -0.13748767971992493,
            0.011498020961880684,
            59.322147369384766
        ],
        [
            0.0,
            0.0,
            0.0,
            1.0
        ]
    ],
    "rotation_matrix": [
        [
            0.05706176534295082,
            -0.33094143867492676,
            0.9417315125465393
        ],
        [
            -0.12585701048374176,
            0.9333879351615906,
            0.3355083465576172
        ],
        [
            -0.9903162121772766,
            -0.13748767971992493,
            0.011498020961880684
        ]
    ],
    "rotation_euler_deg": [
        [
            -1.487360954284668
        ],
        [
            1.4321519136428833
        ],
        [
            -1.1451303958892822
        ]
    ],
    "translation_vector": [
        [
            47.17293167114258
        ],
        [
            -19.918121337890625
        ],
        [
            59.322147369384766
        ]
    ]
}