{
    "extrinsic_matrix": [
        [
            -0.8505323529243469,
            -0.4740801155567169,
            0.22768864035606384,
            46.80818176269531
        ],
        [
            -0.2377249300479889,
            -0.039621755480766296,
            -0.97052401304245,
            -18.777942657470703
        ],
        [
            0.4691283702850342,
            -0.879589319229126,
            -0.0790008157491684,
            58.03379440307617
        ],
        [
            0.0,
            0.0,
            0.0,
            1.0
        ]
    ],
    "rotation_matrix": [
        [
            -0.8505323529243469,
            -0.4740801155567169,
            0.22768864035606384
        ],
        [
            -0.2377249300479889,
            -0.039621755480766296,
            -0.97052401304245
        ],
        [
            0.4691283702850342,
            -0.879589319229126,
            -0.0790008157491684
        ]
    ],
    "rotation_euler_deg": [
        [
            -1.6603715419769287
        ],
        [
            -0.4883035719394684
        ],
        [
            -2.869046449661255
        ]
    ],
    "translation_vector": [
        [
            46.80818176269531
        ],
        [
            -18.777942657470703
        ],
        [
            58.03379440307617
        ]
    ]
}