{
    "extrinsic_matrix": [
        [
            -0.6013345718383789,
            0.7276570200920105,
            -0.23810085654258728,
            41.919822692871094
        ],
        [
            0.6151959300041199,
            0.25096967816352844,
            -0.7295093536376953,
            -19.98417854309082
        ],
        [
            -0.458198219537735,
            -0.5990176796913147,
            -0.6274340152740479,
            57.68997573852539
        ],
        [
            0.0,
            0.0,
            0.0,
            1.0
        ]
    ],
    "rotation_matrix": [
        [
            -0.6013345718383789,
            0.7276570200920105,
            -0.23810085654258728
        ],
        [
            0.6151959300041199,
            0.25096967816352844,
            -0.7295093536376953
        ],
        [
            -0.458198219537735,
            -0.5990176796913147,
            -0.6274340152740479
        ]
    ],
    "rotation_euler_deg": [
        [
            -2.3793599605560303
        ],
        [
            0.48940154910087585
        ],
        [
            2.3448007106781006
        ]
    ],
    "translation_vector": [
        [
            41.919822692871094
        ],
        [
            -19.98417854309082
        ],
        [
            57.68997573852539
        ]
    ]
}