{
    "extrinsic_matrix": [
        [
            -0.032611697912216187,
            -0.7718048095703125,
            -0.19764471054077148,
            30.29095458984375
        ],
        [
            0.1014750748872757,
            0.19525820016860962,
            -0.783157229423523,
            -9.597352027893066
        ],
        [
            0.9574413299560547,
            -0.0932842269539833,
            0.22047393023967743,
            23.298879623413086
        ],
        [
            0.0,
            0.0,
            0.0,
            1.0
        ]
    ],
    "rotation_matrix": [
        [
            -0.032611697912216187,
            -0.7718048095703125,
            -0.19764471054077148
        ],
        [
            0.1014750748872757,
            0.19525820016860962,
            -0.783157229423523
        ],
        [
            0.9574413299560547,
            -0.0932842269539833,
            0.22047393023967743
        ]
    ],
    "rotation_euler_deg": [
        [
            -0.4002667963504791
        ],
        [
            -1.4599283933639526
        ],
        [
            1.8817473649978638
        ]
    ],
    "translation_vector": [
        [
            30.29095458984375
        ],
        [
            -9.597352027893066
        ],
        [
            23.298879623413086
        ]
    ]
}