{
    "extrinsic_matrix": [
        [
            0.6412361264228821,
            -0.5332609415054321,
            -0.5458986759185791,
            28.931217193603516
        ],
        [
            0.32259273529052734,
            -0.46032586693763733,
            0.825289249420166,
            -11.325871467590332
        ],
        [
            -0.6910765767097473,
            -0.7089319229125977,
            -0.12160517275333405,
            26.028419494628906
        ],
        [
            0.0,
            0.0,
            0.0,
            1.0
        ]
    ],
    "rotation_matrix": [
        [
            0.6412361264228821,
            -0.5332609415054321,
            -0.5458986759185791
        ],
        [
            0.32259273529052734,
            -0.46032586693763733,
            0.825289249420166
        ],
        [
            -0.6910765767097473,
            -0.7089319229125977,
            -0.12160517275333405
        ]
    ],
    "rotation_euler_deg": [
        [
            -1.740675926208496
        ],
        [
            0.7664262056350708
        ],
        [
            0.46610814332962036
        ]
    ],
    "translation_vector": [
        [
            28.931217193603516
        ],
        [
            -11.325871467590332
        ],
        [
            26.028419494628906
        ]
    ]
}