{
    "extrinsic_matrix": [
        [
            -0.9028536677360535,
            0.06555619835853577,
            -0.03353852033615112,
            45.88768005371094
        ],
        [
            -0.09760332107543945,
            -0.913716733455658,
            0.3907342553138733,
            -19.681900024414062
        ],
        [
            -0.0020577311515808105,
            0.372151255607605,
            0.8260857462882996,
            65.53422546386719
        ],
        [
            0.0,
            0.0,
            0.0,
            1.0
        ]
    ],
    "rotation_matrix": [
        [
            -0.9028536677360535,
            0.06555619835853577,
            -0.03353852033615112
        ],
        [
            -0.09760332107543945,
            -0.913716733455658,
            0.3907342553138733
        ],
        [
            -0.0020577311515808105,
            0.372151255607605,
            0.8260857462882996
        ]
    ],
    "rotation_euler_deg": [
        [
            0.42326927185058594
        ],
        [
            0.0022659352980554104
        ],
        [
            -3.033905506134033
        ]
    ],
    "translation_vector": [
        [
            45.88768005371094
        ],
        [
            -19.681900024414062
        ],
        [
            65.53422546386719
        ]
    ]
}