{
    "extrinsic_matrix": [
        [
            -0.9753704071044922,
            -0.028842449188232422,
            -0.21867750585079193,
            47.11545181274414
        ],
        [
            -0.17810913920402527,
            -0.481824666261673,
            0.8579757213592529,
            -18.780824661254883
        ],
        [
            -0.13010987639427185,
            0.8757931590080261,
            0.4648204445838928,
            54.16250228881836
        ],
        [
            0.0,
            0.0,
            0.0,
            1.0
        ]
    ],
    "rotation_matrix": [
        [
            -0.9753704071044922,
            -0.028842449188232422,
            -0.21867750585079193
        ],
        [
            -0.17810913920402527,
            -0.481824666261673,
            0.8579757213592529
        ],
        [
            -0.13010987639427185,
            0.8757931590080261,
            0.4648204445838928
        ]
    ],
    "rotation_euler_deg": [
        [
            1.0828584432601929
        ],
        [
            0.1304798722267151
        ],
        [
            -2.9609761238098145
        ]
    ],
    "translation_vector": [
        [
            47.11545181274414
        ],
        [
            -18.780824661254883
        ],
        [
            54.16250228881836
        ]
    ]
}