{
    "extrinsic_matrix": [
        [
            -0.2449958771467209,
            -0.964116632938385,
            -0.04995749518275261,
            22.87665557861328
        ],
        [
            -0.20221102237701416,
            0.10268509387969971,
            -0.9731081128120422,
            -2.0606067180633545
        ],
        [
            0.9442197680473328,
            -0.22793450951576233,
            -0.223472461104393,
            13.822530746459961
        ],
        [
            0.0,
            0.0,
            0.0,
            1.0
        ]
    ],
    "rotation_matrix": [
        [
            -0.2449958771467209,
            -0.964116632938385,
            -0.04995749518275261
        ],
        [
            -0.20221102237701416,
            0.10268509387969971,
            -0.9731081128120422
        ],
        [
            0.9442197680473328,
            -0.22793450951576233,
            -0.223472461104393
        ]
    ],
    "rotation_euler_deg": [
        [
            -2.3463101387023926
        ],
        [
            -1.2462584972381592
        ],
        [
            -2.451575517654419
        ]
    ],
    "translation_vector": [
        [
            22.87665557861328
        ],
        [
            -2.0606067180633545
        ],
        [
            13.822530746459961
        ]
    ]
}