{
    "extrinsic_matrix": [
        [
            0.4362432062625885,
            0.8833021521568298,
            -0.17166389524936676,
            43.05364227294922
        ],
        [
            0.8224326372146606,
            -0.31399407982826233,
            0.4743541181087494,
            -11.980796813964844
        ],
        [
            0.3650963306427002,
            -0.34811604022979736,
            -0.8634347915649414,
            29.834815979003906
        ],
        [
            0.0,
            0.0,
            0.0,
            1.0
        ]
    ],
    "rotation_matrix": [
        [
            0.4362432062625885,
            0.8833021521568298,
            -0.17166389524936676
        ],
        [
            0.8224326372146606,
            -0.31399407982826233,
            0.4743541181087494
        ],
        [
            0.3650963306427002,
            -0.34811604022979736,
            -0.8634347915649414
        ]
    ],
    "rotation_euler_deg": [
        [
            -2.7583515644073486
        ],
        [
            -0.37373650074005127
        ],
        [
            1.0831018686294556
        ]
    ],
    "translation_vector": [
        [
            43.05364227294922
        ],
        [
            -11.980796813964844
        ],
        [
            29.834815979003906
        ]
    ]
}