{
    "extrinsic_matrix": [
        [
            0.9719282984733582,
            0.043389447033405304,
            -0.23124165832996368,
            13.26123332977295
        ],
        [
            -0.031933531165122986,
            0.9980806112289429,
            0.053057726472616196,
            -0.578201949596405
        ],
        [
            0.23309995234012604,
            -0.044183917343616486,
            0.971448540687561,
            1.2622181177139282
        ],
        [
            0.0,
            0.0,
            0.0,
            1.0
        ]
    ],
    "rotation_matrix": [
        [
            0.9719282984733582,
            0.043389447033405304,
            -0.23124165832996368
        ],
        [
            -0.031933531165122986,
            0.9980806112289429,
            0.053057726472616196
        ],
        [
            0.23309995234012604,
            -0.044183917343616486,
            0.971448540687561
        ]
    ],
    "rotation_euler_deg": [
        [
            -0.04545118659734726
        ],
        [
            -0.23526424169540405
        ],
        [
            -0.03284403681755066
        ]
    ],
    "translation_vector": [
        [
            13.26123332977295
        ],
        [
            -0.578201949596405
        ],
        [
            1.2622181177139282
        ]
    ]
}