{
    "extrinsic_matrix": [
        [
            0.8460251688957214,
            0.2710254490375519,
            0.459114670753479,
            28.773595809936523
        ],
        [
            0.42981815338134766,
            -0.8562251329421997,
            -0.2865910530090332,
            -11.025485038757324
        ],
        [
            0.31543174386024475,
            0.4397992491722107,
            -0.8408799171447754,
            22.811269760131836
        ],
        [
            0.0,
            0.0,
            0.0,
            1.0
        ]
    ],
    "rotation_matrix": [
        [
            0.8460251688957214,
            0.2710254490375519,
            0.459114670753479
        ],
        [
            0.42981815338134766,
            -0.8562251329421997,
            -0.2865910530090332
        ],
        [
            0.31543174386024475,
            0.4397992491722107,
            -0.8408799171447754
        ]
    ],
    "rotation_euler_deg": [
        [
            2.6596970558166504
        ],
        [
            -0.320911705493927
        ],
        [
            0.4700622260570526
        ]
    ],
    "translation_vector": [
        [
            28.773595809936523
        ],
        [
            -11.025485038757324
        ],
        [
            22.811269760131836
        ]
    ]
}