{
    "extrinsic_matrix": [
        [
            -0.014504879713058472,
            -0.9889061450958252,
            0.009037967771291733,
            22.849855422973633
        ],
        [
            -0.18544600903987885,
            -0.0039016008377075195,
            -0.9803797602653503,
            -1.7905316352844238
        ],
        [
            0.9720004796981812,
            -0.014882028102874756,
            -0.19252188503742218,
            9.650373458862305
        ],
        [
            0.0,
            0.0,
            0.0,
            1.0
        ]
    ],
    "rotation_matrix": [
        [
            -0.014504879713058472,
            -0.9889061450958252,
            0.009037967771291733
        ],
        [
            -0.18544600903987885,
            -0.0039016008377075195,
            -0.9803797602653503
        ],
        [
            0.9720004796981812,
            -0.014882028102874756,
            -0.19252188503742218
        ]
    ],
    "rotation_euler_deg": [
        [
            -3.064445734024048
        ],
        [
            -1.381711721420288
        ],
        [
            -1.6488535404205322
        ]
    ],
    "translation_vector": [
        [
            22.849855422973633
        ],
        [
            -1.7905316352844238
        ],
        [
            9.650373458862305
        ]
    ]
}