{
    "extrinsic_matrix": [
        [
            -0.6612256169319153,
            0.1098141297698021,
            -0.7421053647994995,
            47.522605895996094
        ],
        [
            0.5163699388504028,
            -0.6509681940078735,
            -0.5564194917678833,
            -18.933828353881836
        ],
        [
            -0.5441900491714478,
            -0.75111985206604,
            0.3737327456474304,
            46.727928161621094
        ],
        [
            0.0,
            0.0,
            0.0,
            1.0
        ]
    ],
    "rotation_matrix": [
        [
            -0.6612256169319153,
            0.1098141297698021,
            -0.7421053647994995
        ],
        [
            0.5163699388504028,
            -0.6509681940078735,
            -0.5564194917678833
        ],
        [
            -0.5441900491714478,
            -0.75111985206604,
            0.3737327456474304
        ]
    ],
    "rotation_euler_deg": [
        [
            -1.109096646308899
        ],
        [
            0.5754233598709106
        ],
        [
            2.4785892963409424
        ]
    ],
    "translation_vector": [
        [
            47.522605895996094
        ],
        [
            -18.933828353881836
        ],
        [
            46.727928161621094
        ]
    ]
}