{
    "extrinsic_matrix": [
        [
            0.16722121834754944,
            -0.5269031524658203,
            -0.5420339703559875,
            30.286624908447266
        ],
        [
            0.046269774436950684,
            0.5735419988632202,
            -0.5448327660560608,
            -9.794903755187988
        ],
        [
            0.9437987804412842,
            0.013570703566074371,
            0.2836630344390869,
            23.353395462036133
        ],
        [
            0.0,
            0.0,
            0.0,
            1.0
        ]
    ],
    "rotation_matrix": [
        [
            0.16722121834754944,
            -0.5269031524658203,
            -0.5420339703559875
        ],
        [
            0.046269774436950684,
            0.5735419988632202,
            -0.5448327660560608
        ],
        [
            0.9437987804412842,
            0.013570703566074371,
            0.2836630344390869
        ]
    ],
    "rotation_euler_deg": [
        [
            0.04780448228120804
        ],
        [
            -1.3889899253845215
        ],
        [
            0.26994413137435913
        ]
    ],
    "translation_vector": [
        [
            30.286624908447266
        ],
        [
            -9.794903755187988
        ],
        [
            23.353395462036133
        ]
    ]
}