{
    "extrinsic_matrix": [
        [
            -0.6441662907600403,
            -0.1156017929315567,
            0.7560983300209045,
            45.61857223510742
        ],
        [
            0.5365804433822632,
            0.636168897151947,
            0.5544100999832153,
            -18.3890380859375
        ],
        [
            -0.5450974702835083,
            0.7628401517868042,
            -0.34776943922042847,
            44.66608810424805
        ],
        [
            0.0,
            0.0,
            0.0,
            1.0
        ]
    ],
    "rotation_matrix": [
        [
            -0.6441662907600403,
            -0.1156017929315567,
            0.7560983300209045
        ],
        [
            0.5365804433822632,
            0.636168897151947,
            0.5544100999832153
        ],
        [
            -0.5450974702835083,
            0.7628401517868042,
            -0.34776943922042847
        ]
    ],
    "rotation_euler_deg": [
        [
            1.9985356330871582
        ],
        [
            0.5765053629875183
        ],
        [
            2.4470603466033936
        ]
    ],
    "translation_vector": [
        [
            45.61857223510742
        ],
        [
            -18.3890380859375
        ],
        [
            44.66608810424805
        ]
    ]
}