{
    "extrinsic_matrix": [
        [
            -0.7032791376113892,
            0.23603731393814087,
            -0.04755060374736786,
            43.91960525512695
        ],
        [
            0.26627376675605774,
            0.13209137320518494,
            -0.8281062841415405,
            -19.490718841552734
        ],
        [
            -0.07883736491203308,
            -0.7137969732284546,
            -0.4030749797821045,
            57.83062744140625
        ],
        [
            0.0,
            0.0,
            0.0,
            1.0
        ]
    ],
    "rotation_matrix": [
        [
            -0.7032791376113892,
            0.23603731393814087,
            -0.04755060374736786
        ],
        [
            0.26627376675605774,
            0.13209137320518494,
            -0.8281062841415405
        ],
        [
            -0.07883736491203308,
            -0.7137969732284546,
            -0.4030749797821045
        ]
    ],
    "rotation_euler_deg": [
        [
            -2.0848488807678223
        ],
        [
            0.10445542633533478
        ],
        [
            2.7796542644500732
        ]
    ],
    "translation_vector": [
        [
            43.91960525512695
        ],
        [
            -19.490718841552734
        ],
        [
            57.83062744140625
        ]
    ]
}