{
    "extrinsic_matrix": [
        [
            0.7012505531311035,
            -0.503612220287323,
            -0.48843008279800415,
            29.047487258911133
        ],
        [
            0.26631960272789,
            -0.45700138807296753,
            0.8443446755409241,
            -11.512566566467285
        ],
        [
            -0.6476644277572632,
            -0.7312069535255432,
            -0.18249692022800446,
            26.263538360595703
        ],
        [
            0.0,
            0.0,
            0.0,
            1.0
        ]
    ],
    "rotation_matrix": [
        [
            0.7012505531311035,
            -0.503612220287323,
            -0.48843008279800415
        ],
        [
            0.26631960272789,
            -0.45700138807296753,
            0.8443446755409241
        ],
        [
            -0.6476644277572632,
            -0.7312069535255432,
            -0.18249692022800446
        ]
    ],
    "rotation_euler_deg": [
        [
            -1.8153825998306274
        ],
        [
            0.7122311592102051
        ],
        [
            0.3629530966281891
        ]
    ],
    "translation_vector": [
        [
            29.047487258911133
        ],
        [
            -11.512566566467285
        ],
        [
            26.263538360595703
        ]
    ]
}