{
    "extrinsic_matrix": [
        [
            0.05124964937567711,
            -0.34526917338371277,
            0.9371022582054138,
            46.68171691894531
        ],
        [
            -0.14247190952301025,
            0.9262034893035889,
            0.34904417395591736,
            -20.044498443603516
        ],
        [
            -0.9884635210037231,
            -0.15139774978160858,
            -0.001728784991428256,
            60.18993377685547
        ],
        [
            0.0,
            0.0,
            0.0,
            1.0
        ]
    ],
    "rotation_matrix": [
        [
            0.05124964937567711,
            -0.34526917338371277,
            0.9371022582054138
        ],
        [
            -0.14247190952301025,
            0.9262034893035889,
            0.34904417395591736
        ],
        [
            -0.9884635210037231,
            -0.15139774978160858,
            -0.001728784991428256
        ]
    ],
    "rotation_euler_deg": [
        [
            -1.5822147130966187
        ],
        [
            1.4188013076782227
        ],
        [
            -1.2254908084869385
        ]
    ],
    "translation_vector": [
        [
            46.68171691894531
        ],
        [
            -20.044498443603516
        ],
        [
            60.18993377685547
        ]
    ]
}