{
    "extrinsic_matrix": [
        [
            0.06424089521169662,
            -0.31711098551750183,
            0.9460411071777344,
            47.4672966003418
        ],
        [
            -0.11714531481266022,
            0.9390733242034912,
            0.3226188123226166,
            -19.65457534790039
        ],
        [
            -0.9909558892250061,
            -0.131390780210495,
            0.02308068424463272,
            59.259761810302734
        ],
        [
            0.0,
            0.0,
            0.0,
            1.0
        ]
    ],
    "rotation_matrix": [
        [
            0.06424089521169662,
            -0.31711098551750183,
            0.9460411071777344
        ],
        [
            -0.11714531481266022,
            0.9390733242034912,
            0.3226188123226166
        ],
        [
            -0.9909558892250061,
            -0.131390780210495,
            0.02308068424463272
        ]
    ],
    "rotation_euler_deg": [
        [
            -1.3969060182571411
        ],
        [
            1.4367815256118774
        ],
        [
            -1.0691927671432495
        ]
    ],
    "translation_vector": [
        [
            47.4672966003418
        ],
        [
            -19.65457534790039
        ],
        [
            59.259761810302734
        ]
    ]
}