{
    "extrinsic_matrix": [
        [
            -0.6315403580665588,
            0.5819919109344482,
            -0.18164151906967163,
            42.512351989746094
        ],
        [
            0.5118115544319153,
            0.21574649214744568,
            -0.758723258972168,
            -19.837968826293945
        ],
        [
            -0.34579500555992126,
            -0.6330263614654541,
            -0.5609572529792786,
            57.731651306152344
        ],
        [
            0.0,
            0.0,
            0.0,
            1.0
        ]
    ],
    "rotation_matrix": [
        [
            -0.6315403580665588,
            0.5819919109344482,
            -0.18164151906967163
        ],
        [
            0.5118115544319153,
            0.21574649214744568,
            -0.758723258972168
        ],
        [
            -0.34579500555992126,
            -0.6330263614654541,
            -0.5609572529792786
        ]
    ],
    "rotation_euler_deg": [
        [
            -2.295907497406006
        ],
        [
            0.40219953656196594
        ],
        [
            2.46053147315979
        ]
    ],
    "translation_vector": [
        [
            42.512351989746094
        ],
        [
            -19.837968826293945
        ],
        [
            57.731651306152344
        ]
    ]
}