{
    "extrinsic_matrix": [
        [
            -0.6383055448532104,
            0.2641262412071228,
            0.723051130771637,
            46.245906829833984
        ],
        [
            -0.04617231711745262,
            -0.9507383108139038,
            0.3065372109413147,
            -19.90102767944336
        ],
        [
            0.7683972716331482,
            0.16227968037128448,
            0.6190561652183533,
            64.02188873291016
        ],
        [
            0.0,
            0.0,
            0.0,
            1.0
        ]
    ],
    "rotation_matrix": [
        [
            -0.6383055448532104,
            0.2641262412071228,
            0.723051130771637
        ],
        [
            -0.04617231711745262,
            -0.9507383108139038,
            0.3065372109413147
        ],
        [
            0.7683972716331482,
            0.16227968037128448,
            0.6190561652183533
        ]
    ],
    "rotation_euler_deg": [
        [
            0.25637194514274597
        ],
        [
            -0.8763328790664673
        ],
        [
            -3.069382667541504
        ]
    ],
    "translation_vector": [
        [
            46.245906829833984
        ],
        [
            -19.90102767944336
        ],
        [
            64.02188873291016
        ]
    ]
}