{
    "extrinsic_matrix": [
        [
            -0.6809296011924744,
            0.2758142948150635,
            0.6784253120422363,
            46.10792541503906
        ],
        [
            -0.0960710346698761,
            -0.9520057439804077,
            0.29061201214790344,
            -19.449159622192383
        ],
        [
            0.726020336151123,
            0.13270945847034454,
            0.6747461557388306,
            63.461036682128906
        ],
        [
            0.0,
            0.0,
            0.0,
            1.0
        ]
    ],
    "rotation_matrix": [
        [
            -0.6809296011924744,
            0.2758142948150635,
            0.6784253120422363
        ],
        [
            -0.0960710346698761,
            -0.9520057439804077,
            0.29061201214790344
        ],
        [
            0.726020336151123,
            0.13270945847034454,
            0.6747461557388306
        ]
    ],
    "rotation_euler_deg": [
        [
            0.1942017674446106
        ],
        [
            -0.8125168085098267
        ],
        [
            -3.001429796218872
        ]
    ],
    "translation_vector": [
        [
            46.10792541503906
        ],
        [
            -19.449159622192383
        ],
        [
            63.461036682128906
        ]
    ]
}