{
    "extrinsic_matrix": [
        [
            0.785976767539978,
            -0.4617552161216736,
            -0.40729790925979614,
            29.211631774902344
        ],
        [
            0.18687522411346436,
            -0.4523079991340637,
            0.8712464570999146,
            -11.77613639831543
        ],
        [
            -0.5863766074180603,
            -0.7626540064811707,
            -0.2684617340564728,
            26.595470428466797
        ],
        [
            0.0,
            0.0,
            0.0,
            1.0
        ]
    ],
    "rotation_matrix": [
        [
            0.785976767539978,
            -0.4617552161216736,
            -0.40729790925979614
        ],
        [
            0.18687522411346436,
            -0.4523079991340637,
            0.8712464570999146
        ],
        [
            -0.5863766074180603,
            -0.7626540064811707,
            -0.2684617340564728
        ]
    ],
    "rotation_euler_deg": [
        [
            -1.9092605113983154
        ],
        [
            0.627842128276825
        ],
        [
            0.23342756927013397
        ]
    ],
    "translation_vector": [
        [
            29.211631774902344
        ],
        [
            -11.77613639831543
        ],
        [
            26.595470428466797
        ]
    ]
}