{
    "extrinsic_matrix": [
        [
            0.22630882263183594,
            -0.08398368954658508,
            0.9704282283782959,
            24.270416259765625
        ],
        [
            0.47162410616874695,
            -0.862258791923523,
            -0.18460771441459656,
            -7.095798015594482
        ],
        [
            0.8522643446922302,
            0.4994560480117798,
            -0.15552835166454315,
            18.432567596435547
        ],
        [
            0.0,
            0.0,
            0.0,
            1.0
        ]
    ],
    "rotation_matrix": [
        [
            0.22630882263183594,
            -0.08398368954658508,
            0.9704282283782959
        ],
        [
            0.47162410616874695,
            -0.862258791923523,
            -0.18460771441459656
        ],
        [
            0.8522643446922302,
            0.4994560480117798,
            -0.15552835166454315
        ]
    ],
    "rotation_euler_deg": [
        [
            1.872674584388733
        ],
        [
            -1.0202991962432861
        ],
        [
            1.1233983039855957
        ]
    ],
    "translation_vector": [
        [
            24.270416259765625
        ],
        [
            -7.095798015594482
        ],
        [
            18.432567596435547
        ]
    ]
}