{
    "extrinsic_matrix": [
        [
            -0.9815516471862793,
            0.10233660787343979,
            -0.1615041345357895,
            23.540653228759766
        ],
        [
            -0.17934057116508484,
            -0.19995783269405365,
            0.9632514715194702,
            -3.3200840950012207
        ],
        [
            0.06628215312957764,
            0.9744455814361572,
            0.21462221443653107,
            15.89344596862793
        ],
        [
            0.0,
            0.0,
            0.0,
            1.0
        ]
    ],
    "rotation_matrix": [
        [
            -0.9815516471862793,
            0.10233660787343979,
            -0.1615041345357895
        ],
        [
            -0.17934057116508484,
            -0.19995783269405365,
            0.9632514715194702
        ],
        [
            0.06628215312957764,
            0.9744455814361572,
            0.21462221443653107
        ]
    ],
    "rotation_euler_deg": [
        [
            1.3540070056915283
        ],
        [
            -0.06633078306913376
        ],
        [
            -2.9608747959136963
        ]
    ],
    "translation_vector": [
        [
            23.540653228759766
        ],
        [
            -3.3200840950012207
        ],
        [
            15.89344596862793
        ]
    ]
}