{
    "extrinsic_matrix": [
        [
            0.6853643655776978,
            -0.5114604234695435,
            -0.5036423802375793,
            29.01671028137207
        ],
        [
            0.2812154293060303,
            -0.4578813910484314,
            0.8393006324768066,
            -11.46314811706543
        ],
        [
            -0.6591558456420898,
            -0.7253106236457825,
            -0.16637851297855377,
            26.2012996673584
        ],
        [
            0.0,
            0.0,
            0.0,
            1.0
        ]
    ],
    "rotation_matrix": [
        [
            0.6853643655776978,
            -0.5114604234695435,
            -0.5036423802375793
        ],
        [
            0.2812154293060303,
            -0.4578813910484314,
            0.8393006324768066
        ],
        [
            -0.6591558456420898,
            -0.7253106236457825,
            -0.16637851297855377
        ]
    ],
    "rotation_euler_deg": [
        [
            -1.7962846755981445
        ],
        [
            0.727135181427002
        ],
        [
            0.3893670439720154
        ]
    ],
    "translation_vector": [
        [
            29.01671028137207
        ],
        [
            -11.46314811706543
        ],
        [
            26.2012996673584
        ]
    ]
}