{
    "extrinsic_matrix": [
        [
            0.6924248933792114,
            -0.5079723596572876,
            -0.496881365776062,
            29.03038787841797
        ],
        [
            0.27459508180618286,
            -0.4574902653694153,
            0.8415424227714539,
            -11.485112190246582
        ],
        [
            -0.6540485620498657,
            -0.7279312014579773,
            -0.17354224622249603,
            26.228961944580078
        ],
        [
            0.0,
            0.0,
            0.0,
            1.0
        ]
    ],
    "rotation_matrix": [
        [
            0.6924248933792114,
            -0.5079723596572876,
            -0.496881365776062
        ],
        [
            0.27459508180618286,
            -0.4574902653694153,
            0.8415424227714539
        ],
        [
            -0.6540485620498657,
            -0.7279312014579773,
            -0.17354224622249603
        ]
    ],
    "rotation_euler_deg": [
        [
            -1.8048323392868042
        ],
        [
            0.7205560803413391
        ],
        [
            0.37754616141319275
        ]
    ],
    "translation_vector": [
        [
            29.03038787841797
        ],
        [
            -11.485112190246582
        ],
        [
            26.228961944580078
        ]
    ]
}