{
    "extrinsic_matrix": [
        [
            -0.7146062850952148,
            0.18141287565231323,
            -0.026378348469734192,
            44.14180374145508
        ],
        [
            0.2275046408176422,
            0.1188826709985733,
            -0.8390614986419678,
            -19.435890197753906
        ],
        [
            -0.03668615221977234,
            -0.7265502214431763,
            -0.3781462013721466,
            57.846256256103516
        ],
        [
            0.0,
            0.0,
            0.0,
            1.0
        ]
    ],
    "rotation_matrix": [
        [
            -0.7146062850952148,
            0.18141287565231323,
            -0.026378348469734192
        ],
        [
            0.2275046408176422,
            0.1188826709985733,
            -0.8390614986419678
        ],
        [
            -0.03668615221977234,
            -0.7265502214431763,
            -0.3781462013721466
        ]
    ],
    "rotation_euler_deg": [
        [
            -2.0506839752197266
        ],
        [
            0.048879362642765045
        ],
        [
            2.8333747386932373
        ]
    ],
    "translation_vector": [
        [
            44.14180374145508
        ],
        [
            -19.435890197753906
        ],
        [
            57.846256256103516
        ]
    ]
}