{
    "extrinsic_matrix": [
        [
            -0.6800763010978699,
            0.2327730804681778,
            0.6035895943641663,
            46.18934631347656
        ],
        [
            -0.05429299920797348,
            -0.9448928236961365,
            0.3198314905166626,
            -19.86642837524414
        ],
        [
            0.6467465162277222,
            0.19541728496551514,
            0.6517450213432312,
            64.26068115234375
        ],
        [
            0.0,
            0.0,
            0.0,
            1.0
        ]
    ],
    "rotation_matrix": [
        [
            -0.6800763010978699,
            0.2327730804681778,
            0.6035895943641663
        ],
        [
            -0.05429299920797348,
            -0.9448928236961365,
            0.3198314905166626
        ],
        [
            0.6467465162277222,
            0.19541728496551514,
            0.6517450213432312
        ]
    ],
    "rotation_euler_deg": [
        [
            0.291307270526886
        ],
        [
            -0.7586972713470459
        ],
        [
            -3.0619280338287354
        ]
    ],
    "translation_vector": [
        [
            46.18934631347656
        ],
        [
            -19.86642837524414
        ],
        [
            64.26068115234375
        ]
    ]
}