{
    "extrinsic_matrix": [
        [
            -0.41831696033477783,
            0.0002671127440407872,
            0.9083009958267212,
            25.399866104125977
        ],
        [
            -0.4340793788433075,
            0.8783537149429321,
            -0.20017319917678833,
            -9.088683128356934
        ],
        [
            -0.7978629469871521,
            -0.478010892868042,
            -0.3673146069049835,
            19.681896209716797
        ],
        [
            0.0,
            0.0,
            0.0,
            1.0
        ]
    ],
    "rotation_matrix": [
        [
            -0.41831696033477783,
            0.0002671127440407872,
            0.9083009958267212
        ],
        [
            -0.4340793788433075,
            0.8783537149429321,
            -0.20017319917678833
        ],
        [
            -0.7978629469871521,
            -0.478010892868042,
            -0.3673146069049835
        ]
    ],
    "rotation_euler_deg": [
        [
            -2.2259843349456787
        ],
        [
            0.9237423539161682
        ],
        [
            -2.337704658508301
        ]
    ],
    "translation_vector": [
        [
            25.399866104125977
        ],
        [
            -9.088683128356934
        ],
        [
            19.681896209716797
        ]
    ]
}