{
    "extrinsic_matrix": [
        [
            -0.7421726584434509,
            -0.27103590965270996,
            -0.6129586100578308,
            47.41654968261719
        ],
        [
            0.46130645275115967,
            -0.8700441718101501,
            -0.1738375723361969,
            -18.926374435424805
        ],
        [
            -0.48618507385253906,
            -0.41177892684936523,
            0.770754337310791,
            49.21099853515625
        ],
        [
            0.0,
            0.0,
            0.0,
            1.0
        ]
    ],
    "rotation_matrix": [
        [
            -0.7421726584434509,
            -0.27103590965270996,
            -0.6129586100578308
        ],
        [
            0.46130645275115967,
            -0.8700441718101501,
            -0.1738375723361969
        ],
        [
            -0.48618507385253906,
            -0.41177892684936523,
            0.770754337310791
        ]
    ],
    "rotation_euler_deg": [
        [
            -0.4906741678714752
        ],
        [
            0.5077188611030579
        ],
        [
            2.5854692459106445
        ]
    ],
    "translation_vector": [
        [
            47.41654968261719
        ],
        [
            -18.926374435424805
        ],
        [
            49.21099853515625
        ]
    ]
}