{
    "extrinsic_matrix": [
        [
            0.7400833964347839,
            -0.4844277501106262,
            -0.4512445032596588,
            29.12272071838379
        ],
        [
            0.22990760207176208,
            -0.4548502266407013,
            0.8566746711730957,
            -11.633369445800781
        ],
        [
            -0.6195741891860962,
            -0.7456201910972595,
            -0.2218974530696869,
            26.415674209594727
        ],
        [
            0.0,
            0.0,
            0.0,
            1.0
        ]
    ],
    "rotation_matrix": [
        [
            0.7400833964347839,
            -0.4844277501106262,
            -0.4512445032596588
        ],
        [
            0.22990760207176208,
            -0.4548502266407013,
            0.8566746711730957
        ],
        [
            -0.6195741891860962,
            -0.7456201910972595,
            -0.2218974530696869
        ]
    ],
    "rotation_euler_deg": [
        [
            -1.860050916671753
        ],
        [
            0.6744237542152405
        ],
        [
            0.30119943618774414
        ]
    ],
    "translation_vector": [
        [
            29.12272071838379
        ],
        [
            -11.633369445800781
        ],
        [
            26.415674209594727
        ]
    ]
}