{
    "extrinsic_matrix": [
        [
            -0.3721901774406433,
            0.029738083481788635,
            -0.9276798367500305,
            26.330842971801758
        ],
        [
            -0.5024427175521851,
            -0.8468309640884399,
            0.1744365394115448,
            -9.22461223602295
        ],
        [
            -0.7804005742073059,
            0.5310298800468445,
            0.330124169588089,
            20.69886589050293
        ],
        [
            0.0,
            0.0,
            0.0,
            1.0
        ]
    ],
    "rotation_matrix": [
        [
            -0.3721901774406433,
            0.029738083481788635,
            -0.9276798367500305
        ],
        [
            -0.5024427175521851,
            -0.8468309640884399,
            0.1744365394115448
        ],
        [
            -0.7804005742073059,
            0.5310298800468445,
            0.330124169588089
        ]
    ],
    "rotation_euler_deg": [
        [
            1.0145968198776245
        ],
        [
            0.8953066468238831
        ],
        [
            -2.2083585262298584
        ]
    ],
    "translation_vector": [
        [
            26.330842971801758
        ],
        [
            -9.22461223602295
        ],
        [
            20.69886589050293
        ]
    ]
}