{
    "extrinsic_matrix": [
        [
            -0.7507604956626892,
            -0.27410367131233215,
            -0.6010196805000305,
            47.41191864013672
        ],
        [
            0.45966392755508423,
            -0.8702121376991272,
            -0.17731310427188873,
            -18.924060821533203
        ],
        [
            -0.4744126498699188,
            -0.40938645601272583,
            0.7793172597885132,
            49.21140670776367
        ],
        [
            0.0,
            0.0,
            0.0,
            1.0
        ]
    ],
    "rotation_matrix": [
        [
            -0.7507604956626892,
            -0.27410367131233215,
            -0.6010196805000305
        ],
        [
            0.45966392755508423,
            -0.8702121376991272,
            -0.17731310427188873
        ],
        [
            -0.4744126498699188,
            -0.40938645601272583,
            0.7793172597885132
        ]
    ],
    "rotation_euler_deg": [
        [
            -0.48369330167770386
        ],
        [
            0.4942967891693115
        ],
        [
            2.5922040939331055
        ]
    ],
    "translation_vector": [
        [
            47.41191864013672
        ],
        [
            -18.924060821533203
        ],
        [
            49.21140670776367
        ]
    ]
}