{
    "extrinsic_matrix": [
        [
            -0.1337243616580963,
            -0.9760839939117432,
            -0.021476928144693375,
            22.863718032836914
        ],
        [
            -0.19411757588386536,
            0.05122944712638855,
            -0.9766185879707336,
            -1.9302256107330322
        ],
        [
            0.9576311707496643,
            -0.1250815987586975,
            -0.20853079855442047,
            11.808385848999023
        ],
        [
            0.0,
            0.0,
            0.0,
            1.0
        ]
    ],
    "rotation_matrix": [
        [
            -0.1337243616580963,
            -0.9760839939117432,
            -0.021476928144693375
        ],
        [
            -0.19411757588386536,
            0.05122944712638855,
            -0.9766185879707336
        ],
        [
            0.9576311707496643,
            -0.1250815987586975,
            -0.20853079855442047
        ]
    ],
    "rotation_euler_deg": [
        [
            -2.6013031005859375
        ],
        [
            -1.329445481300354
        ],
        [
            -2.1740224361419678
        ]
    ],
    "translation_vector": [
        [
            22.863718032836914
        ],
        [
            -1.9302256107330322
        ],
        [
            11.808385848999023
        ]
    ]
}