{
    "extrinsic_matrix": [
        [
            -0.8703341484069824,
            -0.44410625100135803,
            -0.21280887722969055,
            46.48129653930664
        ],
        [
            0.4678443372249603,
            -0.6107221245765686,
            -0.638858437538147,
            -20.71634864807129
        ],
        [
            0.15375439822673798,
            -0.6555812954902649,
            0.7393054366111755,
            59.96881103515625
        ],
        [
            0.0,
            0.0,
            0.0,
            1.0
        ]
    ],
    "rotation_matrix": [
        [
            -0.8703341484069824,
            -0.44410625100135803,
            -0.21280887722969055
        ],
        [
            0.4678443372249603,
            -0.6107221245765686,
            -0.638858437538147
        ],
        [
            0.15375439822673798,
            -0.6555812954902649,
            0.7393054366111755
        ]
    ],
    "rotation_euler_deg": [
        [
            -0.7254478931427002
        ],
        [
            -0.15436671674251556
        ],
        [
            2.6483616828918457
        ]
    ],
    "translation_vector": [
        [
            46.48129653930664
        ],
        [
            -20.71634864807129
        ],
        [
            59.96881103515625
        ]
    ]
}