{
    "extrinsic_matrix": [
        [
            -0.5320879817008972,
            -0.45221224427223206,
            -0.7158106565475464,
            44.779117584228516
        ],
        [
            -0.39145103096961975,
            0.8810320496559143,
            -0.26560989022254944,
            -18.61948013305664
        ],
        [
            0.7507649064064026,
            0.13887685537338257,
            -0.645805835723877,
            43.93989944458008
        ],
        [
            0.0,
            0.0,
            0.0,
            1.0
        ]
    ],
    "rotation_matrix": [
        [
            -0.5320879817008972,
            -0.45221224427223206,
            -0.7158106565475464
        ],
        [
            -0.39145103096961975,
            0.8810320496559143,
            -0.26560989022254944
        ],
        [
            0.7507649064064026,
            0.13887685537338257,
            -0.645805835723877
        ]
    ],
    "rotation_euler_deg": [
        [
            2.929774045944214
        ],
        [
            -0.849219560623169
        ],
        [
            -2.5073139667510986
        ]
    ],
    "translation_vector": [
        [
            44.779117584228516
        ],
        [
            -18.61948013305664
        ],
        [
            43.93989944458008
        ]
    ]
}