{
    "extrinsic_matrix": [
        [
            -0.0860365629196167,
            -0.981212854385376,
            -0.009270969778299332,
            22.858173370361328
        ],
        [
            -0.19064894318580627,
            0.02917703241109848,
            -0.9781230688095093,
            -1.8743480443954468
        ],
        [
            0.96337890625,
            -0.08100175857543945,
            -0.20212723314762115,
            10.945180892944336
        ],
        [
            0.0,
            0.0,
            0.0,
            1.0
        ]
    ],
    "rotation_matrix": [
        [
            -0.0860365629196167,
            -0.981212854385376,
            -0.009270969778299332
        ],
        [
            -0.19064894318580627,
            0.02917703241109848,
            -0.9781230688095093
        ],
        [
            0.96337890625,
            -0.08100175857543945,
            -0.20212723314762115
        ]
    ],
    "rotation_euler_deg": [
        [
            -2.7604429721832275
        ],
        [
            -1.3570001125335693
        ],
        [
            -1.9947164058685303
        ]
    ],
    "translation_vector": [
        [
            22.858173370361328
        ],
        [
            -1.8743480443954468
        ],
        [
            10.945180892944336
        ]
    ]
}