{
    "extrinsic_matrix": [
        [
            -0.6458051800727844,
            0.26569023728370667,
            0.7157820463180542,
            45.54220962524414
        ],
        [
            -0.05700770020484924,
            -0.9516620635986328,
            0.3018106520175934,
            -19.886028289794922
        ],
        [
            0.7613710761070251,
            0.1541059911251068,
            0.6297340393066406,
            65.88980102539062
        ],
        [
            0.0,
            0.0,
            0.0,
            1.0
        ]
    ],
    "rotation_matrix": [
        [
            -0.6458051800727844,
            0.26569023728370667,
            0.7157820463180542
        ],
        [
            -0.05700770020484924,
            -0.9516620635986328,
            0.3018106520175934
        ],
        [
            0.7613710761070251,
            0.1541059911251068,
            0.6297340393066406
        ]
    ],
    "rotation_euler_deg": [
        [
            0.23999932408332825
        ],
        [
            -0.8654252290725708
        ],
        [
            -3.0535471439361572
        ]
    ],
    "translation_vector": [
        [
            45.54220962524414
        ],
        [
            -19.886028289794922
        ],
        [
            65.88980102539062
        ]
    ]
}