{
    "extrinsic_matrix": [
        [
            -0.5940563082695007,
            0.7979419231414795,
            0.08974682539701462,
            45.75031280517578
        ],
        [
            0.18379706144332886,
            0.24674488604068756,
            -0.9466722011566162,
            -19.413713455200195
        ],
        [
            -0.7768692374229431,
            -0.5495157241821289,
            -0.2928445637226105,
            58.03948974609375
        ],
        [
            0.0,
            0.0,
            0.0,
            1.0
        ]
    ],
    "rotation_matrix": [
        [
            -0.5940563082695007,
            0.7979419231414795,
            0.08974682539701462
        ],
        [
            0.18379706144332886,
            0.24674488604068756,
            -0.9466722011566162
        ],
        [
            -0.7768692374229431,
            -0.5495157241821289,
            -0.2928445637226105
        ]
    ],
    "rotation_euler_deg": [
        [
            -2.060426950454712
        ],
        [
            0.8957854509353638
        ],
        [
            2.841540575027466
        ]
    ],
    "translation_vector": [
        [
            45.75031280517578
        ],
        [
            -19.413713455200195
        ],
        [
            58.03948974609375
        ]
    ]
}