{
    "extrinsic_matrix": [
        [
            -0.7259334921836853,
            0.1267884373664856,
            -0.005206093192100525,
            44.3640022277832
        ],
        [
            0.18873551487922668,
            0.10567396879196167,
            -0.850016713142395,
            -19.381059646606445
        ],
        [
            0.005465060472488403,
            -0.739303469657898,
            -0.3532174229621887,
            57.86188507080078
        ],
        [
            0.0,
            0.0,
            0.0,
            1.0
        ]
    ],
    "rotation_matrix": [
        [
            -0.7259334921836853,
            0.1267884373664856,
            -0.005206093192100525
        ],
        [
            0.18873551487922668,
            0.10567396879196167,
            -0.850016713142395
        ],
        [
            0.005465060472488403,
            -0.739303469657898,
            -0.3532174229621887
        ]
    ],
    "rotation_euler_deg": [
        [
            -2.016502857208252
        ],
        [
            -0.007285967003554106
        ],
        [
            2.8872339725494385
        ]
    ],
    "translation_vector": [
        [
            44.3640022277832
        ],
        [
            -19.381059646606445
        ],
        [
            57.86188507080078
        ]
    ]
}