{
    "extrinsic_matrix": [
        [
            0.946366012096405,
            -0.029680568724870682,
            -0.3217294216156006,
            49.05190658569336
        ],
        [
            -0.2918623387813568,
            -0.5056665539741516,
            -0.8118607401847839,
            -18.570798873901367
        ],
        [
            -0.1385917216539383,
            0.8622185587882996,
            -0.4872080981731415,
            56.0753173828125
        ],
        [
            0.0,
            0.0,
            0.0,
            1.0
        ]
    ],
    "rotation_matrix": [
        [
            0.946366012096405,
            -0.029680568724870682,
            -0.3217294216156006
        ],
        [
            -0.2918623387813568,
            -0.5056665539741516,
            -0.8118607401847839
        ],
        [
            -0.1385917216539383,
            0.8622185587882996,
            -0.4872080981731415
        ]
    ],
    "rotation_euler_deg": [
        [
            2.0851309299468994
        ],
        [
            0.1390392780303955
        ],
        [
            -0.29914823174476624
        ]
    ],
    "translation_vector": [
        [
            49.05190658569336
        ],
        [
            -18.570798873901367
        ],
        [
            56.0753173828125
        ]
    ]
}