{
    "extrinsic_matrix": [
        [
            0.7547245621681213,
            0.10991412401199341,
            -0.646767795085907,
            47.15526580810547
        ],
        [
            -0.2976166009902954,
            0.9359442591667175,
            -0.1882350891828537,
            -17.55630111694336
        ],
        [
            0.5846493244171143,
            0.33455440402030945,
            0.7390928864479065,
            40.28252029418945
        ],
        [
            0.0,
            0.0,
            0.0,
            1.0
        ]
    ],
    "rotation_matrix": [
        [
            0.7547245621681213,
            0.10991412401199341,
            -0.646767795085907
        ],
        [
            -0.2976166009902954,
            0.9359442591667175,
            -0.1882350891828537
        ],
        [
            0.5846493244171143,
            0.33455440402030945,
            0.7390928864479065
        ]
    ],
    "rotation_euler_deg": [
        [
            0.425059974193573
        ],
        [
            -0.6244478821754456
        ],
        [
            -0.3756158649921417
        ]
    ],
    "translation_vector": [
        [
            47.15526580810547
        ],
        [
            -17.55630111694336
        ],
        [
            40.28252029418945
        ]
    ]
}