{
    "extrinsic_matrix": [
        [
            -0.9952594637870789,
            -0.04770240932703018,
            -0.08474995195865631,
            45.93708419799805
        ],
        [
            0.012046257965266705,
            -0.9251952171325684,
            0.3793007433414459,
            -19.459253311157227
        ],
        [
            -0.09650321304798126,
            0.3764820694923401,
            0.921383798122406,
            60.76631164550781
        ],
        [
            0.0,
            0.0,
            0.0,
            1.0
        ]
    ],
    "rotation_matrix": [
        [
            -0.9952594637870789,
            -0.04770240932703018,
            -0.08474995195865631
        ],
        [
            0.012046257965266705,
            -0.9251952171325684,
            0.3793007433414459
        ],
        [
            -0.09650321304798126,
            0.3764820694923401,
            0.921383798122406
        ]
    ],
    "rotation_euler_deg": [
        [
            0.3879024386405945
        ],
        [
            0.09665366262197495
        ],
        [
            3.1294896602630615
        ]
    ],
    "translation_vector": [
        [
            45.93708419799805
        ],
        [
            -19.459253311157227
        ],
        [
            60.76631164550781
        ]
    ]
}