{
    "extrinsic_matrix": [
        [
            -0.7221577167510986,
            0.14499658346176147,
            -0.012263521552085876,
            44.28993606567383
        ],
        [
            0.20165854692459106,
            0.11007687449455261,
            -0.8463649749755859,
            -19.399337768554688
        ],
        [
            -0.008585333824157715,
            -0.7350524067878723,
            -0.3615270256996155,
            57.85667419433594
        ],
        [
            0.0,
            0.0,
            0.0,
            1.0
        ]
    ],
    "rotation_matrix": [
        [
            -0.7221577167510986,
            0.14499658346176147,
            -0.012263521552085876
        ],
        [
            0.20165854692459106,
            0.11007687449455261,
            -0.8463649749755859
        ],
        [
            -0.008585333824157715,
            -0.7350524067878723,
            -0.3615270256996155
        ]
    ],
    "rotation_euler_deg": [
        [
            -2.027893304824829
        ],
        [
            0.011449889279901981
        ],
        [
            2.8692846298217773
        ]
    ],
    "translation_vector": [
        [
            44.28993606567383
        ],
        [
            -19.399337768554688
        ],
        [
            57.85667419433594
        ]
    ]
}