{
    "extrinsic_matrix": [
        [
            0.9371646046638489,
            -0.024661902338266373,
            -0.34764817357063293,
            23.575130462646484
        ],
        [
            0.3419037163257599,
            -0.12991493940353394,
            0.9305331707000732,
            -2.7885591983795166
        ],
        [
            -0.06832204759120941,
            -0.991065502166748,
            -0.11339468508958817,
            11.363982200622559
        ],
        [
            0.0,
            0.0,
            0.0,
            1.0
        ]
    ],
    "rotation_matrix": [
        [
            0.9371646046638489,
            -0.024661902338266373,
            -0.34764817357063293
        ],
        [
            0.3419037163257599,
            -0.12991493940353394,
            0.9305331707000732
        ],
        [
            -0.06832204759120941,
            -0.991065502166748,
            -0.11339468508958817
        ]
    ],
    "rotation_euler_deg": [
        [
            -1.6847178936004639
        ],
        [
            0.06838066875934601
        ],
        [
            0.34982290863990784
        ]
    ],
    "translation_vector": [
        [
            23.575130462646484
        ],
        [
            -2.7885591983795166
        ],
        [
            11.363982200622559
        ]
    ]
}