{
    "extrinsic_matrix": [
        [
            -0.1655162274837494,
            -0.9726647138595581,
            -0.02961423248052597,
            22.867414474487305
        ],
        [
            -0.19642998278141022,
            0.06593106687068939,
            -0.9756156206130981,
            -1.9674774408340454
        ],
        [
            0.9537993669509888,
            -0.15446814894676208,
            -0.21279984712600708,
            12.383855819702148
        ],
        [
            0.0,
            0.0,
            0.0,
            1.0
        ]
    ],
    "rotation_matrix": [
        [
            -0.1655162274837494,
            -0.9726647138595581,
            -0.02961423248052597
        ],
        [
            -0.19642998278141022,
            0.06593106687068939,
            -0.9756156206130981
        ],
        [
            0.9537993669509888,
            -0.15446814894676208,
            -0.21279984712600708
        ]
    ],
    "rotation_euler_deg": [
        [
            -2.513704776763916
        ],
        [
            -1.3077290058135986
        ],
        [
            -2.270991563796997
        ]
    ],
    "translation_vector": [
        [
            22.867414474487305
        ],
        [
            -1.9674774408340454
        ],
        [
            12.383855819702148
        ]
    ]
}