{
    "extrinsic_matrix": [
        [
            -0.26702824234962463,
            0.738705575466156,
            0.6188778877258301,
            38.57100296020508
        ],
        [
            0.31527915596961975,
            0.6738216280937195,
            -0.6682538986206055,
            -11.860461235046387
        ],
        [
            -0.910656213760376,
            0.01667618192732334,
            -0.4128277897834778,
            25.842864990234375
        ],
        [
            0.0,
            0.0,
            0.0,
            1.0
        ]
    ],
    "rotation_matrix": [
        [
            -0.26702824234962463,
            0.738705575466156,
            0.6188778877258301
        ],
        [
            0.31527915596961975,
            0.6738216280937195,
            -0.6682538986206055
        ],
        [
            -0.910656213760376,
            0.01667618192732334,
            -0.4128277897834778
        ]
    ],
    "rotation_euler_deg": [
        [
            3.101219654083252
        ],
        [
            1.1448698043823242
        ],
        [
            2.273521661758423
        ]
    ],
    "translation_vector": [
        [
            38.57100296020508
        ],
        [
            -11.860461235046387
        ],
        [
            25.842864990234375
        ]
    ]
}