{
    "extrinsic_matrix": [
        [
            -0.3333333134651184,
            0.6666666865348816,
            -0.6666666865348816,
            2.57735013961792
        ],
        [
            -0.6666666865348816,
            0.3333333432674408,
            0.6666666865348816,
            -0.5773502588272095
        ],
        [
            0.6666666865348816,
            0.6666666865348816,
            0.3333333730697632,
            0.5773502588272095
        ],
        [
            0.0,
            0.0,
            0.0,
            1.0
        ]
    ],
    "rotation_matrix": [
        [
            -0.3333333134651184,
            0.6666666865348816,
            -0.6666666865348816
        ],
        [
            -0.6666666865348816,
            0.3333333432674408,
            0.6666666865348816
        ],
        [
            0.6666666865348816,
            0.6666666865348816,
            0.3333333730697632
        ]
    ],
    "rotation_euler_deg": [
        [
            1.1071486473083496
        ],
        [
            -0.7297276854515076
        ],
        [
            -2.0344438552856445
        ]
    ],
    "translation_vector": [
        [
            2.57735013961792
        ],
        [
            -0.5773502588272095
        ],
        [
            0.5773502588272095
        ]
    ]
}