{
    "extrinsic_matrix": [
        [
            0.745841920375824,
            0.11444655060768127,
            -0.6562170386314392,
            46.87532424926758
        ],
        [
            -0.2985156178474426,
            0.9380967020988464,
            -0.17567788064479828,
            -17.68906593322754
        ],
        [
            0.5954897403717041,
            0.3269188702106476,
            0.7338363528251648,
            39.33172607421875
        ],
        [
            0.0,
            0.0,
            0.0,
            1.0
        ]
    ],
    "rotation_matrix": [
        [
            0.745841920375824,
            0.11444655060768127,
            -0.6562170386314392
        ],
        [
            -0.2985156178474426,
            0.9380967020988464,
            -0.17567788064479828
        ],
        [
            0.5954897403717041,
            0.3269188702106476,
            0.7338363528251648
        ]
    ],
    "rotation_euler_deg": [
        [
            0.41909947991371155
        ],
        [
            -0.6378751993179321
        ],
        [
            -0.3807130753993988
        ]
    ],
    "translation_vector": [
        [
            46.87532424926758
        ],
        [
            -17.68906593322754
        ],
        [
            39.33172607421875
        ]
    ]
}