{
    "extrinsic_matrix": [
        [
            -0.07808861136436462,
            -0.9820676445960999,
            -0.007236640900373459,
            22.857248306274414
        ],
        [
            -0.19007083773612976,
            0.02550162374973297,
            -0.9783737659454346,
            -1.865035057067871
        ],
        [
            0.9643368124961853,
            -0.0736551284790039,
            -0.2010599672794342,
            10.801313400268555
        ],
        [
            0.0,
            0.0,
            0.0,
            1.0
        ]
    ],
    "rotation_matrix": [
        [
            -0.07808861136436462,
            -0.9820676445960999,
            -0.007236640900373459
        ],
        [
            -0.19007083773612976,
            0.02550162374973297,
            -0.9783737659454346
        ],
        [
            0.9643368124961853,
            -0.0736551284790039,
            -0.2010599672794342
        ]
    ],
    "rotation_euler_deg": [
        [
            -2.7904410362243652
        ],
        [
            -1.3608503341674805
        ],
        [
            -1.9606120586395264
        ]
    ],
    "translation_vector": [
        [
            22.857248306274414
        ],
        [
            -1.865035057067871
        ],
        [
            10.801313400268555
        ]
    ]
}