{
    "extrinsic_matrix": [
        [
            0.7851871848106384,
            -0.4473592936992645,
            -0.428194522857666,
            29.891864776611328
        ],
        [
            0.19792440533638,
            -0.4738994240760803,
            0.8580471277236938,
            -11.322656631469727
        ],
        [
            -0.5867767930030823,
            -0.7584775686264038,
            -0.28355658054351807,
            25.938261032104492
        ],
        [
            0.0,
            0.0,
            0.0,
            1.0
        ]
    ],
    "rotation_matrix": [
        [
            0.7851871848106384,
            -0.4473592936992645,
            -0.428194522857666
        ],
        [
            0.19792440533638,
            -0.4738994240760803,
            0.8580471277236938
        ],
        [
            -0.5867767930030823,
            -0.7584775686264038,
            -0.28355658054351807
        ]
    ],
    "rotation_euler_deg": [
        [
            -1.928558111190796
        ],
        [
            0.6270725727081299
        ],
        [
            0.24692866206169128
        ]
    ],
    "translation_vector": [
        [
            29.891864776611328
        ],
        [
            -11.322656631469727
        ],
        [
            25.938261032104492
        ]
    ]
}