{
    "extrinsic_matrix": [
        [
            -0.7825693488121033,
            -0.14633363485336304,
            0.10065513849258423,
            45.47499465942383
        ],
        [
            -0.00511014461517334,
            0.0396304577589035,
            -0.9047927260398865,
            -19.106916427612305
        ],
        [
            0.21622109413146973,
            -0.8030697703361511,
            -0.2285735011100769,
            57.940025329589844
        ],
        [
            0.0,
            0.0,
            0.0,
            1.0
        ]
    ],
    "rotation_matrix": [
        [
            -0.7825693488121033,
            -0.14633363485336304,
            0.10065513849258423
        ],
        [
            -0.00511014461517334,
            0.0396304577589035,
            -0.9047927260398865
        ],
        [
            0.21622109413146973,
            -0.8030697703361511,
            -0.2285735011100769
        ]
    ],
    "rotation_euler_deg": [
        [
            -1.8480883836746216
        ],
        [
            -0.2695655822753906
        ],
        [
            -3.1350626945495605
        ]
    ],
    "translation_vector": [
        [
            45.47499465942383
        ],
        [
            -19.106916427612305
        ],
        [
            57.940025329589844
        ]
    ]
}