{
    "extrinsic_matrix": [
        [
            0.08117394149303436,
            0.036512237042188644,
            0.9960308074951172,
            28.317459106445312
        ],
        [
            -0.5233425498008728,
            0.852045476436615,
            0.011416874825954437,
            -9.273058891296387
        ],
        [
            -0.8482468724250793,
            -0.5221924185752869,
            0.08827205747365952,
            21.919193267822266
        ],
        [
            0.0,
            0.0,
            0.0,
            1.0
        ]
    ],
    "rotation_matrix": [
        [
            0.08117394149303436,
            0.036512237042188644,
            0.9960308074951172
        ],
        [
            -0.5233425498008728,
            0.852045476436615,
            0.011416874825954437
        ],
        [
            -0.8482468724250793,
            -0.5221924185752869,
            0.08827205747365952
        ]
    ],
    "rotation_euler_deg": [
        [
            -1.4033381938934326
        ],
        [
            1.0126667022705078
        ],
        [
            -1.416915774345398
        ]
    ],
    "translation_vector": [
        [
            28.317459106445312
        ],
        [
            -9.273058891296387
        ],
        [
            21.919193267822266
        ]
    ]
}