{
    "extrinsic_matrix": [
        [
            0.33374863862991333,
            -0.322818398475647,
            -0.8290250301361084,
            30.283016204833984
        ],
        [
            0.00026535242795944214,
            0.888778567314148,
            -0.34622901678085327,
            -9.9595308303833
        ],
        [
            0.9324300289154053,
            0.10261648148298264,
            0.3363206386566162,
            23.398826599121094
        ],
        [
            0.0,
            0.0,
            0.0,
            1.0
        ]
    ],
    "rotation_matrix": [
        [
            0.33374863862991333,
            -0.322818398475647,
            -0.8290250301361084
        ],
        [
            0.00026535242795944214,
            0.888778567314148,
            -0.34622901678085327
        ],
        [
            0.9324300289154053,
            0.10261648148298264,
            0.3363206386566162
        ]
    ],
    "rotation_euler_deg": [
        [
            0.2961428463459015
        ],
        [
            -1.2270705699920654
        ],
        [
            0.0007950665312819183
        ]
    ],
    "translation_vector": [
        [
            30.283016204833984
        ],
        [
            -9.9595308303833
        ],
        [
            23.398826599121094
        ]
    ]
}