{
    "extrinsic_matrix": [
        [
            -0.602623462677002,
            0.7935318350791931,
            0.06359222531318665,
            45.53569030761719
        ],
        [
            0.23539739847183228,
            0.25794172286987305,
            -0.9305148124694824,
            -19.516624450683594
        ],
        [
            -0.7539098262786865,
            -0.5506260395050049,
            -0.34171026945114136,
            58.115943908691406
        ],
        [
            0.0,
            0.0,
            0.0,
            1.0
        ]
    ],
    "rotation_matrix": [
        [
            -0.602623462677002,
            0.7935318350791931,
            0.06359222531318665
        ],
        [
            0.23539739847183228,
            0.25794172286987305,
            -0.9305148124694824
        ],
        [
            -0.7539098262786865,
            -0.5506260395050049,
            -0.34171026945114136
        ]
    ],
    "rotation_euler_deg": [
        [
            -2.1262145042419434
        ],
        [
            0.8615899085998535
        ],
        [
            2.769197702407837
        ]
    ],
    "translation_vector": [
        [
            45.53569030761719
        ],
        [
            -19.516624450683594
        ],
        [
            58.115943908691406
        ]
    ]
}