{
    "extrinsic_matrix": [
        [
            0.9639132618904114,
            -0.19185206294059753,
            -0.18456217646598816,
            48.768402099609375
        ],
        [
            0.1371045559644699,
            0.9520293474197388,
            -0.2735736668109894,
            -19.4238224029541
        ],
        [
            0.22819393873214722,
            0.23839667439460754,
            0.9439782500267029,
            53.104434967041016
        ],
        [
            0.0,
            0.0,
            0.0,
            1.0
        ]
    ],
    "rotation_matrix": [
        [
            0.9639132618904114,
            -0.19185206294059753,
            -0.18456217646598816
        ],
        [
            0.1371045559644699,
            0.9520293474197388,
            -0.2735736668109894
        ],
        [
            0.22819393873214722,
            0.23839667439460754,
            0.9439782500267029
        ]
    ],
    "rotation_euler_deg": [
        [
            0.24737221002578735
        ],
        [
            -0.2302224040031433
        ],
        [
            0.14128969609737396
        ]
    ],
    "translation_vector": [
        [
            48.768402099609375
        ],
        [
            -19.4238224029541
        ],
        [
            53.104434967041016
        ]
    ]
}