{
    "extrinsic_matrix": [
        [
            0.9656155705451965,
            -0.19102133810520172,
            -0.1763419657945633,
            48.59751892089844
        ],
        [
            0.13934239745140076,
            0.9529373645782471,
            -0.2692474126815796,
            -19.46542739868164
        ],
        [
            0.21947449445724487,
            0.23541730642318726,
            0.9467893242835999,
            52.12002182006836
        ],
        [
            0.0,
            0.0,
            0.0,
            1.0
        ]
    ],
    "rotation_matrix": [
        [
            0.9656155705451965,
            -0.19102133810520172,
            -0.1763419657945633
        ],
        [
            0.13934239745140076,
            0.9529373645782471,
            -0.2692474126815796
        ],
        [
            0.21947449445724487,
            0.23541730642318726,
            0.9467893242835999
        ]
    ],
    "rotation_euler_deg": [
        [
            0.24370582401752472
        ],
        [
            -0.2212759256362915
        ],
        [
            0.1433148980140686
        ]
    ],
    "translation_vector": [
        [
            48.59751892089844
        ],
        [
            -19.46542739868164
        ],
        [
            52.12002182006836
        ]
    ]
}