{
    "extrinsic_matrix": [
        [
            -0.7712421417236328,
            -0.0917091965675354,
            0.07948291301727295,
            45.2527961730957
        ],
        [
            0.03365898132324219,
            0.05283915996551514,
            -0.8938375115394592,
            -19.161745071411133
        ],
        [
            0.17406988143920898,
            -0.7903165221214294,
            -0.2535022795200348,
            57.92439651489258
        ],
        [
            0.0,
            0.0,
            0.0,
            1.0
        ]
    ],
    "rotation_matrix": [
        [
            -0.7712421417236328,
            -0.0917091965675354,
            0.07948291301727295
        ],
        [
            0.03365898132324219,
            0.05283915996551514,
            -0.8938375115394592
        ],
        [
            0.17406988143920898,
            -0.7903165221214294,
            -0.2535022795200348
        ]
    ],
    "rotation_euler_deg": [
        [
            -1.8811888694763184
        ],
        [
            -0.2217770367860794
        ],
        [
            3.097977876663208
        ]
    ],
    "translation_vector": [
        [
            45.2527961730957
        ],
        [
            -19.161745071411133
        ],
        [
            57.92439651489258
        ]
    ]
}