{
    "extrinsic_matrix": [
        [
            -0.9763201475143433,
            0.007153505925089121,
            -0.21621161699295044,
            45.57658386230469
        ],
        [
            -0.09713857620954514,
            -0.9075233340263367,
            0.40861445665359497,
            -19.552452087402344
        ],
        [
            -0.19329343736171722,
            0.4199412763118744,
            0.8867279887199402,
            64.95863342285156
        ],
        [
            0.0,
            0.0,
            0.0,
            1.0
        ]
    ],
    "rotation_matrix": [
        [
            -0.9763201475143433,
            0.007153505925089121,
            -0.21621161699295044
        ],
        [
            -0.09713857620954514,
            -0.9075233340263367,
            0.40861445665359497
        ],
        [
            -0.19329343736171722,
            0.4199412763118744,
            0.8867279887199402
        ]
    ],
    "rotation_euler_deg": [
        [
            0.4422933757305145
        ],
        [
            0.1945178508758545
        ],
        [
            -3.042424440383911
        ]
    ],
    "translation_vector": [
        [
            45.57658386230469
        ],
        [
            -19.552452087402344
        ],
        [
            64.95863342285156
        ]
    ]
}