{
    "extrinsic_matrix": [
        [
            -0.17346419394016266,
            -0.9718099236488342,
            -0.031648557633161545,
            22.86833953857422
        ],
        [
            -0.19700808823108673,
            0.0696064680814743,
            -0.9753648638725281,
            -1.9767903089523315
        ],
        [
            0.9528414011001587,
            -0.16181477904319763,
            -0.21386711299419403,
            12.52772331237793
        ],
        [
            0.0,
            0.0,
            0.0,
            1.0
        ]
    ],
    "rotation_matrix": [
        [
            -0.17346419394016266,
            -0.9718099236488342,
            -0.031648557633161545
        ],
        [
            -0.19700808823108673,
            0.0696064680814743,
            -0.9753648638725281
        ],
        [
            0.9528414011001587,
            -0.16181477904319763,
            -0.21386711299419403
        ]
    ],
    "rotation_euler_deg": [
        [
            -2.4938721656799316
        ],
        [
            -1.3019808530807495
        ],
        [
            -2.292728900909424
        ]
    ],
    "translation_vector": [
        [
            22.86833953857422
        ],
        [
            -1.9767903089523315
        ],
        [
            12.52772331237793
        ]
    ]
}