{
    "extrinsic_matrix": [
        [
            -0.8818601965904236,
            0.1558247059583664,
            0.44501814246177673,
            3.994882106781006
        ],
        [
            -0.018477164208889008,
            0.9316675662994385,
            -0.36284181475639343,
            0.12692302465438843
        ],
        [
            -0.47114866971969604,
            -0.32819846272468567,
            -0.8187214732170105,
            1.9959667921066284
        ],
        [
            0.0,
            0.0,
            0.0,
            1.0
        ]
    ],
    "rotation_matrix": [
        [
            -0.8818601965904236,
            0.1558247059583664,
            0.44501814246177673
        ],
        [
            -0.018477164208889008,
            0.9316675662994385,
            -0.36284181475639343
        ],
        [
            -0.47114866971969604,
            -0.32819846272468567,
            -0.8187214732170105
        ]
    ],
    "rotation_euler_deg": [
        [
            -2.7603390216827393
        ],
        [
            0.4905926287174225
        ],
        [
            -3.120643138885498
        ]
    ],
    "translation_vector": [
        [
            3.994882106781006
        ],
        [
            0.12692302465438843
        ],
        [
            1.9959667921066284
        ]
    ]
}