{
    "extrinsic_matrix": [
        [
            -0.8123503923416138,
            0.13348805904388428,
            0.2252947986125946,
            46.010231018066406
        ],
        [
            -0.08000849932432175,
            -0.9263820052146912,
            0.3619300127029419,
            -19.756864547729492
        ],
        [
            0.26151901483535767,
            0.3003530502319336,
            0.7552598118782043,
            65.016845703125
        ],
        [
            0.0,
            0.0,
            0.0,
            1.0
        ]
    ],
    "rotation_matrix": [
        [
            -0.8123503923416138,
            0.13348805904388428,
            0.2252947986125946
        ],
        [
            -0.08000849932432175,
            -0.9263820052146912,
            0.3619300127029419
        ],
        [
            0.26151901483535767,
            0.3003530502319336,
            0.7552598118782043
        ]
    ],
    "rotation_euler_deg": [
        [
            0.37850630283355713
        ],
        [
            -0.3100464344024658
        ],
        [
            -3.043419122695923
        ]
    ],
    "translation_vector": [
        [
            46.010231018066406
        ],
        [
            -19.756864547729492
        ],
        [
            65.016845703125
        ]
    ]
}