{
    "extrinsic_matrix": [
        [
            -0.42389416694641113,
            0.005978375673294067,
            0.9056919813156128,
            24.197813034057617
        ],
        [
            -0.4309176802635193,
            0.8782147169113159,
            -0.20748107135295868,
            -8.981698036193848
        ],
        [
            -0.7966322898864746,
            -0.47822892665863037,
            -0.36969420313835144,
            19.394914627075195
        ],
        [
            0.0,
            0.0,
            0.0,
            1.0
        ]
    ],
    "rotation_matrix": [
        [
            -0.42389416694641113,
            0.005978375673294067,
            0.9056919813156128
        ],
        [
            -0.4309176802635193,
            0.8782147169113159,
            -0.20748107135295868
        ],
        [
            -0.7966322898864746,
            -0.47822892665863037,
            -0.36969420313835144
        ]
    ],
    "rotation_euler_deg": [
        [
            -2.228886127471924
        ],
        [
            0.9217036366462708
        ],
        [
            -2.347978115081787
        ]
    ],
    "translation_vector": [
        [
            24.197813034057617
        ],
        [
            -8.981698036193848
        ],
        [
            19.394914627075195
        ]
    ]
}