{
    "extrinsic_matrix": [
        [
            -0.7674664258956909,
            -0.07350105047225952,
            0.0724254846572876,
            45.17873001098633
        ],
        [
            0.046582043170928955,
            0.05724206566810608,
            -0.8901857733726501,
            -19.180021286010742
        ],
        [
            0.16001945734024048,
            -0.7860654592514038,
            -0.26181188225746155,
            57.919189453125
        ],
        [
            0.0,
            0.0,
            0.0,
            1.0
        ]
    ],
    "rotation_matrix": [
        [
            -0.7674664258956909,
            -0.07350105047225952,
            0.0724254846572876
        ],
        [
            0.046582043170928955,
            0.05724206566810608,
            -0.8901857733726501
        ],
        [
            0.16001945734024048,
            -0.7860654592514038,
            -0.26181188225746155
        ]
    ],
    "rotation_euler_deg": [
        [
            -1.8923064470291138
        ],
        [
            -0.20519141852855682
        ],
        [
            3.0809712409973145
        ]
    ],
    "translation_vector": [
        [
            45.17873001098633
        ],
        [
            -19.180021286010742
        ],
        [
            57.919189453125
        ]
    ]
}