{
    "extrinsic_matrix": [
        [
            -0.8392052054405212,
            -0.41945570707321167,
            0.20651641488075256,
            46.58598327636719
        ],
        [
            -0.19895577430725098,
            -0.026413053274154663,
            -0.9595687985420227,
            -18.83277130126953
        ],
        [
            0.42697715759277344,
            -0.8668360710144043,
            -0.10392957925796509,
            58.018165588378906
        ],
        [
            0.0,
            0.0,
            0.0,
            1.0
        ]
    ],
    "rotation_matrix": [
        [
            -0.8392052054405212,
            -0.41945570707321167,
            0.20651641488075256
        ],
        [
            -0.19895577430725098,
            -0.026413053274154663,
            -0.9595687985420227
        ],
        [
            0.42697715759277344,
            -0.8668360710144043,
            -0.10392957925796509
        ]
    ],
    "rotation_euler_deg": [
        [
            -1.6901220083236694
        ],
        [
            -0.4596919119358063
        ],
        [
            -2.908813953399658
        ]
    ],
    "translation_vector": [
        [
            46.58598327636719
        ],
        [
            -18.83277130126953
        ],
        [
            58.018165588378906
        ]
    ]
}