{
    "extrinsic_matrix": [
        [
            -0.532891571521759,
            -0.4478031098842621,
            -0.7179815173149109,
            44.85688018798828
        ],
        [
            -0.39143797755241394,
            0.8827060461044312,
            -0.26001209020614624,
            -18.450828552246094
        ],
        [
            0.7502015233039856,
            0.14248685538768768,
            -0.6456741690635681,
            44.92250442504883
        ],
        [
            0.0,
            0.0,
            0.0,
            1.0
        ]
    ],
    "rotation_matrix": [
        [
            -0.532891571521759,
            -0.4478031098842621,
            -0.7179815173149109
        ],
        [
            -0.39143797755241394,
            0.8827060461044312,
            -0.26001209020614624
        ],
        [
            0.7502015233039856,
            0.14248685538768768,
            -0.6456741690635681
        ]
    ],
    "rotation_euler_deg": [
        [
            2.9243946075439453
        ],
        [
            -0.8483670949935913
        ],
        [
            -2.508049964904785
        ]
    ],
    "translation_vector": [
        [
            44.85688018798828
        ],
        [
            -18.450828552246094
        ],
        [
            44.92250442504883
        ]
    ]
}