{
    "extrinsic_matrix": [
        [
            -0.6919519901275635,
            0.29066169261932373,
            -0.06872284412384033,
            43.69740676879883
        ],
        [
            0.30504289269447327,
            0.14530007541179657,
            -0.8171510696411133,
            -19.545547485351562
        ],
        [
            -0.12098857760429382,
            -0.7010437250137329,
            -0.42800378799438477,
            57.81500244140625
        ],
        [
            0.0,
            0.0,
            0.0,
            1.0
        ]
    ],
    "rotation_matrix": [
        [
            -0.6919519901275635,
            0.29066169261932373,
            -0.06872284412384033
        ],
        [
            0.30504289269447327,
            0.14530007541179657,
            -0.8171510696411133
        ],
        [
            -0.12098857760429382,
            -0.7010437250137329,
            -0.42800378799438477
        ]
    ],
    "rotation_euler_deg": [
        [
            -2.118917942047119
        ],
        [
            0.15864944458007812
        ],
        [
            2.726378917694092
        ]
    ],
    "translation_vector": [
        [
            43.69740676879883
        ],
        [
            -19.545547485351562
        ],
        [
            57.81500244140625
        ]
    ]
}