{
    "extrinsic_matrix": [
        [
            -0.2608918249607086,
            -0.9624069929122925,
            -0.054026149213314056,
            22.878503799438477
        ],
        [
            -0.2033672332763672,
            0.11003590375185013,
            -0.9726066589355469,
            -2.079232692718506
        ],
        [
            0.9423038959503174,
            -0.2426277995109558,
            -0.2256069779396057,
            14.110265731811523
        ],
        [
            0.0,
            0.0,
            0.0,
            1.0
        ]
    ],
    "rotation_matrix": [
        [
            -0.2608918249607086,
            -0.9624069929122925,
            -0.054026149213314056
        ],
        [
            -0.2033672332763672,
            0.11003590375185013,
            -0.9726066589355469
        ],
        [
            0.9423038959503174,
            -0.2426277995109558,
            -0.2256069779396057
        ]
    ],
    "rotation_euler_deg": [
        [
            -2.319859504699707
        ],
        [
            -1.2331907749176025
        ],
        [
            -2.4794723987579346
        ]
    ],
    "translation_vector": [
        [
            22.878503799438477
        ],
        [
            -2.079232692718506
        ],
        [
            14.110265731811523
        ]
    ]
}