{
    "extrinsic_matrix": [
        [
            -0.5199961066246033,
            0.06025548279285431,
            -0.8520403504371643,
            49.024906158447266
        ],
        [
            0.7390890121459961,
            0.5317927002906799,
            -0.4134537875652313,
            -18.51649284362793
        ],
        [
            0.4281961917877197,
            -0.8447285294532776,
            -0.32106393575668335,
            57.96613693237305
        ],
        [
            0.0,
            0.0,
            0.0,
            1.0
        ]
    ],
    "rotation_matrix": [
        [
            -0.5199961066246033,
            0.06025548279285431,
            -0.8520403504371643
        ],
        [
            0.7390890121459961,
            0.5317927002906799,
            -0.4134537875652313
        ],
        [
            0.4281961917877197,
            -0.8447285294532776,
            -0.32106393575668335
        ]
    ],
    "rotation_euler_deg": [
        [
            -1.934012770652771
        ],
        [
            -0.4424956738948822
        ],
        [
            2.1839098930358887
        ]
    ],
    "translation_vector": [
        [
            49.024906158447266
        ],
        [
            -18.51649284362793
        ],
        [
            57.96613693237305
        ]
    ]
}