{
    "extrinsic_matrix": [
        [
            -0.42845627665519714,
            0.016787126660346985,
            0.90340656042099,
            24.32865333557129
        ],
        [
            -0.4287465512752533,
            0.8763224482536316,
            -0.21962454915046692,
            -7.038089752197266
        ],
        [
            -0.795362114906311,
            -0.4814322590827942,
            -0.3682687282562256,
            18.444372177124023
        ],
        [
            0.0,
            0.0,
            0.0,
            1.0
        ]
    ],
    "rotation_matrix": [
        [
            -0.42845627665519714,
            0.016787126660346985,
            0.90340656042099
        ],
        [
            -0.4287465512752533,
            0.8763224482536316,
            -0.21962454915046692
        ],
        [
            -0.795362114906311,
            -0.4814322590827942,
            -0.3682687282562256
        ]
    ],
    "rotation_euler_deg": [
        [
            -2.2237932682037354
        ],
        [
            0.9196052551269531
        ],
        [
            -2.355855941772461
        ]
    ],
    "translation_vector": [
        [
            24.32865333557129
        ],
        [
            -7.038089752197266
        ],
        [
            18.444372177124023
        ]
    ]
}