{
    "extrinsic_matrix": [
        [
            -0.9515862464904785,
            0.028977498412132263,
            -0.17291027307510376,
            45.82168960571289
        ],
        [
            -0.1070774495601654,
            -0.9068970084190369,
            0.4062442481517792,
            -19.64153480529785
        ],
        [
            -0.1439836025238037,
            0.41081178188323975,
            0.8642227649688721,
            65.81281280517578
        ],
        [
            0.0,
            0.0,
            0.0,
            1.0
        ]
    ],
    "rotation_matrix": [
        [
            -0.9515862464904785,
            0.028977498412132263,
            -0.17291027307510376
        ],
        [
            -0.1070774495601654,
            -0.9068970084190369,
            0.4062442481517792
        ],
        [
            -0.1439836025238037,
            0.41081178188323975,
            0.8642227649688721
        ]
    ],
    "rotation_euler_deg": [
        [
            0.4437371492385864
        ],
        [
            0.1492421180009842
        ],
        [
            -3.029538869857788
        ]
    ],
    "translation_vector": [
        [
            45.82168960571289
        ],
        [
            -19.64153480529785
        ],
        [
            65.81281280517578
        ]
    ]
}