{
    "extrinsic_matrix": [
        [
            0.5382678508758545,
            -0.7897287607192993,
            -0.2942700982093811,
            46.05591583251953
        ],
        [
            0.6093661189079285,
            0.12349388748407364,
            0.7832126617431641,
            -17.89712142944336
        ],
        [
            -0.5821856260299683,
            -0.6008968353271484,
            0.5477069616317749,
            42.30628967285156
        ],
        [
            0.0,
            0.0,
            0.0,
            1.0
        ]
    ],
    "rotation_matrix": [
        [
            0.5382678508758545,
            -0.7897287607192993,
            -0.2942700982093811
        ],
        [
            0.6093661189079285,
            0.12349388748407364,
            0.7832126617431641
        ],
        [
            -0.5821856260299683,
            -0.6008968353271484,
            0.5477069616317749
        ]
    ],
    "rotation_euler_deg": [
        [
            -0.8316733837127686
        ],
        [
            0.6214144825935364
        ],
        [
            0.8472711443901062
        ]
    ],
    "translation_vector": [
        [
            46.05591583251953
        ],
        [
            -17.89712142944336
        ],
        [
            42.30628967285156
        ]
    ]
}