{
    "extrinsic_matrix": [
        [
            0.1339157372713089,
            -0.5677200555801392,
            -0.48463577032089233,
            30.28734588623047
        ],
        [
            0.055470652878284454,
            0.5104947090148926,
            -0.5845534801483154,
            -9.761979103088379
        ],
        [
            0.9460725784301758,
            -0.004238449037075043,
            0.27313151955604553,
            23.344310760498047
        ],
        [
            0.0,
            0.0,
            0.0,
            1.0
        ]
    ],
    "rotation_matrix": [
        [
            0.1339157372713089,
            -0.5677200555801392,
            -0.48463577032089233
        ],
        [
            0.055470652878284454,
            0.5104947090148926,
            -0.5845534801483154
        ],
        [
            0.9460725784301758,
            -0.004238449037075043,
            0.27313151955604553
        ]
    ],
    "rotation_euler_deg": [
        [
            -0.015516732819378376
        ],
        [
            -1.4187664985656738
        ],
        [
            0.3927050530910492
        ]
    ],
    "translation_vector": [
        [
            30.28734588623047
        ],
        [
            -9.761979103088379
        ],
        [
            23.344310760498047
        ]
    ]
}