{
    "extrinsic_matrix": [
        [
            -0.5183557271957397,
            -0.8326035141944885,
            0.19513407349586487,
            44.872318267822266
        ],
        [
            -0.5800755620002747,
            0.1746746152639389,
            -0.7956136465072632,
            -18.065208435058594
        ],
        [
            0.6283464431762695,
            -0.5256037712097168,
            -0.5735167264938354,
            42.21635818481445
        ],
        [
            0.0,
            0.0,
            0.0,
            1.0
        ]
    ],
    "rotation_matrix": [
        [
            -0.5183557271957397,
            -0.8326035141944885,
            0.19513407349586487
        ],
        [
            -0.5800755620002747,
            0.1746746152639389,
            -0.7956136465072632
        ],
        [
            0.6283464431762695,
            -0.5256037712097168,
            -0.5735167264938354
        ]
    ],
    "rotation_euler_deg": [
        [
            -2.39975905418396
        ],
        [
            -0.6794259548187256
        ],
        [
            -2.3000643253326416
        ]
    ],
    "translation_vector": [
        [
            44.872318267822266
        ],
        [
            -18.065208435058594
        ],
        [
            42.21635818481445
        ]
    ]
}