{
    "extrinsic_matrix": [
        [
            -0.7427324056625366,
            0.1857433319091797,
            0.4243973195552826,
            46.10449981689453
        ],
        [
            -0.06647402793169022,
            -0.9361245632171631,
            0.33977288007736206,
            -19.814529418945312
        ],
        [
            0.46427029371261597,
            0.2451237142086029,
            0.7007783651351929,
            64.61886596679688
        ],
        [
            0.0,
            0.0,
            0.0,
            1.0
        ]
    ],
    "rotation_matrix": [
        [
            -0.7427324056625366,
            0.1857433319091797,
            0.4243973195552826
        ],
        [
            -0.06647402793169022,
            -0.9361245632171631,
            0.33977288007736206
        ],
        [
            0.46427029371261597,
            0.2451237142086029,
            0.7007783651351929
        ]
    ],
    "rotation_euler_deg": [
        [
            0.33648574352264404
        ],
        [
            -0.5568684935569763
        ],
        [
            -3.0523312091827393
        ]
    ],
    "translation_vector": [
        [
            46.10449981689453
        ],
        [
            -19.814529418945312
        ],
        [
            64.61886596679688
        ]
    ]
}