{
    "extrinsic_matrix": [
        [
            -0.2954098582267761,
            0.7482882142066956,
            0.5939674973487854,
            41.518157958984375
        ],
        [
            0.4287277162075043,
            0.6594297885894775,
            -0.6175310015678406,
            -11.277024269104004
        ],
        [
            -0.8537713289260864,
            0.0722251757979393,
            -0.5156139135360718,
            26.522390365600586
        ],
        [
            0.0,
            0.0,
            0.0,
            1.0
        ]
    ],
    "rotation_matrix": [
        [
            -0.2954098582267761,
            0.7482882142066956,
            0.5939674973487854
        ],
        [
            0.4287277162075043,
            0.6594297885894775,
            -0.6175310015678406
        ],
        [
            -0.8537713289260864,
            0.0722251757979393,
            -0.5156139135360718
        ]
    ],
    "rotation_euler_deg": [
        [
            3.0024220943450928
        ],
        [
            1.023186445236206
        ],
        [
            2.1741275787353516
        ]
    ],
    "translation_vector": [
        [
            41.518157958984375
        ],
        [
            -11.277024269104004
        ],
        [
            26.522390365600586
        ]
    ]
}