{
    "extrinsic_matrix": [
        [
            -0.8262739181518555,
            0.12303699553012848,
            0.18547427654266357,
            45.99137496948242
        ],
        [
            -0.08271539211273193,
            -0.9244335293769836,
            0.36636143922805786,
            -19.745332717895508
        ],
        [
            0.22096872329711914,
            0.3113989233970642,
            0.7661561369895935,
            65.09644317626953
        ],
        [
            0.0,
            0.0,
            0.0,
            1.0
        ]
    ],
    "rotation_matrix": [
        [
            -0.8262739181518555,
            0.12303699553012848,
            0.18547427654266357
        ],
        [
            -0.08271539211273193,
            -0.9244335293769836,
            0.36636143922805786
        ],
        [
            0.22096872329711914,
            0.3113989233970642,
            0.7661561369895935
        ]
    ],
    "rotation_euler_deg": [
        [
            0.38604846596717834
        ],
        [
            -0.260071337223053
        ],
        [
            -3.041818618774414
        ]
    ],
    "translation_vector": [
        [
            45.99137496948242
        ],
        [
            -19.745332717895508
        ],
        [
            65.09644317626953
        ]
    ]
}