{
    "extrinsic_matrix": [
        [
            0.6338830590248108,
            -0.5510766506195068,
            -0.54268479347229,
            29.27985191345215
        ],
        [
            0.3050086200237274,
            -0.46668386459350586,
            0.8301659226417542,
            -11.332340240478516
        ],
        [
            -0.7107476592063904,
            -0.6917513608932495,
            -0.12773993611335754,
            25.032384872436523
        ],
        [
            0.0,
            0.0,
            0.0,
            1.0
        ]
    ],
    "rotation_matrix": [
        [
            0.6338830590248108,
            -0.5510766506195068,
            -0.54268479347229
        ],
        [
            0.3050086200237274,
            -0.46668386459350586,
            0.8301659226417542
        ],
        [
            -0.7107476592063904,
            -0.6917513608932495,
            -0.12773993611335754
        ]
    ],
    "rotation_euler_deg": [
        [
            -1.7534009218215942
        ],
        [
            0.7905603647232056
        ],
        [
            0.4484744369983673
        ]
    ],
    "translation_vector": [
        [
            29.27985191345215
        ],
        [
            -11.332340240478516
        ],
        [
            25.032384872436523
        ]
    ]
}