{
    "extrinsic_matrix": [
        [
            0.9672371745109558,
            0.045460496097803116,
            -0.24977077543735504,
            16.098094940185547
        ],
        [
            -0.033815499395132065,
            0.9981401562690735,
            0.05072023347020149,
            -0.23113957047462463
        ],
        [
            0.25161194801330566,
            -0.040612343698740005,
            0.9669758081436157,
            1.6657909154891968
        ],
        [
            0.0,
            0.0,
            0.0,
            1.0
        ]
    ],
    "rotation_matrix": [
        [
            0.9672371745109558,
            0.045460496097803116,
            -0.24977077543735504
        ],
        [
            -0.033815499395132065,
            0.9981401562690735,
            0.05072023347020149
        ],
        [
            0.25161194801330566,
            -0.040612343698740005,
            0.9669758081436157
        ]
    ],
    "rotation_euler_deg": [
        [
            -0.041974667459726334
        ],
        [
            -0.25434544682502747
        ],
        [
            -0.034946683794260025
        ]
    ],
    "translation_vector": [
        [
            16.098094940185547
        ],
        [
            -0.23113957047462463
        ],
        [
            1.6657909154891968
        ]
    ]
}