{
    "extrinsic_matrix": [
        [
            0.19564522802829742,
            0.012649990618228912,
            -0.9805930256843567,
            27.234493255615234
        ],
        [
            0.5286736488342285,
            0.840816080570221,
            0.1163264736533165,
            -9.223797798156738
        ],
        [
            0.8259699940681458,
            -0.5411728024482727,
            0.15781421959400177,
            19.806163787841797
        ],
        [
            0.0,
            0.0,
            0.0,
            1.0
        ]
    ],
    "rotation_matrix": [
        [
            0.19564522802829742,
            0.012649990618228912,
            -0.9805930256843567
        ],
        [
            0.5286736488342285,
            0.840816080570221,
            0.1163264736533165
        ],
        [
            0.8259699940681458,
            -0.5411728024482727,
            0.15781421959400177
        ]
    ],
    "rotation_euler_deg": [
        [
            -1.287049651145935
        ],
        [
            -0.9719212651252747
        ],
        [
            1.2163565158843994
        ]
    ],
    "translation_vector": [
        [
            27.234493255615234
        ],
        [
            -9.223797798156738
        ],
        [
            19.806163787841797
        ]
    ]
}