{
    "extrinsic_matrix": [
        [
            -0.5147174596786499,
            0.06228555366396904,
            -0.8550940752029419,
            49.28932189941406
        ],
        [
            0.7420338988304138,
            0.5319715142250061,
            -0.4079117774963379,
            -18.44584846496582
        ],
        [
            0.4294789433479309,
            -0.8444686532020569,
            -0.32003262639045715,
            57.00431823730469
        ],
        [
            0.0,
            0.0,
            0.0,
            1.0
        ]
    ],
    "rotation_matrix": [
        [
            -0.5147174596786499,
            0.06228555366396904,
            -0.8550940752029419
        ],
        [
            0.7420338988304138,
            0.5319715142250061,
            -0.4079117774963379
        ],
        [
            0.4294789433479309,
            -0.8444686532020569,
            -0.32003262639045715
        ]
    ],
    "rotation_euler_deg": [
        [
            -1.9330475330352783
        ],
        [
            -0.44391560554504395
        ],
        [
            2.177253007888794
        ]
    ],
    "translation_vector": [
        [
            49.28932189941406
        ],
        [
            -18.44584846496582
        ],
        [
            57.00431823730469
        ]
    ]
}