{
    "extrinsic_matrix": [
        [
            -0.6579704284667969,
            0.45453494787216187,
            -0.13223960995674133,
            43.03081512451172
        ],
        [
            0.42135027050971985,
            0.18492618203163147,
            -0.7842854261398315,
            -19.710033416748047
        ],
        [
            -0.24744218587875366,
            -0.6627839803695679,
            -0.502790093421936,
            57.76811599731445
        ],
        [
            0.0,
            0.0,
            0.0,
            1.0
        ]
    ],
    "rotation_matrix": [
        [
            -0.6579704284667969,
            0.45453494787216187,
            -0.13223960995674133
        ],
        [
            0.42135027050971985,
            0.18492618203163147,
            -0.7842854261398315
        ],
        [
            -0.24744218587875366,
            -0.6627839803695679,
            -0.502790093421936
        ]
    ],
    "rotation_euler_deg": [
        [
            -2.219780921936035
        ],
        [
            0.30670440196990967
        ],
        [
            2.5720107555389404
        ]
    ],
    "translation_vector": [
        [
            43.03081512451172
        ],
        [
            -19.710033416748047
        ],
        [
            57.76811599731445
        ]
    ]
}