{
    "extrinsic_matrix": [
        [
            0.9463659524917603,
            0.02968047372996807,
            0.32172951102256775,
            48.05190658569336
        ],
        [
            -0.2918623685836792,
            0.5056665539741516,
            0.8118607401847839,
            -18.570798873901367
        ],
        [
            -0.13859185576438904,
            -0.8622185587882996,
            0.4872080981731415,
            56.0753173828125
        ],
        [
            0.0,
            0.0,
            0.0,
            1.0
        ]
    ],
    "rotation_matrix": [
        [
            0.9463659524917603,
            0.02968047372996807,
            0.32172951102256775
        ],
        [
            -0.2918623685836792,
            0.5056665539741516,
            0.8118607401847839
        ],
        [
            -0.13859185576438904,
            -0.8622185587882996,
            0.4872080981731415
        ]
    ],
    "rotation_euler_deg": [
        [
            -1.0564618110656738
        ],
        [
            0.13903941214084625
        ],
        [
            -0.299148291349411
        ]
    ],
    "translation_vector": [
        [
            48.05190658569336
        ],
        [
            -18.570798873901367
        ],
        [
            56.0753173828125
        ]
    ]
}