{
    "extrinsic_matrix": [
        [
            0.04113087058067322,
            -0.9948897957801819,
            0.02327825501561165,
            22.843387603759766
        ],
        [
            -0.18139928579330444,
            -0.0296294167637825,
            -0.982134997844696,
            -1.7253410816192627
        ],
        [
            0.9787061810493469,
            0.03654444217681885,
            -0.1850510537624359,
            8.643301010131836
        ],
        [
            0.0,
            0.0,
            0.0,
            1.0
        ]
    ],
    "rotation_matrix": [
        [
            0.04113087058067322,
            -0.9948897957801819,
            0.02327825501561165
        ],
        [
            -0.18139928579330444,
            -0.0296294167637825,
            -0.982134997844696
        ],
        [
            0.9787061810493469,
            0.03654444217681885,
            -0.1850510537624359
        ]
    ],
    "rotation_euler_deg": [
        [
            2.9466183185577393
        ],
        [
            -1.3829853534698486
        ],
        [
            -1.347824215888977
        ]
    ],
    "translation_vector": [
        [
            22.843387603759766
        ],
        [
            -1.7253410816192627
        ],
        [
            8.643301010131836
        ]
    ]
}