{
    "extrinsic_matrix": [
        [
            0.05113598704338074,
            -0.3434009253978729,
            0.9377942085266113,
            46.84565353393555
        ],
        [
            -0.13623513281345367,
            0.9278345704078674,
            0.34718114137649536,
            -20.106660842895508
        ],
        [
            -0.9893432855606079,
            -0.14551153779029846,
            0.0006542732007801533,
            59.64606857299805
        ],
        [
            0.0,
            0.0,
            0.0,
            1.0
        ]
    ],
    "rotation_matrix": [
        [
            0.05113598704338074,
            -0.3434009253978729,
            0.9377942085266113
        ],
        [
            -0.13623513281345367,
            0.9278345704078674,
            0.34718114137649536
        ],
        [
            -0.9893432855606079,
            -0.14551153779029846,
            0.0006542732007801533
        ]
    ],
    "rotation_euler_deg": [
        [
            -1.5663000345230103
        ],
        [
            1.4247599840164185
        ],
        [
            -1.211717963218689
        ]
    ],
    "translation_vector": [
        [
            46.84565353393555
        ],
        [
            -20.106660842895508
        ],
        [
            59.64606857299805
        ]
    ]
}