{
    "extrinsic_matrix": [
        [
            -0.32422754168510437,
            0.7494571208953857,
            0.5772261619567871,
            43.41856384277344
        ],
        [
            0.5336734056472778,
            0.6487299799919128,
            -0.5425326228141785,
            -10.974644660949707
        ],
        [
            -0.7810692191123962,
            0.13214583694934845,
            -0.6103014945983887,
            26.196975708007812
        ],
        [
            0.0,
            0.0,
            0.0,
            1.0
        ]
    ],
    "rotation_matrix": [
        [
            -0.32422754168510437,
            0.7494571208953857,
            0.5772261619567871
        ],
        [
            0.5336734056472778,
            0.6487299799919128,
            -0.5425326228141785
        ],
        [
            -0.7810692191123962,
            0.13214583694934845,
            -0.6103014945983887
        ]
    ],
    "rotation_euler_deg": [
        [
            2.928358793258667
        ],
        [
            0.8963763117790222
        ],
        [
            2.1167409420013428
        ]
    ],
    "translation_vector": [
        [
            43.41856384277344
        ],
        [
            -10.974644660949707
        ],
        [
            26.196975708007812
        ]
    ]
}