{
    "extrinsic_matrix": [
        [
            -0.004259228706359863,
            -0.41963544487953186,
            0.9076826572418213,
            24.265846252441406
        ],
        [
            -0.478519082069397,
            0.797875702381134,
            0.3666243553161621,
            -6.180012226104736
        ],
        [
            -0.8780666589736938,
            -0.4327820837497711,
            -0.2042022943496704,
            18.969881057739258
        ],
        [
            0.0,
            0.0,
            0.0,
            1.0
        ]
    ],
    "rotation_matrix": [
        [
            -0.004259228706359863,
            -0.41963544487953186,
            0.9076826572418213
        ],
        [
            -0.478519082069397,
            0.797875702381134,
            0.3666243553161621
        ],
        [
            -0.8780666589736938,
            -0.4327820837497711,
            -0.2042022943496704
        ]
    ],
    "rotation_euler_deg": [
        [
            -2.011660099029541
        ],
        [
            1.0718072652816772
        ],
        [
            -1.5796968936920166
        ]
    ],
    "translation_vector": [
        [
            24.265846252441406
        ],
        [
            -6.180012226104736
        ],
        [
            18.969881057739258
        ]
    ]
}