{
    "extrinsic_matrix": [
        [
            0.7312577366828918,
            -0.48878785967826843,
            -0.4596957564353943,
            29.105621337890625
        ],
        [
            0.23818305134773254,
            -0.45533913373947144,
            0.8538724184036255,
            -11.605914115905762
        ],
        [
            -0.6259583234786987,
            -0.7423444390296936,
            -0.21294279396533966,
            26.3810977935791
        ],
        [
            0.0,
            0.0,
            0.0,
            1.0
        ]
    ],
    "rotation_matrix": [
        [
            0.7312577366828918,
            -0.48878785967826843,
            -0.4596957564353943
        ],
        [
            0.23818305134773254,
            -0.45533913373947144,
            0.8538724184036255
        ],
        [
            -0.6259583234786987,
            -0.7423444390296936,
            -0.21294279396533966
        ]
    ],
    "rotation_euler_deg": [
        [
            -1.8501472473144531
        ],
        [
            0.6831687092781067
        ],
        [
            0.31488022208213806
        ]
    ],
    "translation_vector": [
        [
            29.105621337890625
        ],
        [
            -11.605914115905762
        ],
        [
            26.3810977935791
        ]
    ]
}