{
    "extrinsic_matrix": [
        [
            0.9721030592918396,
            0.04303770884871483,
            -0.23057200014591217,
            11.34695053100586
        ],
        [
            -0.03216654434800148,
            0.998195469379425,
            0.050704095512628555,
            -0.9829993844032288
        ],
        [
            0.23233811557292938,
            -0.04187287762761116,
            0.9717333912849426,
            1.2773451805114746
        ],
        [
            0.0,
            0.0,
            0.0,
            1.0
        ]
    ],
    "rotation_matrix": [
        [
            0.9721030592918396,
            0.04303770884871483,
            -0.23057200014591217
        ],
        [
            -0.03216654434800148,
            0.998195469379425,
            0.050704095512628555
        ],
        [
            0.23233811557292938,
            -0.04187287762761116,
            0.9717333912849426
        ]
    ],
    "rotation_euler_deg": [
        [
            -0.04306427016854286
        ],
        [
            -0.23448088765144348
        ],
        [
            -0.03307757526636124
        ]
    ],
    "translation_vector": [
        [
            11.34695053100586
        ],
        [
            -0.9829993844032288
        ],
        [
            1.2773451805114746
        ]
    ]
}