{
    "extrinsic_matrix": [
        [
            -0.13874134421348572,
            0.7627264261245728,
            0.6316633224487305,
            48.84652328491211
        ],
        [
            -0.4629545211791992,
            0.51389479637146,
            -0.7222084999084473,
            -18.980478286743164
        ],
        [
            -0.8754562139511108,
            -0.39263248443603516,
            0.2818092405796051,
            55.35647964477539
        ],
        [
            0.0,
            0.0,
            0.0,
            1.0
        ]
    ],
    "rotation_matrix": [
        [
            -0.13874134421348572,
            0.7627264261245728,
            0.6316633224487305
        ],
        [
            -0.4629545211791992,
            0.51389479637146,
            -0.7222084999084473
        ],
        [
            -0.8754562139511108,
            -0.39263248443603516,
            0.2818092405796051
        ]
    ],
    "rotation_euler_deg": [
        [
            -0.9482612609863281
        ],
        [
            1.0663793087005615
        ],
        [
            -1.8619657754898071
        ]
    ],
    "translation_vector": [
        [
            48.84652328491211
        ],
        [
            -18.980478286743164
        ],
        [
            55.35647964477539
        ]
    ]
}