{
    "extrinsic_matrix": [
        [
            0.7771511077880859,
            -0.4661153256893158,
            -0.4157491624355316,
            29.194534301757812
        ],
        [
            0.19515067338943481,
            -0.4527968764305115,
            0.8684442043304443,
            -11.74868106842041
        ],
        [
            -0.5927607417106628,
            -0.7593782544136047,
            -0.25950706005096436,
            26.560894012451172
        ],
        [
            0.0,
            0.0,
            0.0,
            1.0
        ]
    ],
    "rotation_matrix": [
        [
            0.7771511077880859,
            -0.4661153256893158,
            -0.4157491624355316
        ],
        [
            0.19515067338943481,
            -0.4527968764305115,
            0.8684442043304443
        ],
        [
            -0.5927607417106628,
            -0.7593782544136047,
            -0.25950706005096436
        ]
    ],
    "rotation_euler_deg": [
        [
            -1.9000903367996216
        ],
        [
            0.636920690536499
        ],
        [
            0.24602340161800385
        ]
    ],
    "translation_vector": [
        [
            29.194534301757812
        ],
        [
            -11.74868106842041
        ],
        [
            26.560894012451172
        ]
    ]
}