{
    "extrinsic_matrix": [
        [
            -0.6593043804168701,
            0.27148008346557617,
            0.7011302709579468,
            46.092044830322266
        ],
        [
            -0.0760352835059166,
            -0.9518269300460815,
            0.2970151901245117,
            -19.305065155029297
        ],
        [
            0.7479865550994873,
            0.14252692461013794,
            0.6481916904449463,
            66.00437927246094
        ],
        [
            0.0,
            0.0,
            0.0,
            1.0
        ]
    ],
    "rotation_matrix": [
        [
            -0.6593043804168701,
            0.27148008346557617,
            0.7011302709579468
        ],
        [
            -0.0760352835059166,
            -0.9518269300460815,
            0.2970151901245117
        ],
        [
            0.7479865550994873,
            0.14252692461013794,
            0.6481916904449463
        ]
    ],
    "rotation_euler_deg": [
        [
            0.21643957495689392
        ],
        [
            -0.8450528383255005
        ],
        [
            -3.026773452758789
        ]
    ],
    "translation_vector": [
        [
            46.092044830322266
        ],
        [
            -19.305065155029297
        ],
        [
            66.00437927246094
        ]
    ]
}