{
    "extrinsic_matrix": [
        [
            0.7753859758377075,
            -0.46698734164237976,
            -0.41743943095207214,
            29.19111442565918
        ],
        [
            0.19680577516555786,
            -0.4528946578502655,
            0.8678837418556213,
            -11.74319076538086
        ],
        [
            -0.5940375924110413,
            -0.7587231397628784,
            -0.2577161490917206,
            26.553977966308594
        ],
        [
            0.0,
            0.0,
            0.0,
            1.0
        ]
    ],
    "rotation_matrix": [
        [
            0.7753859758377075,
            -0.46698734164237976,
            -0.41743943095207214
        ],
        [
            0.19680577516555786,
            -0.4528946578502655,
            0.8678837418556213
        ],
        [
            -0.5940375924110413,
            -0.7587231397628784,
            -0.2577161490917206
        ]
    ],
    "rotation_euler_deg": [
        [
            -1.8982397317886353
        ],
        [
            0.6387305855751038
        ],
        [
            0.24856744706630707
        ]
    ],
    "translation_vector": [
        [
            29.19111442565918
        ],
        [
            -11.74319076538086
        ],
        [
            26.553977966308594
        ]
    ]
}