{
    "extrinsic_matrix": [
        [
            0.9743591547012329,
            -0.2126443088054657,
            0.07352201640605927,
            45.08820343017578
        ],
        [
            -0.22250734269618988,
            -0.959155261516571,
            0.1746753603219986,
            -17.470651626586914
        ],
        [
            0.033375516533851624,
            -0.1865556389093399,
            -0.9818772077560425,
            42.310585021972656
        ],
        [
            0.0,
            0.0,
            0.0,
            1.0
        ]
    ],
    "rotation_matrix": [
        [
            0.9743591547012329,
            -0.2126443088054657,
            0.07352201640605927
        ],
        [
            -0.22250734269618988,
            -0.959155261516571,
            0.1746753603219986
        ],
        [
            0.033375516533851624,
            -0.1865556389093399,
            -0.9818772077560425
        ]
    ],
    "rotation_euler_deg": [
        [
            -2.953831672668457
        ],
        [
            -0.03338173031806946
        ],
        [
            -0.22451284527778625
        ]
    ],
    "translation_vector": [
        [
            45.08820343017578
        ],
        [
            -17.470651626586914
        ],
        [
            42.310585021972656
        ]
    ]
}