{
    "extrinsic_matrix": [
        [
            0.7670693397521973,
            0.09209687262773514,
            -0.6349186301231384,
            46.57319641113281
        ],
        [
            -0.29073601961135864,
            0.9320926666259766,
            -0.21604542434215546,
            -16.99691390991211
        ],
        [
            0.5719062685966492,
            0.35031548142433167,
            0.741756021976471,
            38.1743278503418
        ],
        [
            0.0,
            0.0,
            0.0,
            1.0
        ]
    ],
    "rotation_matrix": [
        [
            0.7670693397521973,
            0.09209687262773514,
            -0.6349186301231384
        ],
        [
            -0.29073601961135864,
            0.9320926666259766,
            -0.21604542434215546
        ],
        [
            0.5719062685966492,
            0.35031548142433167,
            0.741756021976471
        ]
    ],
    "rotation_euler_deg": [
        [
            0.4412255585193634
        ],
        [
            -0.6088279485702515
        ],
        [
            -0.36229199171066284
        ]
    ],
    "translation_vector": [
        [
            46.57319641113281
        ],
        [
            -16.99691390991211
        ],
        [
            38.1743278503418
        ]
    ]
}