{
    "extrinsic_matrix": [
        [
            0.7418485283851624,
            -0.48355573415756226,
            -0.4495542347431183,
            29.126140594482422
        ],
        [
            0.22825250029563904,
            -0.45475247502326965,
            0.8572351336479187,
            -11.638860702514648
        ],
        [
            -0.6182973384857178,
            -0.7462753057479858,
            -0.22368839383125305,
            26.422588348388672
        ],
        [
            0.0,
            0.0,
            0.0,
            1.0
        ]
    ],
    "rotation_matrix": [
        [
            0.7418485283851624,
            -0.48355573415756226,
            -0.4495542347431183
        ],
        [
            0.22825250029563904,
            -0.45475247502326965,
            0.8572351336479187
        ],
        [
            -0.6182973384857178,
            -0.7462753057479858,
            -0.22368839383125305
        ]
    ],
    "rotation_euler_deg": [
        [
            -1.8620144128799438
        ],
        [
            0.6726651787757874
        ],
        [
            0.2984883487224579
        ]
    ],
    "translation_vector": [
        [
            29.126140594482422
        ],
        [
            -11.638860702514648
        ],
        [
            26.422588348388672
        ]
    ]
}