{
    "extrinsic_matrix": [
        [
            0.0654374212026596,
            -0.31480589509010315,
            0.9467593431472778,
            47.516361236572266
        ],
        [
            -0.1156933605670929,
            0.9400209188461304,
            0.32047054171562195,
            -19.610652923583984
        ],
        [
            -0.9910625219345093,
            -0.13037462532520294,
            0.025011127814650536,
            59.24936294555664
        ],
        [
            0.0,
            0.0,
            0.0,
            1.0
        ]
    ],
    "rotation_matrix": [
        [
            0.0654374212026596,
            -0.31480589509010315,
            0.9467593431472778
        ],
        [
            -0.1156933605670929,
            0.9400209188461304,
            0.32047054171562195
        ],
        [
            -0.9910625219345093,
            -0.13037462532520294,
            0.025011127814650536
        ]
    ],
    "rotation_euler_deg": [
        [
            -1.3812586069107056
        ],
        [
            1.4374759197235107
        ],
        [
            -1.0560468435287476
        ]
    ],
    "translation_vector": [
        [
            47.516361236572266
        ],
        [
            -19.610652923583984
        ],
        [
            59.24936294555664
        ]
    ]
}