{
    "extrinsic_matrix": [
        [
            0.7559695839881897,
            -0.47657957673072815,
            -0.4360322058200836,
            29.15349769592285
        ],
        [
            0.21501177549362183,
            -0.4539702236652374,
            0.8617187142372131,
            -11.682788848876953
        ],
        [
            -0.6080827116966248,
            -0.7515165209770203,
            -0.23801586031913757,
            26.4779109954834
        ],
        [
            0.0,
            0.0,
            0.0,
            1.0
        ]
    ],
    "rotation_matrix": [
        [
            0.7559695839881897,
            -0.47657957673072815,
            -0.4360322058200836
        ],
        [
            0.21501177549362183,
            -0.4539702236652374,
            0.8617187142372131
        ],
        [
            -0.6080827116966248,
            -0.7515165209770203,
            -0.23801586031913757
        ]
    ],
    "rotation_euler_deg": [
        [
            -1.8775157928466797
        ],
        [
            0.6584908962249756
        ],
        [
            0.2771013081073761
        ]
    ],
    "translation_vector": [
        [
            29.15349769592285
        ],
        [
            -11.682788848876953
        ],
        [
            26.4779109954834
        ]
    ]
}