{
    "extrinsic_matrix": [
        [
            -0.3229573667049408,
            0.9438124895095825,
            0.0701175332069397,
            18.302473068237305
        ],
        [
            -0.6077739000320435,
            -0.15003715455532074,
            -0.7798073291778564,
            -1.0411443710327148
        ],
        [
            -0.7254717946052551,
            -0.29446035623550415,
            0.6220802664756775,
            4.190822601318359
        ],
        [
            0.0,
            0.0,
            0.0,
            1.0
        ]
    ],
    "rotation_matrix": [
        [
            -0.3229573667049408,
            0.9438124895095825,
            0.0701175332069397
        ],
        [
            -0.6077739000320435,
            -0.15003715455532074,
            -0.7798073291778564
        ],
        [
            -0.7254717946052551,
            -0.29446035623550415,
            0.6220802664756775
        ]
    ],
    "rotation_euler_deg": [
        [
            -0.4420994520187378
        ],
        [
            0.8117197155952454
        ],
        [
            -2.059229612350464
        ]
    ],
    "translation_vector": [
        [
            18.302473068237305
        ],
        [
            -1.0411443710327148
        ],
        [
            4.190822601318359
        ]
    ]
}