{
    "extrinsic_matrix": [
        [
            0.02523493766784668,
            -0.9931801557540894,
            0.019209597259759903,
            22.84523582458496
        ],
        [
            -0.18255549669265747,
            -0.022278614342212677,
            -0.9816334843635559,
            -1.7439669370651245
        ],
        [
            0.9767902493476868,
            0.021851152181625366,
            -0.18718557059764862,
            8.931035995483398
        ],
        [
            0.0,
            0.0,
            0.0,
            1.0
        ]
    ],
    "rotation_matrix": [
        [
            0.02523493766784668,
            -0.9931801557540894,
            0.019209597259759903
        ],
        [
            -0.18255549669265747,
            -0.022278614342212677,
            -0.9816334843635559
        ],
        [
            0.9767902493476868,
            0.021851152181625366,
            -0.18718557059764862
        ]
    ],
    "rotation_euler_deg": [
        [
            3.025383472442627
        ],
        [
            -1.3843179941177368
        ],
        [
            -1.4334352016448975
        ]
    ],
    "translation_vector": [
        [
            22.84523582458496
        ],
        [
            -1.7439669370651245
        ],
        [
            8.931035995483398
        ]
    ]
}