{
    "extrinsic_matrix": [
        [
            0.6871294975280762,
            -0.5105884075164795,
            -0.5019521117210388,
            29.020130157470703
        ],
        [
            0.2795603275299072,
            -0.45778360962867737,
            0.8398610353469849,
            -11.46863842010498
        ],
        [
            -0.6578790545463562,
            -0.7259657382965088,
            -0.16816943883895874,
            26.208215713500977
        ],
        [
            0.0,
            0.0,
            0.0,
            1.0
        ]
    ],
    "rotation_matrix": [
        [
            0.6871294975280762,
            -0.5105884075164795,
            -0.5019521117210388
        ],
        [
            0.2795603275299072,
            -0.45778360962867737,
            0.8398610353469849
        ],
        [
            -0.6578790545463562,
            -0.7259657382965088,
            -0.16816943883895874
        ]
    ],
    "rotation_euler_deg": [
        [
            -1.7984305620193481
        ],
        [
            0.7254973649978638
        ],
        [
            0.38639968633651733
        ]
    ],
    "translation_vector": [
        [
            29.020130157470703
        ],
        [
            -11.46863842010498
        ],
        [
            26.208215713500977
        ]
    ]
}