{
    "extrinsic_matrix": [
        [
            0.7171366810798645,
            -0.4957640469074249,
            -0.47321778535842896,
            29.078264236450195
        ],
        [
            0.25142377614974976,
            -0.4561213552951813,
            0.8493887782096863,
            -11.561985969543457
        ],
        [
            -0.6361729502677917,
            -0.737103283405304,
            -0.19861531257629395,
            26.325775146484375
        ],
        [
            0.0,
            0.0,
            0.0,
            1.0
        ]
    ],
    "rotation_matrix": [
        [
            0.7171366810798645,
            -0.4957640469074249,
            -0.47321778535842896
        ],
        [
            0.25142377614974976,
            -0.4561213552951813,
            0.8493887782096863
        ],
        [
            -0.6361729502677917,
            -0.737103283405304,
            -0.19861531257629395
        ]
    ],
    "rotation_euler_deg": [
        [
            -1.8339990377426147
        ],
        [
            0.6969823837280273
        ],
        [
            0.33720386028289795
        ]
    ],
    "translation_vector": [
        [
            29.078264236450195
        ],
        [
            -11.561985969543457
        ],
        [
            26.325775146484375
        ]
    ]
}