{
    "extrinsic_matrix": [
        [
            0.9515984058380127,
            0.3033822476863861,
            0.04918205738067627,
            47.73433303833008
        ],
        [
            0.2818647623062134,
            -0.9252613186836243,
            0.25385782122612,
            -19.549001693725586
        ],
        [
            0.12252174317836761,
            -0.22770769894123077,
            -0.9659906029701233,
            52.425533294677734
        ],
        [
            0.0,
            0.0,
            0.0,
            1.0
        ]
    ],
    "rotation_matrix": [
        [
            0.9515984058380127,
            0.3033822476863861,
            0.04918205738067627
        ],
        [
            0.2818647623062134,
            -0.9252613186836243,
            0.25385782122612
        ],
        [
            0.12252174317836761,
            -0.22770769894123077,
            -0.9659906029701233
        ]
    ],
    "rotation_euler_deg": [
        [
            -2.9100942611694336
        ],
        [
            -0.12283044308423996
        ],
        [
            0.2879681885242462
        ]
    ],
    "translation_vector": [
        [
            47.73433303833008
        ],
        [
            -19.549001693725586
        ],
        [
            52.425533294677734
        ]
    ]
}