{
    "extrinsic_matrix": [
        [
            0.6535919904708862,
            -0.5271568298339844,
            -0.534066915512085,
            28.955154418945312
        ],
        [
            0.3110070824623108,
            -0.45964139699935913,
            0.8292124271392822,
            -11.364309310913086
        ],
        [
            -0.6821388006210327,
            -0.713517963886261,
            -0.1341417133808136,
            26.076826095581055
        ],
        [
            0.0,
            0.0,
            0.0,
            1.0
        ]
    ],
    "rotation_matrix": [
        [
            0.6535919904708862,
            -0.5271568298339844,
            -0.534066915512085
        ],
        [
            0.3110070824623108,
            -0.45964139699935913,
            0.8292124271392822
        ],
        [
            -0.6821388006210327,
            -0.713517963886261,
            -0.1341417133808136
        ]
    ],
    "rotation_euler_deg": [
        [
            -1.7566276788711548
        ],
        [
            0.7557643055915833
        ],
        [
            0.4441358149051666
        ]
    ],
    "translation_vector": [
        [
            28.955154418945312
        ],
        [
            -11.364309310913086
        ],
        [
            26.076826095581055
        ]
    ]
}