{
    "extrinsic_matrix": [
        [
            -0.7558554410934448,
            -0.2503471374511719,
            -0.6049856543540955,
            47.38481140136719
        ],
        [
            0.4554857611656189,
            -0.8648276329040527,
            -0.21120132505893707,
            -19.920907974243164
        ],
        [
            -0.47033482789993286,
            -0.4351997673511505,
            0.7677150368690491,
            49.13682556152344
        ],
        [
            0.0,
            0.0,
            0.0,
            1.0
        ]
    ],
    "rotation_matrix": [
        [
            -0.7558554410934448,
            -0.2503471374511719,
            -0.6049856543540955
        ],
        [
            0.4554857611656189,
            -0.8648276329040527,
            -0.21120132505893707
        ],
        [
            -0.47033482789993286,
            -0.4351997673511505,
            0.7677150368690491
        ]
    ],
    "rotation_euler_deg": [
        [
            -0.5157079696655273
        ],
        [
            0.4896702766418457
        ],
        [
            2.5992565155029297
        ]
    ],
    "translation_vector": [
        [
            47.38481140136719
        ],
        [
            -19.920907974243164
        ],
        [
            49.13682556152344
        ]
    ]
}