{
    "extrinsic_matrix": [
        [
            -0.6522291302680969,
            0.2536751925945282,
            0.6832306385040283,
            46.22705078125
        ],
        [
            -0.04887921363115311,
            -0.9487898349761963,
            0.31096863746643066,
            -19.889493942260742
        ],
        [
            0.7278469800949097,
            0.1733255535364151,
            0.6299524307250977,
            64.10148620605469
        ],
        [
            0.0,
            0.0,
            0.0,
            1.0
        ]
    ],
    "rotation_matrix": [
        [
            -0.6522291302680969,
            0.2536751925945282,
            0.6832306385040283
        ],
        [
            -0.04887921363115311,
            -0.9487898349761963,
            0.31096863746643066
        ],
        [
            0.7278469800949097,
            0.1733255535364151,
            0.6299524307250977
        ]
    ],
    "rotation_euler_deg": [
        [
            0.2684970200061798
        ],
        [
            -0.8387439846992493
        ],
        [
            -3.0667905807495117
        ]
    ],
    "translation_vector": [
        [
            46.22705078125
        ],
        [
            -19.889493942260742
        ],
        [
            64.10148620605469
        ]
    ]
}