{
    "extrinsic_matrix": [
        [
            0.6306453347206116,
            -0.5384930968284607,
            -0.5560402274131775,
            28.91069984436035
        ],
        [
            0.33252328634262085,
            -0.4609125256538391,
            0.8219265341758728,
            -11.292925834655762
        ],
        [
            -0.6987375617027283,
            -0.7050010561943054,
            -0.11085957288742065,
            25.986927032470703
        ],
        [
            0.0,
            0.0,
            0.0,
            1.0
        ]
    ],
    "rotation_matrix": [
        [
            0.6306453347206116,
            -0.5384930968284607,
            -0.5560402274131775
        ],
        [
            0.33252328634262085,
            -0.4609125256538391,
            0.8219265341758728
        ],
        [
            -0.6987375617027283,
            -0.7050010561943054,
            -0.11085957288742065
        ]
    ],
    "rotation_euler_deg": [
        [
            -1.726766586303711
        ],
        [
            0.7753369212150574
        ],
        [
            0.4852284789085388
        ]
    ],
    "translation_vector": [
        [
            28.91069984436035
        ],
        [
            -11.292925834655762
        ],
        [
            25.986927032470703
        ]
    ]
}