{
    "extrinsic_matrix": [
        [
            -0.8241022825241089,
            -0.34662312269210815,
            0.17828673124313354,
            46.28971862792969
        ],
        [
            -0.14726358652114868,
            -0.008801460266113281,
            -0.9449618458747864,
            -18.90587615966797
        ],
        [
            0.3707755208015442,
            -0.8498317003250122,
            -0.13716799020767212,
            57.99732971191406
        ],
        [
            0.0,
            0.0,
            0.0,
            1.0
        ]
    ],
    "rotation_matrix": [
        [
            -0.8241022825241089,
            -0.34662312269210815,
            0.17828673124313354
        ],
        [
            -0.14726358652114868,
            -0.008801460266113281,
            -0.9449618458747864
        ],
        [
            0.3707755208015442,
            -0.8498317003250122,
            -0.13716799020767212
        ]
    ],
    "rotation_euler_deg": [
        [
            -1.730822205543518
        ],
        [
            -0.4169327914714813
        ],
        [
            -2.9647634029388428
        ]
    ],
    "translation_vector": [
        [
            46.28971862792969
        ],
        [
            -18.90587615966797
        ],
        [
            57.99732971191406
        ]
    ]
}