{
    "extrinsic_matrix": [
        [
            0.6977202892303467,
            -0.5053562521934509,
            -0.4918105900287628,
            29.040647506713867
        ],
        [
            0.2696297764778137,
            -0.4571969509124756,
            0.8432237505912781,
            -11.501585006713867
        ],
        [
            -0.6502180695533752,
            -0.7298966646194458,
            -0.17891505360603333,
            26.249706268310547
        ],
        [
            0.0,
            0.0,
            0.0,
            1.0
        ]
    ],
    "rotation_matrix": [
        [
            0.6977202892303467,
            -0.5053562521934509,
            -0.4918105900287628
        ],
        [
            0.2696297764778137,
            -0.4571969509124756,
            0.8432237505912781
        ],
        [
            -0.6502180695533752,
            -0.7298966646194458,
            -0.17891505360603333
        ]
    ],
    "rotation_euler_deg": [
        [
            -1.8111803531646729
        ],
        [
            0.7155742645263672
        ],
        [
            0.36876577138900757
        ]
    ],
    "translation_vector": [
        [
            29.040647506713867
        ],
        [
            -11.501585006713867
        ],
        [
            26.249706268310547
        ]
    ]
}