{
    "extrinsic_matrix": [
        [
            -0.6617461442947388,
            0.436326801776886,
            -0.12518218159675598,
            43.10487747192383
        ],
        [
            0.40842723846435547,
            0.18052327632904053,
            -0.7879371643066406,
            -19.691757202148438
        ],
        [
            -0.23339179158210754,
            -0.6670350432395935,
            -0.49448052048683167,
            57.7733268737793
        ],
        [
            0.0,
            0.0,
            0.0,
            1.0
        ]
    ],
    "rotation_matrix": [
        [
            -0.6617461442947388,
            0.436326801776886,
            -0.12518218159675598
        ],
        [
            0.40842723846435547,
            0.18052327632904053,
            -0.7879371643066406
        ],
        [
            -0.23339179158210754,
            -0.6670350432395935,
            -0.49448052048683167
        ]
    ],
    "rotation_euler_deg": [
        [
            -2.2087132930755615
        ],
        [
            0.29157525300979614
        ],
        [
            2.5886247158050537
        ]
    ],
    "translation_vector": [
        [
            43.10487747192383
        ],
        [
            -19.691757202148438
        ],
        [
            57.7733268737793
        ]
    ]
}