{
    "extrinsic_matrix": [
        [
            -0.03040081262588501,
            -0.9871965050697327,
            0.004969313740730286,
            22.851703643798828
        ],
        [
            -0.18660221993923187,
            0.0034492090344429016,
            -0.9798782467842102,
            -1.8091574907302856
        ],
        [
            0.970084547996521,
            -0.029575303196907043,
            -0.1946564018726349,
            9.938108444213867
        ],
        [
            0.0,
            0.0,
            0.0,
            1.0
        ]
    ],
    "rotation_matrix": [
        [
            -0.03040081262588501,
            -0.9871965050697327,
            0.004969313740730286
        ],
        [
            -0.18660221993923187,
            0.0034492090344429016,
            -0.9798782467842102
        ],
        [
            0.970084547996521,
            -0.029575303196907043,
            -0.1946564018726349
        ]
    ],
    "rotation_euler_deg": [
        [
            -2.990809917449951
        ],
        [
            -1.3783164024353027
        ],
        [
            -1.7322951555252075
        ]
    ],
    "translation_vector": [
        [
            22.851703643798828
        ],
        [
            -1.8091574907302856
        ],
        [
            9.938108444213867
        ]
    ]
}