{
    "extrinsic_matrix": [
        [
            0.6994854211807251,
            -0.504484236240387,
            -0.4901203513145447,
            29.0440673828125
        ],
        [
            0.26797470450401306,
            -0.45709916949272156,
            0.8437842130661011,
            -11.507076263427734
        ],
        [
            -0.6489412188529968,
            -0.7305517792701721,
            -0.1807059943675995,
            26.256622314453125
        ],
        [
            0.0,
            0.0,
            0.0,
            1.0
        ]
    ],
    "rotation_matrix": [
        [
            0.6994854211807251,
            -0.504484236240387,
            -0.4901203513145447
        ],
        [
            0.26797470450401306,
            -0.45709916949272156,
            0.8437842130661011
        ],
        [
            -0.6489412188529968,
            -0.7305517792701721,
            -0.1807059943675995
        ]
    ],
    "rotation_euler_deg": [
        [
            -1.8132845163345337
        ],
        [
            0.7139047980308533
        ],
        [
            0.3658553659915924
        ]
    ],
    "translation_vector": [
        [
            29.0440673828125
        ],
        [
            -11.507076263427734
        ],
        [
            26.256622314453125
        ]
    ]
}