{
    "extrinsic_matrix": [
        [
            0.2338321954011917,
            -0.44526922702789307,
            -0.6568304300308228,
            30.285181045532227
        ],
        [
            0.027868004515767097,
            0.6996366381645203,
            -0.46539127826690674,
            -9.86075496673584
        ],
        [
            0.9392513036727905,
            0.049189016222953796,
            0.3047260642051697,
            23.37156867980957
        ],
        [
            0.0,
            0.0,
            0.0,
            1.0
        ]
    ],
    "rotation_matrix": [
        [
            0.2338321954011917,
            -0.44526922702789307,
            -0.6568304300308228
        ],
        [
            0.027868004515767097,
            0.6996366381645203,
            -0.46539127826690674
        ],
        [
            0.9392513036727905,
            0.049189016222953796,
            0.3047260642051697
        ]
    ],
    "rotation_euler_deg": [
        [
            0.16003994643688202
        ],
        [
            -1.32514226436615
        ],
        [
            0.11861999332904816
        ]
    ],
    "translation_vector": [
        [
            30.285181045532227
        ],
        [
            -9.86075496673584
        ],
        [
            23.37156867980957
        ]
    ]
}