{
    "extrinsic_matrix": [
        [
            -0.9772965908050537,
            -0.029200173914432526,
            -0.20985181629657745,
            46.592689514160156
        ],
        [
            -0.17031674087047577,
            -0.4808671176433563,
            0.8600925803184509,
            -18.79783821105957
        ],
        [
            -0.1260252296924591,
            0.876307487487793,
            0.46497654914855957,
            53.3101921081543
        ],
        [
            0.0,
            0.0,
            0.0,
            1.0
        ]
    ],
    "rotation_matrix": [
        [
            -0.9772965908050537,
            -0.029200173914432526,
            -0.20985181629657745
        ],
        [
            -0.17031674087047577,
            -0.4808671176433563,
            0.8600925803184509
        ],
        [
            -0.1260252296924591,
            0.876307487487793,
            0.46497654914855957
        ]
    ],
    "rotation_euler_deg": [
        [
            1.0829625129699707
        ],
        [
            0.12636131048202515
        ],
        [
            -2.9690520763397217
        ]
    ],
    "translation_vector": [
        [
            46.592689514160156
        ],
        [
            -18.79783821105957
        ],
        [
            53.3101921081543
        ]
    ]
}