{
    "extrinsic_matrix": [
        [
            -0.17921841144561768,
            -0.37292391061782837,
            0.6485368013381958,
            46.93445587158203
        ],
        [
            0.00888797640800476,
            0.5406904816627502,
            0.10496771335601807,
            -20.27241325378418
        ],
        [
            -0.7027416229248047,
            -0.27855363488197327,
            0.18255537748336792,
            59.5687255859375
        ],
        [
            0.0,
            0.0,
            0.0,
            1.0
        ]
    ],
    "rotation_matrix": [
        [
            -0.17921841144561768,
            -0.37292391061782837,
            0.6485368013381958
        ],
        [
            0.00888797640800476,
            0.5406904816627502,
            0.10496771335601807
        ],
        [
            -0.7027416229248047,
            -0.27855363488197327,
            0.18255537748336792
        ]
    ],
    "rotation_euler_deg": [
        [
            -0.9906561374664307
        ],
        [
            1.320797324180603
        ],
        [
            3.0920403003692627
        ]
    ],
    "translation_vector": [
        [
            46.93445587158203
        ],
        [
            -20.27241325378418
        ],
        [
            59.5687255859375
        ]
    ]
}