{
    "extrinsic_matrix": [
        [
            -0.9817193746566772,
            0.10271944105625153,
            -0.1602366864681244,
            23.580522537231445
        ],
        [
            -0.17846225202083588,
            -0.20409686863422394,
            0.9625462293624878,
            -3.1705751419067383
        ],
        [
            0.06616868078708649,
            0.9735467433929443,
            0.21869756281375885,
            14.905489921569824
        ],
        [
            0.0,
            0.0,
            0.0,
            1.0
        ]
    ],
    "rotation_matrix": [
        [
            -0.9817193746566772,
            0.10271944105625153,
            -0.1602366864681244
        ],
        [
            -0.17846225202083588,
            -0.20409686863422394,
            0.9625462293624878
        ],
        [
            0.06616868078708649,
            0.9735467433929443,
            0.21869756281375885
        ]
    ],
    "rotation_euler_deg": [
        [
            1.3498245477676392
        ],
        [
            -0.06621705740690231
        ],
        [
            -2.96177077293396
        ]
    ],
    "translation_vector": [
        [
            23.580522537231445
        ],
        [
            -3.1705751419067383
        ],
        [
            14.905489921569824
        ]
    ]
}