{
    "extrinsic_matrix": [
        [
            0.6447663903236389,
            -0.5315169095993042,
            -0.5425181984901428,
            28.93805694580078
        ],
        [
            0.31928253173828125,
            -0.4601303040981293,
            0.826410174369812,
            -11.336853981018066
        ],
        [
            -0.6885229349136353,
            -0.7102422118186951,
            -0.12518703937530518,
            26.04224967956543
        ],
        [
            0.0,
            0.0,
            0.0,
            1.0
        ]
    ],
    "rotation_matrix": [
        [
            0.6447663903236389,
            -0.5315169095993042,
            -0.5425181984901428
        ],
        [
            0.31928253173828125,
            -0.4601303040981293,
            0.826410174369812
        ],
        [
            -0.6885229349136353,
            -0.7102422118186951,
            -0.12518703937530518
        ]
    ],
    "rotation_euler_deg": [
        [
            -1.745263934135437
        ],
        [
            0.7634086608886719
        ],
        [
            0.4597930312156677
        ]
    ],
    "translation_vector": [
        [
            28.93805694580078
        ],
        [
            -11.336853981018066
        ],
        [
            26.04224967956543
        ]
    ]
}