{
    "extrinsic_matrix": [
        [
            0.7471439242362976,
            -0.48093968629837036,
            -0.4444834887981415,
            29.136398315429688
        ],
        [
            0.22328722476959229,
            -0.45445913076400757,
            0.8589164614677429,
            -11.655333518981934
        ],
        [
            -0.6144668459892273,
            -0.7482407689094543,
            -0.22906120121479034,
            26.443334579467773
        ],
        [
            0.0,
            0.0,
            0.0,
            1.0
        ]
    ],
    "rotation_matrix": [
        [
            0.7471439242362976,
            -0.48093968629837036,
            -0.4444834887981415
        ],
        [
            0.22328722476959229,
            -0.45445913076400757,
            0.8589164614677429
        ],
        [
            -0.6144668459892273,
            -0.7482407689094543,
            -0.22906120121479034
        ]
    ],
    "rotation_euler_deg": [
        [
            -1.8678702116012573
        ],
        [
            0.6673713326454163
        ],
        [
            0.29040542244911194
        ]
    ],
    "translation_vector": [
        [
            29.136398315429688
        ],
        [
            -11.655333518981934
        ],
        [
            26.443334579467773
        ]
    ]
}