{
    "extrinsic_matrix": [
        [
            -0.7599149942398071,
            -0.037084758281707764,
            0.05831065773963928,
            45.03059768676758
        ],
        [
            0.07242810726165771,
            0.06604786217212677,
            -0.882882297039032,
            -19.21657371520996
        ],
        [
            0.13191866874694824,
            -0.7775632739067078,
            -0.2784310579299927,
            57.90877151489258
        ],
        [
            0.0,
            0.0,
            0.0,
            1.0
        ]
    ],
    "rotation_matrix": [
        [
            -0.7599149942398071,
            -0.037084758281707764,
            0.05831065773963928
        ],
        [
            0.07242810726165771,
            0.06604786217212677,
            -0.882882297039032
        ],
        [
            0.13191866874694824,
            -0.7775632739067078,
            -0.2784310579299927
        ]
    ],
    "rotation_euler_deg": [
        [
            -1.9146524667739868
        ],
        [
            -0.17112331092357635
        ],
        [
            3.0465688705444336
        ]
    ],
    "translation_vector": [
        [
            45.03059768676758
        ],
        [
            -19.21657371520996
        ],
        [
            57.90877151489258
        ]
    ]
}