{
    "extrinsic_matrix": [
        [
            0.08588574081659317,
            -0.2918785810470581,
            0.9525821208953857,
            46.99214172363281
        ],
        [
            -0.1007220521569252,
            0.9486817717552185,
            0.2997601628303528,
            -19.160274505615234
        ],
        [
            -0.9911923408508301,
            -0.12168760597705841,
            0.05207923799753189,
            62.407684326171875
        ],
        [
            0.0,
            0.0,
            0.0,
            1.0
        ]
    ],
    "rotation_matrix": [
        [
            0.08588574081659317,
            -0.2918785810470581,
            0.9525821208953857
        ],
        [
            -0.1007220521569252,
            0.9486817717552185,
            0.2997601628303528
        ],
        [
            -0.9911923408508301,
            -0.12168760597705841,
            0.05207923799753189
        ]
    ],
    "rotation_euler_deg": [
        [
            -1.166408658027649
        ],
        [
            1.438037633895874
        ],
        [
            -0.8647366166114807
        ]
    ],
    "translation_vector": [
        [
            46.99214172363281
        ],
        [
            -19.160274505615234
        ],
        [
            62.407684326171875
        ]
    ]
}