{
    "extrinsic_matrix": [
        [
            0.9669827818870544,
            -0.18968433141708374,
            -0.17018602788448334,
            48.892784118652344
        ],
        [
            0.14018063247203827,
            0.9536202549934387,
            -0.26637914776802063,
            -19.316537857055664
        ],
        [
            0.21282044053077698,
            0.23372697830200195,
            0.9487252235412598,
            53.06376647949219
        ],
        [
            0.0,
            0.0,
            0.0,
            1.0
        ]
    ],
    "rotation_matrix": [
        [
            0.9669827818870544,
            -0.18968433141708374,
            -0.17018602788448334
        ],
        [
            0.14018063247203827,
            0.9536202549934387,
            -0.26637914776802063
        ],
        [
            0.21282044053077698,
            0.23372697830200195,
            0.9487252235412598
        ]
    ],
    "rotation_euler_deg": [
        [
            0.24154889583587646
        ],
        [
            -0.21446074545383453
        ],
        [
            0.14396414160728455
        ]
    ],
    "translation_vector": [
        [
            48.892784118652344
        ],
        [
            -19.316537857055664
        ],
        [
            53.06376647949219
        ]
    ]
}