{
    "extrinsic_matrix": [
        [
            -0.680624783039093,
            0.34528613090515137,
            -0.089895099401474,
            43.4752082824707
        ],
        [
            0.3438120186328888,
            0.1585087776184082,
            -0.806195855140686,
            -19.60037612915039
        ],
        [
            -0.16313979029655457,
            -0.6882904767990112,
            -0.45293253660202026,
            57.799373626708984
        ],
        [
            0.0,
            0.0,
            0.0,
            1.0
        ]
    ],
    "rotation_matrix": [
        [
            -0.680624783039093,
            0.34528613090515137,
            -0.089895099401474
        ],
        [
            0.3438120186328888,
            0.1585087776184082,
            -0.806195855140686
        ],
        [
            -0.16313979029655457,
            -0.6882904767990112,
            -0.45293253660202026
        ]
    ],
    "rotation_euler_deg": [
        [
            -2.1528127193450928
        ],
        [
            0.21076710522174835
        ],
        [
            2.673840045928955
        ]
    ],
    "translation_vector": [
        [
            43.4752082824707
        ],
        [
            -19.60037612915039
        ],
        [
            57.799373626708984
        ]
    ]
}