{
    "extrinsic_matrix": [
        [
            0.922560453414917,
            -0.1755506843328476,
            0.3436034619808197,
            43.627471923828125
        ],
        [
            0.22508157789707184,
            0.968144416809082,
            -0.10970069468021393,
            -15.213729858398438
        ],
        [
            -0.3134000599384308,
            0.17854410409927368,
            0.9326851963996887,
            38.41606140136719
        ],
        [
            0.0,
            0.0,
            0.0,
            1.0
        ]
    ],
    "rotation_matrix": [
        [
            0.922560453414917,
            -0.1755506843328476,
            0.3436034619808197
        ],
        [
            0.22508157789707184,
            0.968144416809082,
            -0.10970069468021393
        ],
        [
            -0.3134000599384308,
            0.17854410409927368,
            0.9326851963996887
        ]
    ],
    "rotation_euler_deg": [
        [
            0.18914194405078888
        ],
        [
            0.31877151131629944
        ],
        [
            0.2392999678850174
        ]
    ],
    "translation_vector": [
        [
            43.627471923828125
        ],
        [
            -15.213729858398438
        ],
        [
            38.41606140136719
        ]
    ]
}