{
    "extrinsic_matrix": [
        [
            0.9168641567230225,
            0.21178166568279266,
            0.33839118480682373,
            33.99067687988281
        ],
        [
            0.23142586648464203,
            0.40871018171310425,
            -0.8828350901603699,
            -12.252025604248047
        ],
        [
            -0.3252725601196289,
            0.887752115726471,
            0.3257201910018921,
            25.438884735107422
        ],
        [
            0.0,
            0.0,
            0.0,
            1.0
        ]
    ],
    "rotation_matrix": [
        [
            0.9168641567230225,
            0.21178166568279266,
            0.33839118480682373
        ],
        [
            0.23142586648464203,
            0.40871018171310425,
            -0.8828350901603699
        ],
        [
            -0.3252725601196289,
            0.887752115726471,
            0.3257201910018921
        ]
    ],
    "rotation_euler_deg": [
        [
            1.219141960144043
        ],
        [
            0.33129993081092834
        ],
        [
            0.24724580347537994
        ]
    ],
    "translation_vector": [
        [
            33.99067687988281
        ],
        [
            -12.252025604248047
        ],
        [
            25.438884735107422
        ]
    ]
}