{
    "extrinsic_matrix": [
        [
            0.058258287608623505,
            -0.3286363482475281,
            0.9424497485160828,
            47.22199249267578
        ],
        [
            -0.12440505623817444,
            0.9343355298042297,
            0.33336007595062256,
            -19.874197006225586
        ],
        [
            -0.9904228448867798,
            -0.13647153973579407,
            0.013428464531898499,
            59.31174850463867
        ],
        [
            0.0,
            0.0,
            0.0,
            1.0
        ]
    ],
    "rotation_matrix": [
        [
            0.058258287608623505,
            -0.3286363482475281,
            0.9424497485160828
        ],
        [
            -0.12440505623817444,
            0.9343355298042297,
            0.33336007595062256
        ],
        [
            -0.9904228448867798,
            -0.13647153973579407,
            0.013428464531898499
        ]
    ],
    "rotation_euler_deg": [
        [
            -1.4727145433425903
        ],
        [
            1.4329768419265747
        ],
        [
            -1.1328327655792236
        ]
    ],
    "translation_vector": [
        [
            47.22199249267578
        ],
        [
            -19.874197006225586
        ],
        [
            59.31174850463867
        ]
    ]
}