{
    "extrinsic_matrix": [
        [
            0.9388236999511719,
            -0.029691344127058983,
            -0.34285563230514526,
            23.564851760864258
        ],
        [
            0.3369697630405426,
            -0.12400638312101364,
            0.9331887364387512,
            -2.773467540740967
        ],
        [
            -0.07037004828453064,
            -0.9917302131652832,
            -0.10646751523017883,
            11.142511367797852
        ],
        [
            0.0,
            0.0,
            0.0,
            1.0
        ]
    ],
    "rotation_matrix": [
        [
            0.9388236999511719,
            -0.029691344127058983,
            -0.34285563230514526
        ],
        [
            0.3369697630405426,
            -0.12400638312101364,
            0.9331887364387512
        ],
        [
            -0.07037004828453064,
            -0.9917302131652832,
            -0.10646751523017883
        ]
    ],
    "rotation_euler_deg": [
        [
            -1.6777420043945312
        ],
        [
            0.07043211907148361
        ],
        [
            0.3446059226989746
        ]
    ],
    "translation_vector": [
        [
            23.564851760864258
        ],
        [
            -2.773467540740967
        ],
        [
            11.142511367797852
        ]
    ]
}