{
    "extrinsic_matrix": [
        [
            0.6447404623031616,
            -0.5603313446044922,
            -0.5199409127235413,
            30.078235626220703
        ],
        [
            0.26642051339149475,
            -0.47281914949417114,
            0.8399176597595215,
            -11.416604995727539
        ],
        [
            -0.7164705991744995,
            -0.6800515055656433,
            -0.15556196868419647,
            25.62860870361328
        ],
        [
            0.0,
            0.0,
            0.0,
            1.0
        ]
    ],
    "rotation_matrix": [
        [
            0.6447404623031616,
            -0.5603313446044922,
            -0.5199409127235413
        ],
        [
            0.26642051339149475,
            -0.47281914949417114,
            0.8399176597595215
        ],
        [
            -0.7164705991744995,
            -0.6800515055656433,
            -0.15556196868419647
        ]
    ],
    "rotation_euler_deg": [
        [
            -1.7956774234771729
        ],
        [
            0.7987297177314758
        ],
        [
            0.39185187220573425
        ]
    ],
    "translation_vector": [
        [
            30.078235626220703
        ],
        [
            -11.416604995727539
        ],
        [
            25.62860870361328
        ]
    ]
}