{
    "extrinsic_matrix": [
        [
            -0.32402437925338745,
            0.9431064128875732,
            0.07455503940582275,
            19.918909072875977
        ],
        [
            -0.6399064660072327,
            -0.1604442447423935,
            -0.7515165209770203,
            -1.1340909004211426
        ],
        [
            -0.6967983245849609,
            -0.29121825098991394,
            0.6554877758026123,
            5.448430061340332
        ],
        [
            0.0,
            0.0,
            0.0,
            1.0
        ]
    ],
    "rotation_matrix": [
        [
            -0.32402437925338745,
            0.9431064128875732,
            0.07455503940582275
        ],
        [
            -0.6399064660072327,
            -0.1604442447423935,
            -0.7515165209770203
        ],
        [
            -0.6967983245849609,
            -0.29121825098991394,
            0.6554877758026123
        ]
    ],
    "rotation_euler_deg": [
        [
            -0.41808462142944336
        ],
        [
            0.7709240317344666
        ],
        [
            -2.039520740509033
        ]
    ],
    "translation_vector": [
        [
            19.918909072875977
        ],
        [
            -1.1340909004211426
        ],
        [
            5.448430061340332
        ]
    ]
}