{
    "extrinsic_matrix": [
        [
            0.0013910531997680664,
            -0.990615725517273,
            0.013106618076562881,
            22.848007202148438
        ],
        [
            -0.18428979814052582,
            -0.01125241070985794,
            -0.9808812737464905,
            -1.7719056606292725
        ],
        [
            0.9739164113998413,
            -0.00018875300884246826,
            -0.19038735330104828,
            9.362638473510742
        ],
        [
            0.0,
            0.0,
            0.0,
            1.0
        ]
    ],
    "rotation_matrix": [
        [
            0.0013910531997680664,
            -0.990615725517273,
            0.013106618076562881
        ],
        [
            -0.18428979814052582,
            -0.01125241070985794,
            -0.9808812737464905
        ],
        [
            0.9739164113998413,
            -0.00018875300884246826,
            -0.19038735330104828
        ]
    ],
    "rotation_euler_deg": [
        [
            -3.14060115814209
        ],
        [
            -1.3837767839431763
        ],
        [
            -1.5632482767105103
        ]
    ],
    "translation_vector": [
        [
            22.848007202148438
        ],
        [
            -1.7719056606292725
        ],
        [
            9.362638473510742
        ]
    ]
}