{
    "extrinsic_matrix": [
        [
            -0.7750178575515747,
            -0.10991734266281128,
            0.08654031157493591,
            45.32686233520508
        ],
        [
            0.020735979080200195,
            0.048436254262924194,
            -0.8974892497062683,
            -19.143468856811523
        ],
        [
            0.1881203055381775,
            -0.7945675849914551,
            -0.24519270658493042,
            57.92960739135742
        ],
        [
            0.0,
            0.0,
            0.0,
            1.0
        ]
    ],
    "rotation_matrix": [
        [
            -0.7750178575515747,
            -0.10991734266281128,
            0.08654031157493591
        ],
        [
            0.020735979080200195,
            0.048436254262924194,
            -0.8974892497062683
        ],
        [
            0.1881203055381775,
            -0.7945675849914551,
            -0.24519270658493042
        ]
    ],
    "rotation_euler_deg": [
        [
            -1.8701118230819702
        ],
        [
            -0.238042950630188
        ],
        [
            3.1148436069488525
        ]
    ],
    "translation_vector": [
        [
            45.32686233520508
        ],
        [
            -19.143468856811523
        ],
        [
            57.92960739135742
        ]
    ]
}