{
    "extrinsic_matrix": [
        [
            -0.7183820009231567,
            0.16320472955703735,
            -0.019320935010910034,
            44.21586990356445
        ],
        [
            0.21458160877227783,
            0.11447976529598236,
            -0.8427132368087769,
            -19.417613983154297
        ],
        [
            -0.02263575792312622,
            -0.7308013439178467,
            -0.36983659863471985,
            57.85146713256836
        ],
        [
            0.0,
            0.0,
            0.0,
            1.0
        ]
    ],
    "rotation_matrix": [
        [
            -0.7183820009231567,
            0.16320472955703735,
            -0.019320935010910034
        ],
        [
            0.21458160877227783,
            0.11447976529598236,
            -0.8427132368087769
        ],
        [
            -0.02263575792312622,
            -0.7308013439178467,
            -0.36983659863471985
        ]
    ],
    "rotation_euler_deg": [
        [
            -2.03928804397583
        ],
        [
            0.030182097107172012
        ],
        [
            2.851327896118164
        ]
    ],
    "translation_vector": [
        [
            44.21586990356445
        ],
        [
            -19.417613983154297
        ],
        [
            57.85146713256836
        ]
    ]
}