{
    "extrinsic_matrix": [
        [
            -0.8429809212684631,
            -0.43766385316848755,
            0.21357381343841553,
            46.66004943847656
        ],
        [
            -0.21187877655029297,
            -0.030815958976745605,
            -0.9632205367088318,
            -18.814495086669922
        ],
        [
            0.44102752208709717,
            -0.8710871934890747,
            -0.09561997652053833,
            58.02337646484375
        ],
        [
            0.0,
            0.0,
            0.0,
            1.0
        ]
    ],
    "rotation_matrix": [
        [
            -0.8429809212684631,
            -0.43766385316848755,
            0.21357381343841553
        ],
        [
            -0.21187877655029297,
            -0.030815958976745605,
            -0.9632205367088318
        ],
        [
            0.44102752208709717,
            -0.8710871934890747,
            -0.09561997652053833
        ]
    ],
    "rotation_euler_deg": [
        [
            -1.6801294088363647
        ],
        [
            -0.4695456922054291
        ],
        [
            -2.8953487873077393
        ]
    ],
    "translation_vector": [
        [
            46.66004943847656
        ],
        [
            -18.814495086669922
        ],
        [
            58.02337646484375
        ]
    ]
}