{
    "extrinsic_matrix": [
        [
            -0.7485878467559814,
            0.017539620399475098,
            0.037138402462005615,
            44.80839920043945
        ],
        [
            0.11119723320007324,
            0.0792565643787384,
            -0.8719270825386047,
            -19.27140235900879
        ],
        [
            0.0897674560546875,
            -0.7648100256919861,
            -0.30335986614227295,
            57.89314270019531
        ],
        [
            0.0,
            0.0,
            0.0,
            1.0
        ]
    ],
    "rotation_matrix": [
        [
            -0.7485878467559814,
            0.017539620399475098,
            0.037138402462005615
        ],
        [
            0.11119723320007324,
            0.0792565643787384,
            -0.8719270825386047
        ],
        [
            0.0897674560546875,
            -0.7648100256919861,
            -0.30335986614227295
        ]
    ],
    "rotation_euler_deg": [
        [
            -1.9484091997146606
        ],
        [
            -0.11806263774633408
        ],
        [
            2.9941282272338867
        ]
    ],
    "translation_vector": [
        [
            44.80839920043945
        ],
        [
            -19.27140235900879
        ],
        [
            57.89314270019531
        ]
    ]
}