{
    "extrinsic_matrix": [
        [
            -0.32063260674476624,
            -0.9435828328132629,
            -0.0827411636710167,
            20.02569007873535
        ],
        [
            -0.6464818716049194,
            0.15415669977664948,
            0.7471925616264343,
            -1.4413959980010986
        ],
        [
            -0.6922832131385803,
            0.29306527972221375,
            -0.6594369411468506,
            5.120200157165527
        ],
        [
            0.0,
            0.0,
            0.0,
            1.0
        ]
    ],
    "rotation_matrix": [
        [
            -0.32063260674476624,
            -0.9435828328132629,
            -0.0827411636710167
        ],
        [
            -0.6464818716049194,
            0.15415669977664948,
            0.7471925616264343
        ],
        [
            -0.6922832131385803,
            0.29306527972221375,
            -0.6594369411468506
        ]
    ],
    "rotation_euler_deg": [
        [
            2.723390817642212
        ],
        [
            0.7646481990814209
        ],
        [
            -2.0312108993530273
        ]
    ],
    "translation_vector": [
        [
            20.02569007873535
        ],
        [
            -1.4413959980010986
        ],
        [
            5.120200157165527
        ]
    ]
}