{
    "extrinsic_matrix": [
        [
            0.7709393501281738,
            0.08634204417467117,
            -0.6310281753540039,
            46.700782775878906
        ],
        [
            -0.28990623354911804,
            0.9297525882720947,
            -0.22696729004383087,
            -17.09261131286621
        ],
        [
            0.5671036243438721,
            0.357916921377182,
            0.7418144345283508,
            39.161529541015625
        ],
        [
            0.0,
            0.0,
            0.0,
            1.0
        ]
    ],
    "rotation_matrix": [
        [
            0.7709393501281738,
            0.08634204417467117,
            -0.6310281753540039
        ],
        [
            -0.28990623354911804,
            0.9297525882720947,
            -0.22696729004383087
        ],
        [
            0.5671036243438721,
            0.357916921377182,
            0.7418144345283508
        ]
    ],
    "rotation_euler_deg": [
        [
            0.44954049587249756
        ],
        [
            -0.6029852032661438
        ],
        [
            -0.35968464612960815
        ]
    ],
    "translation_vector": [
        [
            46.700782775878906
        ],
        [
            -17.09261131286621
        ],
        [
            39.161529541015625
        ]
    ]
}