{
    "extrinsic_matrix": [
        [
            0.6835992336273193,
            -0.5123324394226074,
            -0.5053325891494751,
            29.013290405273438
        ],
        [
            0.2828705310821533,
            -0.4579791724681854,
            0.8387401700019836,
            -11.457656860351562
        ],
        [
            -0.6604326963424683,
            -0.7246554493904114,
            -0.1645875871181488,
            26.194385528564453
        ],
        [
            0.0,
            0.0,
            0.0,
            1.0
        ]
    ],
    "rotation_matrix": [
        [
            0.6835992336273193,
            -0.5123324394226074,
            -0.5053325891494751
        ],
        [
            0.2828705310821533,
            -0.4579791724681854,
            0.8387401700019836
        ],
        [
            -0.6604326963424683,
            -0.7246554493904114,
            -0.1645875871181488
        ]
    ],
    "rotation_euler_deg": [
        [
            -1.7941327095031738
        ],
        [
            0.7287683486938477
        ],
        [
            0.3923425078392029
        ]
    ],
    "translation_vector": [
        [
            29.013290405273438
        ],
        [
            -11.457656860351562
        ],
        [
            26.194385528564453
        ]
    ]
}