{
    "extrinsic_matrix": [
        [
            0.07738785445690155,
            -0.2969101667404175,
            0.9517441987991333,
            47.441139221191406
        ],
        [
            -0.104239821434021,
            0.9469749331474304,
            0.30388760566711426,
            -19.399442672729492
        ],
        [
            -0.991527795791626,
            -0.12270856648683548,
            0.042330946773290634,
            60.79304504394531
        ],
        [
            0.0,
            0.0,
            0.0,
            1.0
        ]
    ],
    "rotation_matrix": [
        [
            0.07738785445690155,
            -0.2969101667404175,
            0.9517441987991333
        ],
        [
            -0.104239821434021,
            0.9469749331474304,
            0.30388760566711426
        ],
        [
            -0.991527795791626,
            -0.12270856648683548,
            0.042330946773290634
        ]
    ],
    "rotation_euler_deg": [
        [
            -1.2386083602905273
        ],
        [
            1.4406015872955322
        ],
        [
            -0.9321756958961487
        ]
    ],
    "translation_vector": [
        [
            47.441139221191406
        ],
        [
            -19.399442672729492
        ],
        [
            60.79304504394531
        ]
    ]
}