{
    "extrinsic_matrix": [
        [
            -0.20202277600765228,
            -0.9752190709114075,
            0.09018941968679428,
            29.316001892089844
        ],
        [
            0.14759781956672668,
            -0.12135294079780579,
            -0.9815741181373596,
            -9.627379417419434
        ],
        [
            0.968194842338562,
            -0.18498831987380981,
            0.16845650970935822,
            23.32073402404785
        ],
        [
            0.0,
            0.0,
            0.0,
            1.0
        ]
    ],
    "rotation_matrix": [
        [
            -0.20202277600765228,
            -0.9752190709114075,
            0.09018941968679428
        ],
        [
            0.14759781956672668,
            -0.12135294079780579,
            -0.9815741181373596
        ],
        [
            0.968194842338562,
            -0.18498831987380981,
            0.16845650970935822
        ]
    ],
    "rotation_euler_deg": [
        [
            -0.8321374654769897
        ],
        [
            -1.3179130554199219
        ],
        [
            2.5106236934661865
        ]
    ],
    "translation_vector": [
        [
            29.316001892089844
        ],
        [
            -9.627379417419434
        ],
        [
            23.32073402404785
        ]
    ]
}