{
    "extrinsic_matrix": [
        [
            -0.11782842874526978,
            -0.9777935743331909,
            -0.017408274114131927,
            22.86186981201172
        ],
        [
            -0.19296136498451233,
            0.043878644704818726,
            -0.977120041847229,
            -1.9115997552871704
        ],
        [
            0.9595470428466797,
            -0.11038830876350403,
            -0.20639628171920776,
            11.520650863647461
        ],
        [
            0.0,
            0.0,
            0.0,
            1.0
        ]
    ],
    "rotation_matrix": [
        [
            -0.11782842874526978,
            -0.9777935743331909,
            -0.017408274114131927
        ],
        [
            -0.19296136498451233,
            0.043878644704818726,
            -0.977120041847229
        ],
        [
            0.9595470428466797,
            -0.11038830876350403,
            -0.20639628171920776
        ]
    ],
    "rotation_euler_deg": [
        [
            -2.650465488433838
        ],
        [
            -1.3393933773040771
        ],
        [
            -2.118997097015381
        ]
    ],
    "translation_vector": [
        [
            22.86186981201172
        ],
        [
            -1.9115997552871704
        ],
        [
            11.520650863647461
        ]
    ]
}