{
    "extrinsic_matrix": [
        [
            -0.7914649844169617,
            0.14916463196277618,
            0.28502553701400757,
            46.03851318359375
        ],
        [
            -0.07594815641641617,
            -0.9293047785758972,
            0.35528287291526794,
            -19.7741641998291
        ],
        [
            0.3223443925380707,
            0.28378427028656006,
            0.7389153838157654,
            64.89745330810547
        ],
        [
            0.0,
            0.0,
            0.0,
            1.0
        ]
    ],
    "rotation_matrix": [
        [
            -0.7914649844169617,
            0.14916463196277618,
            0.28502553701400757
        ],
        [
            -0.07594815641641617,
            -0.9293047785758972,
            0.35528287291526794
        ],
        [
            0.3223443925380707,
            0.28378427028656006,
            0.7389153838157654
        ]
    ],
    "rotation_euler_deg": [
        [
            0.3666857182979584
        ],
        [
            -0.3851643204689026
        ],
        [
            -3.045926570892334
        ]
    ],
    "translation_vector": [
        [
            46.03851318359375
        ],
        [
            -19.7741641998291
        ],
        [
            64.89745330810547
        ]
    ]
}