{
    "extrinsic_matrix": [
        [
            -0.3224075734615326,
            0.9440565705299377,
            0.06935738027095795,
            18.97608184814453
        ],
        [
            -0.6258519887924194,
            -0.15761862695217133,
            -0.7638490200042725,
            -1.2033520936965942
        ],
        [
            -0.7101848721504211,
            -0.2896784842014313,
            0.6416572332382202,
            5.122426986694336
        ],
        [
            0.0,
            0.0,
            0.0,
            1.0
        ]
    ],
    "rotation_matrix": [
        [
            -0.3224075734615326,
            0.9440565705299377,
            0.06935738027095795
        ],
        [
            -0.6258519887924194,
            -0.15761862695217133,
            -0.7638490200042725
        ],
        [
            -0.7101848721504211,
            -0.2896784842014313,
            0.6416572332382202
        ]
    ],
    "rotation_euler_deg": [
        [
            -0.4240621030330658
        ],
        [
            0.7897608280181885
        ],
        [
            -2.04649019241333
        ]
    ],
    "translation_vector": [
        [
            18.97608184814453
        ],
        [
            -1.2033520936965942
        ],
        [
            5.122426986694336
        ]
    ]
}