{
    "extrinsic_matrix": [
        [
            0.6341755986213684,
            -0.536749005317688,
            -0.5526597499847412,
            28.917537689208984
        ],
        [
            0.32921308279037476,
            -0.46071699261665344,
            0.8230474591255188,
            -11.30390739440918
        ],
        [
            -0.6961839199066162,
            -0.7063113451004028,
            -0.11444143950939178,
            26.000757217407227
        ],
        [
            0.0,
            0.0,
            0.0,
            1.0
        ]
    ],
    "rotation_matrix": [
        [
            0.6341755986213684,
            -0.536749005317688,
            -0.5526597499847412
        ],
        [
            0.32921308279037476,
            -0.46071699261665344,
            0.8230474591255188
        ],
        [
            -0.6961839199066162,
            -0.7063113451004028,
            -0.11444143950939178
        ]
    ],
    "rotation_euler_deg": [
        [
            -1.7314273118972778
        ],
        [
            0.7723907232284546
        ],
        [
            0.4788261651992798
        ]
    ],
    "translation_vector": [
        [
            28.917537689208984
        ],
        [
            -11.30390739440918
        ],
        [
            26.000757217407227
        ]
    ]
}