{
    "extrinsic_matrix": [
        [
            0.300443172454834,
            -0.3636353313922882,
            -0.7716268301010132,
            30.28373908996582
        ],
        [
            0.00946623645722866,
            0.8257312774658203,
            -0.3859497606754303,
            -9.926605224609375
        ],
        [
            0.9347037672996521,
            0.08480732142925262,
            0.32578912377357483,
            23.389739990234375
        ],
        [
            0.0,
            0.0,
            0.0,
            1.0
        ]
    ],
    "rotation_matrix": [
        [
            0.300443172454834,
            -0.3636353313922882,
            -0.7716268301010132
        ],
        [
            0.00946623645722866,
            0.8257312774658203,
            -0.3859497606754303
        ],
        [
            0.9347037672996521,
            0.08480732142925262,
            0.32578912377357483
        ]
    ],
    "rotation_euler_deg": [
        [
            0.2546617388725281
        ],
        [
            -1.2596509456634521
        ],
        [
            0.031497158110141754
        ]
    ],
    "translation_vector": [
        [
            30.28373908996582
        ],
        [
            -9.926605224609375
        ],
        [
            23.389739990234375
        ]
    ]
}