{
    "extrinsic_matrix": [
        [
            -0.8014479279518127,
            -0.23737436532974243,
            0.1359422504901886,
            45.84532165527344
        ],
        [
            -0.06972533464431763,
            0.01761595904827118,
            -0.9230514168739319,
            -19.015535354614258
        ],
        [
            0.2864730954170227,
            -0.8243252038955688,
            -0.1870255172252655,
            57.96607208251953
        ],
        [
            0.0,
            0.0,
            0.0,
            1.0
        ]
    ],
    "rotation_matrix": [
        [
            -0.8014479279518127,
            -0.23737436532974243,
            0.1359422504901886
        ],
        [
            -0.06972533464431763,
            0.01761595904827118,
            -0.9230514168739319
        ],
        [
            0.2864730954170227,
            -0.8243252038955688,
            -0.1870255172252655
        ]
    ],
    "rotation_euler_deg": [
        [
            -1.7939025163650513
        ],
        [
            -0.3420981764793396
        ],
        [
            -3.054811954498291
        ]
    ],
    "translation_vector": [
        [
            45.84532165527344
        ],
        [
            -19.015535354614258
        ],
        [
            57.96607208251953
        ]
    ]
}