{
    "extrinsic_matrix": [
        [
            0.21811822056770325,
            -0.9708405137062073,
            -0.0994637981057167,
            16.5505428314209
        ],
        [
            -0.9347495436668396,
            -0.23711903393268585,
            0.2646085023880005,
            -0.5030173063278198
        ],
        [
            -0.2804775834083557,
            0.03525792062282562,
            -0.9592128992080688,
            2.3583407402038574
        ],
        [
            0.0,
            0.0,
            0.0,
            1.0
        ]
    ],
    "rotation_matrix": [
        [
            0.21811822056770325,
            -0.9708405137062073,
            -0.0994637981057167
        ],
        [
            -0.9347495436668396,
            -0.23711903393268585,
            0.2646085023880005
        ],
        [
            -0.2804775834083557,
            0.03525792062282562,
            -0.9592128992080688
        ]
    ],
    "rotation_euler_deg": [
        [
            3.1048519611358643
        ],
        [
            0.28429165482521057
        ],
        [
            -1.3415542840957642
        ]
    ],
    "translation_vector": [
        [
            16.5505428314209
        ],
        [
            -0.5030173063278198
        ],
        [
            2.3583407402038574
        ]
    ]
}