{
    "extrinsic_matrix": [
        [
            -0.6466432809829712,
            0.5091593861579895,
            -0.1534118503332138,
            42.808616638183594
        ],
        [
            0.4601193964481354,
            0.1981348842382431,
            -0.7733302116394043,
            -19.764862060546875
        ],
        [
            -0.2895933985710144,
            -0.6500306725502014,
            -0.5277189016342163,
            57.75248718261719
        ],
        [
            0.0,
            0.0,
            0.0,
            1.0
        ]
    ],
    "rotation_matrix": [
        [
            -0.6466432809829712,
            0.5091593861579895,
            -0.1534118503332138
        ],
        [
            0.4601193964481354,
            0.1981348842382431,
            -0.7733302116394043
        ],
        [
            -0.2895933985710144,
            -0.6500306725502014,
            -0.5277189016342163
        ]
    ],
    "rotation_euler_deg": [
        [
            -2.252713441848755
        ],
        [
            0.3498819172382355
        ],
        [
            2.5231566429138184
        ]
    ],
    "translation_vector": [
        [
            42.808616638183594
        ],
        [
            -19.764862060546875
        ],
        [
            57.75248718261719
        ]
    ]
}