{
    "extrinsic_matrix": [
        [
            -0.7681233286857605,
            0.4332197308540344,
            0.4714944064617157,
            29.51930809020996
        ],
        [
            0.5141298174858093,
            -0.021612539887428284,
            0.8574398159980774,
            -11.061324119567871
        ],
        [
            0.3816501498222351,
            0.9010288715362549,
            -0.20613043010234833,
            25.047807693481445
        ],
        [
            0.0,
            0.0,
            0.0,
            1.0
        ]
    ],
    "rotation_matrix": [
        [
            -0.7681233286857605,
            0.4332197308540344,
            0.4714944064617157
        ],
        [
            0.5141298174858093,
            -0.021612539887428284,
            0.8574398159980774
        ],
        [
            0.3816501498222351,
            0.9010288715362549,
            -0.20613043010234833
        ]
    ],
    "rotation_euler_deg": [
        [
            1.7956984043121338
        ],
        [
            -0.3915809690952301
        ],
        [
            2.5517468452453613
        ]
    ],
    "translation_vector": [
        [
            29.51930809020996
        ],
        [
            -11.061324119567871
        ],
        [
            25.047807693481445
        ]
    ]
}