{
    "extrinsic_matrix": [
        [
            0.7661479115486145,
            0.2526848018169403,
            -0.590903639793396,
            42.80908966064453
        ],
        [
            0.47163981199264526,
            -0.8456393480300903,
            0.2498987913131714,
            -14.055106163024902
        ],
        [
            -0.4365462362766266,
            -0.4701530933380127,
            -0.7670612335205078,
            31.881637573242188
        ],
        [
            0.0,
            0.0,
            0.0,
            1.0
        ]
    ],
    "rotation_matrix": [
        [
            0.7661479115486145,
            0.2526848018169403,
            -0.590903639793396
        ],
        [
            0.47163981199264526,
            -0.8456393480300903,
            0.2498987913131714
        ],
        [
            -0.4365462362766266,
            -0.4701530933380127,
            -0.7670612335205078
        ]
    ],
    "rotation_euler_deg": [
        [
            -2.591721773147583
        ],
        [
            0.4517563581466675
        ],
        [
            0.5518103837966919
        ]
    ],
    "translation_vector": [
        [
            42.80908966064453
        ],
        [
            -14.055106163024902
        ],
        [
            31.881637573242188
        ]
    ]
}