{
    "extrinsic_matrix": [
        [
            0.7065459489822388,
            -0.5009961724281311,
            -0.48335933685302734,
            29.05774688720703
        ],
        [
            0.26135432720184326,
            -0.45670804381370544,
            0.8460260629653931,
            -11.529040336608887
        ],
        [
            -0.6438339352607727,
            -0.7331723570823669,
            -0.18786972761154175,
            26.284282684326172
        ],
        [
            0.0,
            0.0,
            0.0,
            1.0
        ]
    ],
    "rotation_matrix": [
        [
            0.7065459489822388,
            -0.5009961724281311,
            -0.48335933685302734
        ],
        [
            0.26135432720184326,
            -0.45670804381370544,
            0.8460260629653931
        ],
        [
            -0.6438339352607727,
            -0.7331723570823669,
            -0.18786972761154175
        ]
    ],
    "rotation_euler_deg": [
        [
            -1.8216413259506226
        ],
        [
            0.7071846723556519
        ],
        [
            0.35429567098617554
        ]
    ],
    "translation_vector": [
        [
            29.05774688720703
        ],
        [
            -11.529040336608887
        ],
        [
            26.284282684326172
        ]
    ]
}