{
    "extrinsic_matrix": [
        [
            0.9241675138473511,
            -0.16957056522369385,
            0.3422856330871582,
            43.24223709106445
        ],
        [
            0.22169600427150726,
            0.9678126573562622,
            -0.11911772936582565,
            -15.554732322692871
        ],
        [
            -0.3110698163509369,
            0.18596786260604858,
            0.9320143461227417,
            37.55855941772461
        ],
        [
            0.0,
            0.0,
            0.0,
            1.0
        ]
    ],
    "rotation_matrix": [
        [
            0.9241675138473511,
            -0.16957056522369385,
            0.3422856330871582
        ],
        [
            0.22169600427150726,
            0.9678126573562622,
            -0.11911772936582565
        ],
        [
            -0.3110698163509369,
            0.18596786260604858,
            0.9320143461227417
        ]
    ],
    "rotation_euler_deg": [
        [
            0.19694674015045166
        ],
        [
            0.3163186311721802
        ],
        [
            0.23543837666511536
        ]
    ],
    "translation_vector": [
        [
            43.24223709106445
        ],
        [
            -15.554732322692871
        ],
        [
            37.55855941772461
        ]
    ]
}