{
    "extrinsic_matrix": [
        [
            0.7712669372558594,
            0.13852202892303467,
            -0.6212550401687622,
            47.45000076293945
        ],
        [
            -0.4412221908569336,
            0.8198327422142029,
            -0.36496227979660034,
            -19.113292694091797
        ],
        [
            0.45877009630203247,
            0.5555947422981262,
            0.6934295892715454,
            47.70901107788086
        ],
        [
            0.0,
            0.0,
            0.0,
            1.0
        ]
    ],
    "rotation_matrix": [
        [
            0.7712669372558594,
            0.13852202892303467,
            -0.6212550401687622
        ],
        [
            -0.4412221908569336,
            0.8198327422142029,
            -0.36496227979660034
        ],
        [
            0.45877009630203247,
            0.5555947422981262,
            0.6934295892715454
        ]
    ],
    "rotation_euler_deg": [
        [
            0.6754888892173767
        ],
        [
            -0.47661063075065613
        ],
        [
            -0.5196329355239868
        ]
    ],
    "translation_vector": [
        [
            47.45000076293945
        ],
        [
            -19.113292694091797
        ],
        [
            47.70901107788086
        ]
    ]
}