{
    "extrinsic_matrix": [
        [
            -0.4023561179637909,
            -0.31851840019226074,
            -0.8582863807678223,
            23.180261611938477
        ],
        [
            0.32281994819641113,
            0.8279380798339844,
            -0.4585905373096466,
            -5.331882476806641
        ],
        [
            0.8566778302192688,
            -0.4615887999534607,
            -0.23030170798301697,
            17.921201705932617
        ],
        [
            0.0,
            0.0,
            0.0,
            1.0
        ]
    ],
    "rotation_matrix": [
        [
            -0.4023561179637909,
            -0.31851840019226074,
            -0.8582863807678223
        ],
        [
            0.32281994819641113,
            0.8279380798339844,
            -0.4585905373096466
        ],
        [
            0.8566778302192688,
            -0.4615887999534607,
            -0.23030170798301697
        ]
    ],
    "rotation_euler_deg": [
        [
            -2.0335896015167236
        ],
        [
            -1.0287946462631226
        ],
        [
            2.4654362201690674
        ]
    ],
    "translation_vector": [
        [
            23.180261611938477
        ],
        [
            -5.331882476806641
        ],
        [
            17.921201705932617
        ]
    ]
}