{
    "extrinsic_matrix": [
        [
            0.6518268585205078,
            -0.5280288457870483,
            -0.5357571840286255,
            28.95173454284668
        ],
        [
            0.31266218423843384,
            -0.45973917841911316,
            0.8286519646644592,
            -11.358818054199219
        ],
        [
            -0.6834155917167664,
            -0.7128627896308899,
            -0.13235077261924744,
            26.069910049438477
        ],
        [
            0.0,
            0.0,
            0.0,
            1.0
        ]
    ],
    "rotation_matrix": [
        [
            0.6518268585205078,
            -0.5280288457870483,
            -0.5357571840286255
        ],
        [
            0.31266218423843384,
            -0.45973917841911316,
            0.8286519646644592
        ],
        [
            -0.6834155917167664,
            -0.7128627896308899,
            -0.13235077261924744
        ]
    ],
    "rotation_euler_deg": [
        [
            -1.7543671131134033
        ],
        [
            0.7573044896125793
        ],
        [
            0.44725221395492554
        ]
    ],
    "translation_vector": [
        [
            28.95173454284668
        ],
        [
            -11.358818054199219
        ],
        [
            26.069910049438477
        ]
    ]
}