{
    "extrinsic_matrix": [
        [
            0.727727472782135,
            -0.49053192138671875,
            -0.46307626366615295,
            29.09878158569336
        ],
        [
            0.24149323999881744,
            -0.4555346965789795,
            0.8527514934539795,
            -11.594932556152344
        ],
        [
            -0.6285119652748108,
            -0.7410341501235962,
            -0.20936092734336853,
            26.367267608642578
        ],
        [
            0.0,
            0.0,
            0.0,
            1.0
        ]
    ],
    "rotation_matrix": [
        [
            0.727727472782135,
            -0.49053192138671875,
            -0.46307626366615295
        ],
        [
            0.24149323999881744,
            -0.4555346965789795,
            0.8527514934539795
        ],
        [
            -0.6285119652748108,
            -0.7410341501235962,
            -0.20936092734336853
        ]
    ],
    "rotation_euler_deg": [
        [
            -1.8461452722549438
        ],
        [
            0.6866434216499329
        ],
        [
            0.3204110860824585
        ]
    ],
    "translation_vector": [
        [
            29.09878158569336
        ],
        [
            -11.594932556152344
        ],
        [
            26.367267608642578
        ]
    ]
}