{
    "extrinsic_matrix": [
        [
            -0.763690710067749,
            -0.05529290437698364,
            0.06536805629730225,
            45.10466384887695
        ],
        [
            0.05950510501861572,
            0.06164495646953583,
            -0.8865340352058411,
            -19.19829750061035
        ],
        [
            0.14596909284591675,
            -0.7818143367767334,
            -0.2701214849948883,
            57.913978576660156
        ],
        [
            0.0,
            0.0,
            0.0,
            1.0
        ]
    ],
    "rotation_matrix": [
        [
            -0.763690710067749,
            -0.05529290437698364,
            0.06536805629730225
        ],
        [
            0.05950510501861572,
            0.06164495646953583,
            -0.8865340352058411
        ],
        [
            0.14596909284591675,
            -0.7818143367767334,
            -0.2701214849948883
        ]
    ],
    "rotation_euler_deg": [
        [
            -1.9034619331359863
        ],
        [
            -0.1883012354373932
        ],
        [
            3.0638320446014404
        ]
    ],
    "translation_vector": [
        [
            45.10466384887695
        ],
        [
            -19.19829750061035
        ],
        [
            57.913978576660156
        ]
    ]
}