{
    "extrinsic_matrix": [
        [
            0.05347220227122307,
            -0.337856650352478,
            0.9395766854286194,
            47.0257453918457
        ],
        [
            -0.13021285831928253,
            0.9305452704429626,
            0.3419530987739563,
            -20.04989242553711
        ],
        [
            -0.9899963736534119,
            -0.1405361443758011,
            0.005706689786165953,
            59.35334014892578
        ],
        [
            0.0,
            0.0,
            0.0,
            1.0
        ]
    ],
    "rotation_matrix": [
        [
            0.05347220227122307,
            -0.337856650352478,
            0.9395766854286194
        ],
        [
            -0.13021285831928253,
            0.9305452704429626,
            0.3419530987739563
        ],
        [
            -0.9899963736534119,
            -0.1405361443758011,
            0.005706689786165953
        ]
    ],
    "rotation_euler_deg": [
        [
            -1.5302120447158813
        ],
        [
            1.429556131362915
        ],
        [
            -1.1811408996582031
        ]
    ],
    "translation_vector": [
        [
            47.0257453918457
        ],
        [
            -20.04989242553711
        ],
        [
            59.35334014892578
        ]
    ]
}