{
    "extrinsic_matrix": [
        [
            -0.37842845916748047,
            -0.8879013061523438,
            0.2615770101547241,
            43.397335052490234
        ],
        [
            -0.27124160528182983,
            0.37656110525131226,
            0.8857930302619934,
            -11.335051536560059
        ],
        [
            -0.884996771812439,
            0.26425886154174805,
            -0.38333770632743835,
            27.33138656616211
        ],
        [
            0.0,
            0.0,
            0.0,
            1.0
        ]
    ],
    "rotation_matrix": [
        [
            -0.37842845916748047,
            -0.8879013061523438,
            0.2615770101547241
        ],
        [
            -0.27124160528182983,
            0.37656110525131226,
            0.8857930302619934
        ],
        [
            -0.884996771812439,
            0.26425886154174805,
            -0.38333770632743835
        ]
    ],
    "rotation_euler_deg": [
        [
            2.538041353225708
        ],
        [
            1.0864876508712769
        ],
        [
            -2.5197081565856934
        ]
    ],
    "translation_vector": [
        [
            43.397335052490234
        ],
        [
            -11.335051536560059
        ],
        [
            27.33138656616211
        ]
    ]
}