{
    "extrinsic_matrix": [
        [
            0.91107177734375,
            0.27140337228775024,
            0.31030377745628357,
            23.9193172454834
        ],
        [
            0.35789158940315247,
            -0.8942941427230835,
            -0.2686094641685486,
            -4.339653015136719
        ],
        [
            0.20460118353366852,
            0.35577771067619324,
            -0.9118994474411011,
            17.194381713867188
        ],
        [
            0.0,
            0.0,
            0.0,
            1.0
        ]
    ],
    "rotation_matrix": [
        [
            0.91107177734375,
            0.27140337228775024,
            0.31030377745628357
        ],
        [
            0.35789158940315247,
            -0.8942941427230835,
            -0.2686094641685486
        ],
        [
            0.20460118353366852,
            0.35577771067619324,
            -0.9118994474411011
        ]
    ],
    "rotation_euler_deg": [
        [
            2.769606351852417
        ],
        [
            -0.20605626702308655
        ],
        [
            0.3743056058883667
        ]
    ],
    "translation_vector": [
        [
            23.9193172454834
        ],
        [
            -4.339653015136719
        ],
        [
            17.194381713867188
        ]
    ]
}