{
    "extrinsic_matrix": [
        [
            -0.23704791069030762,
            -0.9649714231491089,
            -0.047923170030117035,
            22.875732421875
        ],
        [
            -0.20163291692733765,
            0.0990096926689148,
            -0.9733588695526123,
            -2.0512938499450684
        ],
        [
            0.9451777338981628,
            -0.22058787941932678,
            -0.22240519523620605,
            13.67866325378418
        ],
        [
            0.0,
            0.0,
            0.0,
            1.0
        ]
    ],
    "rotation_matrix": [
        [
            -0.23704791069030762,
            -0.9649714231491089,
            -0.047923170030117035
        ],
        [
            -0.20163291692733765,
            0.0990096926689148,
            -0.9733588695526123
        ],
        [
            0.9451777338981628,
            -0.22058787941932678,
            -0.22240519523620605
        ]
    ],
    "rotation_euler_deg": [
        [
            -2.3602967262268066
        ],
        [
            -1.2527217864990234
        ],
        [
            -2.4367504119873047
        ]
    ],
    "translation_vector": [
        [
            22.875732421875
        ],
        [
            -2.0512938499450684
        ],
        [
            13.67866325378418
        ]
    ]
}