{
    "extrinsic_matrix": [
        [
            -0.7410363554954529,
            0.053955912590026855,
            0.0230235755443573,
            44.6602668762207
        ],
        [
            0.13704335689544678,
            0.0880623608827591,
            -0.8646236658096313,
            -19.307954788208008
        ],
        [
            0.061666667461395264,
            -0.75630784034729,
            -0.3199790418148041,
            57.88272476196289
        ],
        [
            0.0,
            0.0,
            0.0,
            1.0
        ]
    ],
    "rotation_matrix": [
        [
            -0.7410363554954529,
            0.053955912590026855,
            0.0230235755443573
        ],
        [
            0.13704335689544678,
            0.0880623608827591,
            -0.8646236658096313
        ],
        [
            0.061666667461395264,
            -0.75630784034729,
            -0.3199790418148041
        ]
    ],
    "rotation_euler_deg": [
        [
            -1.9710400104522705
        ],
        [
            -0.08164732903242111
        ],
        [
            2.958724021911621
        ]
    ],
    "translation_vector": [
        [
            44.6602668762207
        ],
        [
            -19.307954788208008
        ],
        [
            57.88272476196289
        ]
    ]
}