{
    "extrinsic_matrix": [
        [
            -0.5268453359603882,
            0.05779355764389038,
            -0.8479937314987183,
            48.7175407409668
        ],
        [
            0.7350960969924927,
            0.5318363904953003,
            -0.4204566478729248,
            -18.591787338256836
        ],
        [
            0.42669442296028137,
            -0.8448730111122131,
            -0.32267895340919495,
            57.01752853393555
        ],
        [
            0.0,
            0.0,
            0.0,
            1.0
        ]
    ],
    "rotation_matrix": [
        [
            -0.5268453359603882,
            0.05779355764389038,
            -0.8479937314987183
        ],
        [
            0.7350960969924927,
            0.5318363904953003,
            -0.4204566478729248
        ],
        [
            0.42669442296028137,
            -0.8448730111122131,
            -0.32267895340919495
        ]
    ],
    "rotation_euler_deg": [
        [
            -1.9356251955032349
        ],
        [
            -0.44083449244499207
        ],
        [
            2.1926443576812744
        ]
    ],
    "translation_vector": [
        [
            48.7175407409668
        ],
        [
            -18.591787338256836
        ],
        [
            57.01752853393555
        ]
    ]
}