{
    "extrinsic_matrix": [
        [
            0.9108591675758362,
            0.2716147005558014,
            0.31074273586273193,
            23.8384952545166
        ],
        [
            0.3589089810848236,
            -0.8930211663246155,
            -0.27147194743156433,
            -4.357159614562988
        ],
        [
            0.2037639021873474,
            0.3588011562824249,
            -0.9109017252922058,
            18.190956115722656
        ],
        [
            0.0,
            0.0,
            0.0,
            1.0
        ]
    ],
    "rotation_matrix": [
        [
            0.9108591675758362,
            0.2716147005558014,
            0.31074273586273193
        ],
        [
            0.3589089810848236,
            -0.8930211663246155,
            -0.27147194743156433
        ],
        [
            0.2037639021873474,
            0.3588011562824249,
            -0.9109017252922058
        ]
    ],
    "rotation_euler_deg": [
        [
            2.7663588523864746
        ],
        [
            -0.20520097017288208
        ],
        [
            0.37535223364830017
        ]
    ],
    "translation_vector": [
        [
            23.8384952545166
        ],
        [
            -4.357159614562988
        ],
        [
            18.190956115722656
        ]
    ]
}