{
    "extrinsic_matrix": [
        [
            -0.6842741370201111,
            -0.2883967161178589,
            0.6697726249694824,
            44.17234802246094
        ],
        [
            -0.40935471653938293,
            -0.6081894040107727,
            -0.6800984144210815,
            -17.11773681640625
        ],
        [
            0.6034872531890869,
            -0.7395484447479248,
            0.2981119453907013,
            39.501548767089844
        ],
        [
            0.0,
            0.0,
            0.0,
            1.0
        ]
    ],
    "rotation_matrix": [
        [
            -0.6842741370201111,
            -0.2883967161178589,
            0.6697726249694824
        ],
        [
            -0.40935471653938293,
            -0.6081894040107727,
            -0.6800984144210815
        ],
        [
            0.6034872531890869,
            -0.7395484447479248,
            0.2981119453907013
        ]
    ],
    "rotation_euler_deg": [
        [
            -1.1876204013824463
        ],
        [
            -0.6478676199913025
        ],
        [
            -2.6024742126464844
        ]
    ],
    "translation_vector": [
        [
            44.17234802246094
        ],
        [
            -17.11773681640625
        ],
        [
            39.501548767089844
        ]
    ]
}