{
    "extrinsic_matrix": [
        [
            0.9520110487937927,
            0.3008694648742676,
            0.05614016205072403,
            47.38896942138672
        ],
        [
            0.277821809053421,
            -0.9264655709266663,
            0.25392231345176697,
            -19.564577102661133
        ],
        [
            0.12840893864631653,
            -0.22613957524299622,
            -0.9655942916870117,
            51.4871940612793
        ],
        [
            0.0,
            0.0,
            0.0,
            1.0
        ]
    ],
    "rotation_matrix": [
        [
            0.9520110487937927,
            0.3008694648742676,
            0.05614016205072403
        ],
        [
            0.277821809053421,
            -0.9264655709266663,
            0.25392231345176697
        ],
        [
            0.12840893864631653,
            -0.22613957524299622,
            -0.9655942916870117
        ]
    ],
    "rotation_euler_deg": [
        [
            -2.91154146194458
        ],
        [
            -0.1287645399570465
        ],
        [
            0.2839411795139313
        ]
    ],
    "translation_vector": [
        [
            47.38896942138672
        ],
        [
            -19.564577102661133
        ],
        [
            51.4871940612793
        ]
    ]
}