{
    "extrinsic_matrix": [
        [
            -0.9307008385658264,
            0.044654086232185364,
            -0.11317950487136841,
            45.84996795654297
        ],
        [
            -0.10301710665225983,
            -0.9098197221755981,
            0.3995971083641052,
            -19.65883445739746
        ],
        [
            -0.08315819501876831,
            0.3942429721355438,
            0.8478783369064331,
            65.69341278076172
        ],
        [
            0.0,
            0.0,
            0.0,
            1.0
        ]
    ],
    "rotation_matrix": [
        [
            -0.9307008385658264,
            0.044654086232185364,
            -0.11317950487136841
        ],
        [
            -0.10301710665225983,
            -0.9098197221755981,
            0.3995971083641052
        ],
        [
            -0.08315819501876831,
            0.3942429721355438,
            0.8478783369064331
        ]
    ],
    "rotation_euler_deg": [
        [
            0.4352378249168396
        ],
        [
            0.0885753408074379
        ],
        [
            -3.031353712081909
        ]
    ],
    "translation_vector": [
        [
            45.84996795654297
        ],
        [
            -19.65883445739746
        ],
        [
            65.69341278076172
        ]
    ]
}