{
    "extrinsic_matrix": [
        [
            -0.7448120713233948,
            0.03574776649475098,
            0.030080974102020264,
            44.73433303833008
        ],
        [
            0.12412029504776001,
            0.08365947008132935,
            -0.8682754039764404,
            -19.2896785736084
        ],
        [
            0.07571709156036377,
            -0.7605589032173157,
            -0.3116694390773773,
            57.88793182373047
        ],
        [
            0.0,
            0.0,
            0.0,
            1.0
        ]
    ],
    "rotation_matrix": [
        [
            -0.7448120713233948,
            0.03574776649475098,
            0.030080974102020264
        ],
        [
            0.12412029504776001,
            0.08365947008132935,
            -0.8682754039764404
        ],
        [
            0.07571709156036377,
            -0.7605589032173157,
            -0.3116694390773773
        ]
    ],
    "rotation_euler_deg": [
        [
            -1.9597138166427612
        ],
        [
            -0.09994237869977951
        ],
        [
            2.976463556289673
        ]
    ],
    "translation_vector": [
        [
            44.73433303833008
        ],
        [
            -19.2896785736084
        ],
        [
            57.88793182373047
        ]
    ]
}