{
    "extrinsic_matrix": [
        [
            -0.6111905574798584,
            0.7891217470169067,
            0.037437617778778076,
            45.321067810058594
        ],
        [
            0.2869977355003357,
            0.2691385746002197,
            -0.9143573641777039,
            -19.619537353515625
        ],
        [
            -0.7309504747390747,
            -0.5517364144325256,
            -0.39057597517967224,
            58.19239807128906
        ],
        [
            0.0,
            0.0,
            0.0,
            1.0
        ]
    ],
    "rotation_matrix": [
        [
            -0.6111905574798584,
            0.7891217470169067,
            0.037437617778778076
        ],
        [
            0.2869977355003357,
            0.2691385746002197,
            -0.9143573641777039
        ],
        [
            -0.7309504747390747,
            -0.5517364144325256,
            -0.39057597517967224
        ]
    ],
    "rotation_euler_deg": [
        [
            -2.1868066787719727
        ],
        [
            0.8250104784965515
        ],
        [
            2.702582597732544
        ]
    ],
    "translation_vector": [
        [
            45.321067810058594
        ],
        [
            -19.619537353515625
        ],
        [
            58.19239807128906
        ]
    ]
}