{
    "extrinsic_matrix": [
        [
            0.9703008532524109,
            0.04295770078897476,
            -0.2380562722682953,
            15.105398178100586
        ],
        [
            -0.03149724751710892,
            0.998163640499115,
            0.05174029991030693,
            -0.28728368878364563
        ],
        [
            0.23984172940254211,
            -0.042705509811639786,
            0.9698722958564758,
            1.7725642919540405
        ],
        [
            0.0,
            0.0,
            0.0,
            1.0
        ]
    ],
    "rotation_matrix": [
        [
            0.9703008532524109,
            0.04295770078897476,
            -0.2380562722682953
        ],
        [
            -0.03149724751710892,
            0.998163640499115,
            0.05174029991030693
        ],
        [
            0.23984172940254211,
            -0.042705509811639786,
            0.9698722958564758
        ]
    ],
    "rotation_euler_deg": [
        [
            -0.044003672897815704
        ],
        [
            -0.24220283329486847
        ],
        [
            -0.03244992718100548
        ]
    ],
    "translation_vector": [
        [
            15.105398178100586
        ],
        [
            -0.28728368878364563
        ],
        [
            1.7725642919540405
        ]
    ]
}