{
    "extrinsic_matrix": [
        [
            0.06964661180973053,
            -0.30696776509284973,
            0.949166476726532,
            47.502281188964844
        ],
        [
            -0.11004370450973511,
            0.9433057904243469,
            0.3131442070007324,
            -19.474733352661133
        ],
        [
            -0.991481363773346,
            -0.12625765800476074,
            0.03191554918885231,
            59.50986862182617
        ],
        [
            0.0,
            0.0,
            0.0,
            1.0
        ]
    ],
    "rotation_matrix": [
        [
            0.06964661180973053,
            -0.30696776509284973,
            0.949166476726532
        ],
        [
            -0.11004370450973511,
            0.9433057904243469,
            0.3131442070007324
        ],
        [
            -0.991481363773346,
            -0.12625765800476074,
            0.03191554918885231
        ]
    ],
    "rotation_euler_deg": [
        [
            -1.3232018947601318
        ],
        [
            1.4401935338974
        ],
        [
            -1.006536602973938
        ]
    ],
    "translation_vector": [
        [
            47.502281188964844
        ],
        [
            -19.474733352661133
        ],
        [
            59.50986862182617
        ]
    ]
}