{
    "extrinsic_matrix": [
        [
            -0.2799737751483917,
            0.739377498626709,
            0.6123197078704834,
            38.75254440307617
        ],
        [
            0.34715911746025085,
            0.6726391911506653,
            -0.653480589389801,
            -11.812061309814453
        ],
        [
            -0.8950392007827759,
            0.02961450070142746,
            -0.44500285387039185,
            24.860673904418945
        ],
        [
            0.0,
            0.0,
            0.0,
            1.0
        ]
    ],
    "rotation_matrix": [
        [
            -0.2799737751483917,
            0.739377498626709,
            0.6123197078704834
        ],
        [
            0.34715911746025085,
            0.6726391911506653,
            -0.653480589389801
        ],
        [
            -0.8950392007827759,
            0.02961450070142746,
            -0.44500285387039185
        ]
    ],
    "rotation_euler_deg": [
        [
            3.075141668319702
        ],
        [
            1.108519196510315
        ],
        [
            2.2494704723358154
        ]
    ],
    "translation_vector": [
        [
            38.75254440307617
        ],
        [
            -11.812061309814453
        ],
        [
            24.860673904418945
        ]
    ]
}