{
    "extrinsic_matrix": [
        [
            0.9313347935676575,
            -0.005460022948682308,
            -0.3641231954097748,
            23.59379005432129
        ],
        [
            0.3591002821922302,
            -0.1523943841457367,
            0.9207727909088135,
            -3.0721073150634766
        ],
        [
            -0.06051802262663841,
            -0.988304853439331,
            -0.13996942341327667,
            12.910298347473145
        ],
        [
            0.0,
            0.0,
            0.0,
            1.0
        ]
    ],
    "rotation_matrix": [
        [
            0.9313347935676575,
            -0.005460022948682308,
            -0.3641231954097748
        ],
        [
            0.3591002821922302,
            -0.1523943841457367,
            0.9207727909088135
        ],
        [
            -0.06051802262663841,
            -0.988304853439331,
            -0.13996942341327667
        ]
    ],
    "rotation_euler_deg": [
        [
            -1.7114864587783813
        ],
        [
            0.060555025935173035
        ],
        [
            0.36801034212112427
        ]
    ],
    "translation_vector": [
        [
            23.59379005432129
        ],
        [
            -3.0721073150634766
        ],
        [
            12.910298347473145
        ]
    ]
}