{
    "extrinsic_matrix": [
        [
            0.06065133213996887,
            -0.3240261971950531,
            0.9438862800598145,
            47.32011413574219
        ],
        [
            -0.12150116264820099,
            0.9362306594848633,
            0.3290635645389557,
            -19.786348342895508
        ],
        [
            -0.9906360507011414,
            -0.13443922996520996,
            0.017289351671934128,
            59.29095458984375
        ],
        [
            0.0,
            0.0,
            0.0,
            1.0
        ]
    ],
    "rotation_matrix": [
        [
            0.06065133213996887,
            -0.3240261971950531,
            0.9438862800598145
        ],
        [
            -0.12150116264820099,
            0.9362306594848633,
            0.3290635645389557
        ],
        [
            -0.9906360507011414,
            -0.13443922996520996,
            0.017289351671934128
        ]
    ],
    "rotation_euler_deg": [
        [
            -1.4428949356079102
        ],
        [
            1.4345637559890747
        ],
        [
            -1.107802391052246
        ]
    ],
    "translation_vector": [
        [
            47.32011413574219
        ],
        [
            -19.786348342895508
        ],
        [
            59.29095458984375
        ]
    ]
}