{
    "extrinsic_matrix": [
        [
            -0.7357706427574158,
            0.190968856215477,
            0.4443075656890869,
            46.113929748535156
        ],
        [
            -0.06512057781219482,
            -0.9370988011360168,
            0.3375571668148041,
            -19.820297241210938
        ],
        [
            0.48454543948173523,
            0.2396007776260376,
            0.6953302025794983,
            64.57906341552734
        ],
        [
            0.0,
            0.0,
            0.0,
            1.0
        ]
    ],
    "rotation_matrix": [
        [
            -0.7357706427574158,
            0.190968856215477,
            0.4443075656890869
        ],
        [
            -0.06512057781219482,
            -0.9370988011360168,
            0.3375571668148041
        ],
        [
            0.48454543948173523,
            0.2396007776260376,
            0.6953302025794983
        ]
    ],
    "rotation_euler_deg": [
        [
            0.33184319734573364
        ],
        [
            -0.5805751085281372
        ],
        [
            -3.053316116333008
        ]
    ],
    "translation_vector": [
        [
            46.113929748535156
        ],
        [
            -19.820297241210938
        ],
        [
            64.57906341552734
        ]
    ]
}