{
    "extrinsic_matrix": [
        [
            -0.6644754409790039,
            -0.10467667132616043,
            0.7399418354034424,
            45.96730041503906
        ],
        [
            0.5245230793952942,
            0.6399449706077576,
            0.5615566968917847,
            -18.766897201538086
        ],
        [
            -0.5323042869567871,
            0.7612574696540833,
            -0.3703230321407318,
            46.771305084228516
        ],
        [
            0.0,
            0.0,
            0.0,
            1.0
        ]
    ],
    "rotation_matrix": [
        [
            -0.6644754409790039,
            -0.10467667132616043,
            0.7399418354034424
        ],
        [
            0.5245230793952942,
            0.6399449706077576,
            0.5615566968917847
        ],
        [
            -0.5323042869567871,
            0.7612574696540833,
            -0.3703230321407318
        ]
    ],
    "rotation_euler_deg": [
        [
            2.023555278778076
        ],
        [
            0.5613202452659607
        ],
        [
            2.4733614921569824
        ]
    ],
    "translation_vector": [
        [
            45.96730041503906
        ],
        [
            -18.766897201538086
        ],
        [
            46.771305084228516
        ]
    ]
}