{
    "extrinsic_matrix": [
        [
            0.9363350868225098,
            -0.022147182375192642,
            -0.3500444293022156,
            23.580270767211914
        ],
        [
            0.34437066316604614,
            -0.13286921381950378,
            0.9292053580284119,
            -2.796105146408081
        ],
        [
            -0.0672980546951294,
            -0.9907332062721252,
            -0.11685826629400253,
            11.474717140197754
        ],
        [
            0.0,
            0.0,
            0.0,
            1.0
        ]
    ],
    "rotation_matrix": [
        [
            0.9363350868225098,
            -0.022147182375192642,
            -0.3500444293022156
        ],
        [
            0.34437066316604614,
            -0.13286921381950378,
            0.9292053580284119
        ],
        [
            -0.0672980546951294,
            -0.9907332062721252,
            -0.11685826629400253
        ]
    ],
    "rotation_euler_deg": [
        [
            -1.6882051229476929
        ],
        [
            0.0673542320728302
        ],
        [
            0.3524308502674103
        ]
    ],
    "translation_vector": [
        [
            23.580270767211914
        ],
        [
            -2.796105146408081
        ],
        [
            11.474717140197754
        ]
    ]
}