{
    "extrinsic_matrix": [
        [
            0.9818196296691895,
            0.17798365652561188,
            0.06596976518630981,
            23.57909393310547
        ],
        [
            0.17804677784442902,
            -0.7430592775344849,
            -0.6451060175895691,
            -4.117983818054199
        ],
        [
            -0.06579914689064026,
            0.6451236009597778,
            -0.7612398862838745,
            15.225512504577637
        ],
        [
            0.0,
            0.0,
            0.0,
            1.0
        ]
    ],
    "rotation_matrix": [
        [
            0.9818196296691895,
            0.17798365652561188,
            0.06596976518630981
        ],
        [
            0.17804677784442902,
            -0.7430592775344849,
            -0.6451060175895691
        ],
        [
            -0.06579914689064026,
            0.6451236009597778,
            -0.7612398862838745
        ]
    ],
    "rotation_euler_deg": [
        [
            2.438572645187378
        ],
        [
            0.06584671884775162
        ],
        [
            0.17939414083957672
        ]
    ],
    "translation_vector": [
        [
            23.57909393310547
        ],
        [
            -4.117983818054199
        ],
        [
            15.225512504577637
        ]
    ]
}