{
    "extrinsic_matrix": [
        [
            -0.02245284616947174,
            -0.9880512952804565,
            0.00700363889336586,
            22.850780487060547
        ],
        [
            -0.18602411448955536,
            -0.00022619962692260742,
            -0.9801290035247803,
            -1.79984450340271
        ],
        [
            0.9710425138473511,
            -0.022228658199310303,
            -0.19358915090560913,
            9.794240951538086
        ],
        [
            0.0,
            0.0,
            0.0,
            1.0
        ]
    ],
    "rotation_matrix": [
        [
            -0.02245284616947174,
            -0.9880512952804565,
            0.00700363889336586
        ],
        [
            -0.18602411448955536,
            -0.00022619962692260742,
            -0.9801290035247803
        ],
        [
            0.9710425138473511,
            -0.022228658199310303,
            -0.19358915090560913
        ]
    ],
    "rotation_euler_deg": [
        [
            -3.0272693634033203
        ],
        [
            -1.3801772594451904
        ],
        [
            -1.6909139156341553
        ]
    ],
    "translation_vector": [
        [
            22.850780487060547
        ],
        [
            -1.79984450340271
        ],
        [
            9.794240951538086
        ]
    ]
}