{
    "extrinsic_matrix": [
        [
            0.306587815284729,
            -0.5079514980316162,
            0.804977536201477,
            29.82625389099121
        ],
        [
            -0.18076328933238983,
            0.7992430925369263,
            0.5731793642044067,
            -11.097918510437012
        ],
        [
            -0.9345203042030334,
            -0.32124030590057373,
            0.15321888029575348,
            24.46504783630371
        ],
        [
            0.0,
            0.0,
            0.0,
            1.0
        ]
    ],
    "rotation_matrix": [
        [
            0.306587815284729,
            -0.5079514980316162,
            0.804977536201477
        ],
        [
            -0.18076328933238983,
            0.7992430925369263,
            0.5731793642044067
        ],
        [
            -0.9345203042030334,
            -0.32124030590057373,
            0.15321888029575348
        ]
    ],
    "rotation_euler_deg": [
        [
            -1.1257497072219849
        ],
        [
            1.2069092988967896
        ],
        [
            -0.5327351689338684
        ]
    ],
    "translation_vector": [
        [
            29.82625389099121
        ],
        [
            -11.097918510437012
        ],
        [
            24.46504783630371
        ]
    ]
}