{
    "extrinsic_matrix": [
        [
            0.9521695375442505,
            0.3039850890636444,
            0.031070170924067497,
            46.80956268310547
        ],
        [
            0.28690028190612793,
            -0.9243610501289368,
            0.2514854073524475,
            -19.601470947265625
        ],
        [
            0.10516738146543503,
            -0.23054239153862,
            -0.9673625230789185,
            52.04864501953125
        ],
        [
            0.0,
            0.0,
            0.0,
            1.0
        ]
    ],
    "rotation_matrix": [
        [
            0.9521695375442505,
            0.3039850890636444,
            0.031070170924067497
        ],
        [
            0.28690028190612793,
            -0.9243610501289368,
            0.2514854073524475
        ],
        [
            0.10516738146543503,
            -0.23054239153862,
            -0.9673625230789185
        ]
    ],
    "rotation_euler_deg": [
        [
            -2.9076361656188965
        ],
        [
            -0.10536228120326996
        ],
        [
            0.2926602065563202
        ]
    ],
    "translation_vector": [
        [
            46.80956268310547
        ],
        [
            -19.601470947265625
        ],
        [
            52.04864501953125
        ]
    ]
}