{
    "extrinsic_matrix": [
        [
            0.7436136603355408,
            -0.4826837182044983,
            -0.44786399602890015,
            29.129560470581055
        ],
        [
            0.22659741342067719,
            -0.4546546936035156,
            0.8577955365180969,
            -11.644351959228516
        ],
        [
            -0.6170204877853394,
            -0.7469304800033569,
            -0.2254793345928192,
            26.42950439453125
        ],
        [
            0.0,
            0.0,
            0.0,
            1.0
        ]
    ],
    "rotation_matrix": [
        [
            0.7436136603355408,
            -0.4826837182044983,
            -0.44786399602890015
        ],
        [
            0.22659741342067719,
            -0.4546546936035156,
            0.8577955365180969
        ],
        [
            -0.6170204877853394,
            -0.7469304800033569,
            -0.2254793345928192
        ]
    ],
    "rotation_euler_deg": [
        [
            -1.8639720678329468
        ],
        [
            0.6709035038948059
        ],
        [
            0.29578569531440735
        ]
    ],
    "translation_vector": [
        [
            29.129560470581055
        ],
        [
            -11.644351959228516
        ],
        [
            26.42950439453125
        ]
    ]
}