{
    "extrinsic_matrix": [
        [
            -0.3553846478462219,
            -0.7021604776382446,
            -0.616986095905304,
            48.639869689941406
        ],
        [
            -0.5536837577819824,
            -0.37367144227027893,
            0.744179904460907,
            -18.869731903076172
        ],
        [
            -0.7530838847160339,
            0.6060861945152283,
            -0.2559777498245239,
            57.19930648803711
        ],
        [
            0.0,
            0.0,
            0.0,
            1.0
        ]
    ],
    "rotation_matrix": [
        [
            -0.3553846478462219,
            -0.7021604776382446,
            -0.616986095905304
        ],
        [
            -0.5536837577819824,
            -0.37367144227027893,
            0.744179904460907
        ],
        [
            -0.7530838847160339,
            0.6060861945152283,
            -0.2559777498245239
        ]
    ],
    "rotation_euler_deg": [
        [
            1.9704164266586304
        ],
        [
            0.852737307548523
        ],
        [
            -2.1414244174957275
        ]
    ],
    "translation_vector": [
        [
            48.639869689941406
        ],
        [
            -18.869731903076172
        ],
        [
            57.19930648803711
        ]
    ]
}