{
    "extrinsic_matrix": [
        [
            -0.31687867641448975,
            -0.9477902054786682,
            0.03579993173480034,
            21.429962158203125
        ],
        [
            0.1340712159872055,
            -0.08212680369615555,
            -0.9875625371932983,
            -1.3520243167877197
        ],
        [
            0.9389427304267883,
            -0.3081376552581787,
            0.15309566259384155,
            8.963523864746094
        ],
        [
            0.0,
            0.0,
            0.0,
            1.0
        ]
    ],
    "rotation_matrix": [
        [
            -0.31687867641448975,
            -0.9477902054786682,
            0.03579993173480034
        ],
        [
            0.1340712159872055,
            -0.08212680369615555,
            -0.9875625371932983
        ],
        [
            0.9389427304267883,
            -0.3081376552581787,
            0.15309566259384155
        ]
    ],
    "rotation_euler_deg": [
        [
            -1.1096785068511963
        ],
        [
            -1.219543695449829
        ],
        [
            2.741332769393921
        ]
    ],
    "translation_vector": [
        [
            21.429962158203125
        ],
        [
            -1.3520243167877197
        ],
        [
            8.963523864746094
        ]
    ]
}