{
    "extrinsic_matrix": [
        [
            -0.979066789150238,
            -0.027971429750323296,
            -0.20160581171512604,
            46.97489547729492
        ],
        [
            -0.16377423703670502,
            -0.4798596501350403,
            0.8619239330291748,
            -18.726682662963867
        ],
        [
            -0.12085127830505371,
            0.8768996596336365,
            0.4652336537837982,
            54.23152542114258
        ],
        [
            0.0,
            0.0,
            0.0,
            1.0
        ]
    ],
    "rotation_matrix": [
        [
            -0.979066789150238,
            -0.027971429750323296,
            -0.20160581171512604
        ],
        [
            -0.16377423703670502,
            -0.4798596501350403,
            0.8619239330291748
        ],
        [
            -0.12085127830505371,
            0.8768996596336365,
            0.4652336537837982
        ]
    ],
    "rotation_euler_deg": [
        [
            1.0830132961273193
        ],
        [
            0.12114747613668442
        ],
        [
            -2.97585129737854
        ]
    ],
    "translation_vector": [
        [
            46.97489547729492
        ],
        [
            -18.726682662963867
        ],
        [
            54.23152542114258
        ]
    ]
}