{
    "extrinsic_matrix": [
        [
            -0.20525604486465454,
            -0.968390703201294,
            -0.03978586196899414,
            22.87203598022461
        ],
        [
            -0.19932051002979279,
            0.08430808037519455,
            -0.9743618369102478,
            -2.0140421390533447
        ],
        [
            0.9490095376968384,
            -0.1912013292312622,
            -0.21813614666461945,
            13.103193283081055
        ],
        [
            0.0,
            0.0,
            0.0,
            1.0
        ]
    ],
    "rotation_matrix": [
        [
            -0.20525604486465454,
            -0.968390703201294,
            -0.03978586196899414
        ],
        [
            -0.19932051002979279,
            0.08430808037519455,
            -0.9743618369102478
        ],
        [
            0.9490095376968384,
            -0.1912013292312622,
            -0.21813614666461945
        ]
    ],
    "rotation_euler_deg": [
        [
            -2.421900749206543
        ],
        [
            -1.277980089187622
        ],
        [
            -2.3708643913269043
        ]
    ],
    "translation_vector": [
        [
            22.87203598022461
        ],
        [
            -2.0140421390533447
        ],
        [
            13.103193283081055
        ]
    ]
}