{
    "extrinsic_matrix": [
        [
            0.6818341016769409,
            -0.5132044553756714,
            -0.5070228576660156,
            29.009870529174805
        ],
        [
            0.28452563285827637,
            -0.45807695388793945,
            0.8381797075271606,
            -11.452165603637695
        ],
        [
            -0.6617095470428467,
            -0.7240003347396851,
            -0.16279664635658264,
            26.187469482421875
        ],
        [
            0.0,
            0.0,
            0.0,
            1.0
        ]
    ],
    "rotation_matrix": [
        [
            0.6818341016769409,
            -0.5132044553756714,
            -0.5070228576660156
        ],
        [
            0.28452563285827637,
            -0.45807695388793945,
            0.8381797075271606
        ],
        [
            -0.6617095470428467,
            -0.7240003347396851,
            -0.16279664635658264
        ]
    ],
    "rotation_euler_deg": [
        [
            -1.7919747829437256
        ],
        [
            0.7303966879844666
        ],
        [
            0.39532598853111267
        ]
    ],
    "translation_vector": [
        [
            29.009870529174805
        ],
        [
            -11.452165603637695
        ],
        [
            26.187469482421875
        ]
    ]
}