{
    "extrinsic_matrix": [
        [
            -0.4253251552581787,
            0.012560698203742504,
            0.9049534201622009,
            24.24445915222168
        ],
        [
            -0.4308064877986908,
            0.8765461444854736,
            -0.21464422345161438,
            -7.98592472076416
        ],
        [
            -0.7959293723106384,
            -0.481153666973114,
            -0.3674061894416809,
            19.474031448364258
        ],
        [
            0.0,
            0.0,
            0.0,
            1.0
        ]
    ],
    "rotation_matrix": [
        [
            -0.4253251552581787,
            0.012560698203742504,
            0.9049534201622009
        ],
        [
            -0.4308064877986908,
            0.8765461444854736,
            -0.21464422345161438
        ],
        [
            -0.7959293723106384,
            -0.481153666973114,
            -0.3674061894416809
        ]
    ],
    "rotation_euler_deg": [
        [
            -2.2229411602020264
        ],
        [
            0.9205416440963745
        ],
        [
            -2.349792242050171
        ]
    ],
    "translation_vector": [
        [
            24.24445915222168
        ],
        [
            -7.98592472076416
        ],
        [
            19.474031448364258
        ]
    ]
}