{
    "extrinsic_matrix": [
        [
            0.27752166986465454,
            0.9312952160835266,
            0.235947385430336,
            22.551433563232422
        ],
        [
            0.07974866777658463,
            0.2224155217409134,
            -0.9716848134994507,
            -1.7864265441894531
        ],
        [
            -0.9574040770530701,
            0.28847992420196533,
            -0.012544467113912106,
            11.304041862487793
        ],
        [
            0.0,
            0.0,
            0.0,
            1.0
        ]
    ],
    "rotation_matrix": [
        [
            0.27752166986465454,
            0.9312952160835266,
            0.235947385430336
        ],
        [
            0.07974866777658463,
            0.2224155217409134,
            -0.9716848134994507
        ],
        [
            -0.9574040770530701,
            0.28847992420196533,
            -0.012544467113912106
        ]
    ],
    "rotation_euler_deg": [
        [
            1.6142536401748657
        ],
        [
            1.2778726816177368
        ],
        [
            0.27982065081596375
        ]
    ],
    "translation_vector": [
        [
            22.551433563232422
        ],
        [
            -1.7864265441894531
        ],
        [
            11.304041862487793
        ]
    ]
}