{
    "extrinsic_matrix": [
        [
            -0.7787935733795166,
            -0.12812548875808716,
            0.09359773993492126,
            45.40092849731445
        ],
        [
            0.007812917232513428,
            0.044033363461494446,
            -0.9011409878730774,
            -19.125192642211914
        ],
        [
            0.20217067003250122,
            -0.7988187074661255,
            -0.23688310384750366,
            57.934818267822266
        ],
        [
            0.0,
            0.0,
            0.0,
            1.0
        ]
    ],
    "rotation_matrix": [
        [
            -0.7787935733795166,
            -0.12812548875808716,
            0.09359773993492126
        ],
        [
            0.007812917232513428,
            0.044033363461494446,
            -0.9011409878730774
        ],
        [
            0.20217067003250122,
            -0.7988187074661255,
            -0.23688310384750366
        ]
    ],
    "rotation_euler_deg": [
        [
            -1.8590774536132812
        ],
        [
            -0.25397613644599915
        ],
        [
            3.131560802459717
        ]
    ],
    "translation_vector": [
        [
            45.40092849731445
        ],
        [
            -19.125192642211914
        ],
        [
            57.934818267822266
        ]
    ]
}