{
    "extrinsic_matrix": [
        [
            -0.6845669150352478,
            0.2803715169429779,
            0.6728740930557251,
            45.49271774291992
        ],
        [
            -0.10414084792137146,
            -0.9512212872505188,
            0.2904009521007538,
            -19.025371551513672
        ],
        [
            0.7214729189872742,
            0.12872536480426788,
            0.6803722381591797,
            64.12580871582031
        ],
        [
            0.0,
            0.0,
            0.0,
            1.0
        ]
    ],
    "rotation_matrix": [
        [
            -0.6845669150352478,
            0.2803715169429779,
            0.6728740930557251
        ],
        [
            -0.10414084792137146,
            -0.9512212872505188,
            0.2904009521007538
        ],
        [
            0.7214729189872742,
            0.12872536480426788,
            0.6803722381591797
        ]
    ],
    "rotation_euler_deg": [
        [
            0.1869882047176361
        ],
        [
            -0.8059269189834595
        ],
        [
            -2.9906234741210938
        ]
    ],
    "translation_vector": [
        [
            45.49271774291992
        ],
        [
            -19.025371551513672
        ],
        [
            64.12580871582031
        ]
    ]
}