{
    "extrinsic_matrix": [
        [
            0.6606525182723999,
            -0.5236687064170837,
            -0.5273059010505676,
            28.968833923339844
        ],
        [
            0.3043867349624634,
            -0.4592503011226654,
            0.8314542770385742,
            -11.386273384094238
        ],
        [
            -0.6770314574241638,
            -0.7161385416984558,
            -0.14130544662475586,
            26.1044864654541
        ],
        [
            0.0,
            0.0,
            0.0,
            1.0
        ]
    ],
    "rotation_matrix": [
        [
            0.6606525182723999,
            -0.5236687064170837,
            -0.5273059010505676
        ],
        [
            0.3043867349624634,
            -0.4592503011226654,
            0.8314542770385742
        ],
        [
            -0.6770314574241638,
            -0.7161385416984558,
            -0.14130544662475586
        ]
    ],
    "rotation_euler_deg": [
        [
            -1.765609622001648
        ],
        [
            0.7495484352111816
        ],
        [
            0.4317464530467987
        ]
    ],
    "translation_vector": [
        [
            28.968833923339844
        ],
        [
            -11.386273384094238
        ],
        [
            26.1044864654541
        ]
    ]
}