{
    "extrinsic_matrix": [
        [
            -0.1098804622888565,
            -0.9786484241485596,
            -0.015373948961496353,
            22.860946655273438
        ],
        [
            -0.19238325953483582,
            0.04020323604345322,
            -0.9773707985877991,
            -1.9022868871688843
        ],
        [
            0.9605050086975098,
            -0.10304167866706848,
            -0.2053290158510208,
            11.37678337097168
        ],
        [
            0.0,
            0.0,
            0.0,
            1.0
        ]
    ],
    "rotation_matrix": [
        [
            -0.1098804622888565,
            -0.9786484241485596,
            -0.015373948961496353
        ],
        [
            -0.19238325953483582,
            0.04020323604345322,
            -0.9773707985877991
        ],
        [
            0.9605050086975098,
            -0.10304167866706848,
            -0.2053290158510208
        ]
    ],
    "rotation_euler_deg": [
        [
            -2.67647647857666
        ],
        [
            -1.3440998792648315
        ],
        [
            -2.089735507965088
        ]
    ],
    "translation_vector": [
        [
            22.860946655273438
        ],
        [
            -1.9022868871688843
        ],
        [
            11.37678337097168
        ]
    ]
}