{
    "extrinsic_matrix": [
        [
            0.35906413197517395,
            0.933309018611908,
            -0.002659957855939865,
            19.860136032104492
        ],
        [
            -0.2813751995563507,
            0.11096759885549545,
            0.9531599879264832,
            -1.2346891164779663
        ],
        [
            0.8898881673812866,
            -0.3414974808692932,
            0.3024546205997467,
            5.04149055480957
        ],
        [
            0.0,
            0.0,
            0.0,
            1.0
        ]
    ],
    "rotation_matrix": [
        [
            0.35906413197517395,
            0.933309018611908,
            -0.002659957855939865
        ],
        [
            -0.2813751995563507,
            0.11096759885549545,
            0.9531599879264832
        ],
        [
            0.8898881673812866,
            -0.3414974808692932,
            0.3024546205997467
        ]
    ],
    "rotation_euler_deg": [
        [
            -0.8459541201591492
        ],
        [
            -1.0970999002456665
        ],
        [
            -0.6646822690963745
        ]
    ],
    "translation_vector": [
        [
            19.860136032104492
        ],
        [
            -1.2346891164779663
        ],
        [
            5.04149055480957
        ]
    ]
}