{
    "extrinsic_matrix": [
        [
            0.6288802027702332,
            -0.5393651127815247,
            -0.557730495929718,
            28.90727996826172
        ],
        [
            0.3341783583164215,
            -0.46101030707359314,
            0.8213660717010498,
            -11.287434577941895
        ],
        [
            -0.7000143527984619,
            -0.7043458819389343,
            -0.10906863212585449,
            25.980010986328125
        ],
        [
            0.0,
            0.0,
            0.0,
            1.0
        ]
    ],
    "rotation_matrix": [
        [
            0.6288802027702332,
            -0.5393651127815247,
            -0.557730495929718
        ],
        [
            0.3341783583164215,
            -0.46101030707359314,
            0.8213660717010498
        ],
        [
            -0.7000143527984619,
            -0.7043458819389343,
            -0.10906863212585449
        ]
    ],
    "rotation_euler_deg": [
        [
            -1.7244271039962769
        ],
        [
            0.7768008708953857
        ],
        [
            0.48844027519226074
        ]
    ],
    "translation_vector": [
        [
            28.90727996826172
        ],
        [
            -11.287434577941895
        ],
        [
            25.980010986328125
        ]
    ]
}