{
    "extrinsic_matrix": [
        [
            0.7806813716888428,
            -0.4643712639808655,
            -0.41236865520477295,
            29.201374053955078
        ],
        [
            0.1918404996395111,
            -0.4526013135910034,
            0.8695650696754456,
            -11.759663581848145
        ],
        [
            -0.5902070999145508,
            -0.7606886029243469,
            -0.2630889415740967,
            26.574724197387695
        ],
        [
            0.0,
            0.0,
            0.0,
            1.0
        ]
    ],
    "rotation_matrix": [
        [
            0.7806813716888428,
            -0.4643712639808655,
            -0.41236865520477295
        ],
        [
            0.1918404996395111,
            -0.4526013135910034,
            0.8695650696754456
        ],
        [
            -0.5902070999145508,
            -0.7606886029243469,
            -0.2630889415740967
        ]
    ],
    "rotation_euler_deg": [
        [
            -1.9037748575210571
        ],
        [
            0.6332949995994568
        ],
        [
            0.2409602552652359
        ]
    ],
    "translation_vector": [
        [
            29.201374053955078
        ],
        [
            -11.759663581848145
        ],
        [
            26.574724197387695
        ]
    ]
}