{
    "extrinsic_matrix": [
        [
            -0.45641428232192993,
            0.7870038747787476,
            0.3231143355369568,
            46.56526565551758
        ],
        [
            -0.10863542556762695,
            0.3257678747177124,
            -0.9013135433197021,
            -19.544130325317383
        ],
        [
            -0.8439544439315796,
            -0.5056152939796448,
            -0.05065581202507019,
            57.81864929199219
        ],
        [
            0.0,
            0.0,
            0.0,
            1.0
        ]
    ],
    "rotation_matrix": [
        [
            -0.45641428232192993,
            0.7870038747787476,
            0.3231143355369568
        ],
        [
            -0.10863542556762695,
            0.3257678747177124,
            -0.9013135433197021
        ],
        [
            -0.8439544439315796,
            -0.5056152939796448,
            -0.05065581202507019
        ]
    ],
    "rotation_euler_deg": [
        [
            -1.6706496477127075
        ],
        [
            1.063425064086914
        ],
        [
            -2.907921314239502
        ]
    ],
    "translation_vector": [
        [
            46.56526565551758
        ],
        [
            -19.544130325317383
        ],
        [
            57.81864929199219
        ]
    ]
}