{
    "extrinsic_matrix": [
        [
            0.9689825773239136,
            -0.18826782703399658,
            -0.16008467972278595,
            49.1588249206543
        ],
        [
            0.14200419187545776,
            0.9543409943580627,
            -0.26280802488327026,
            -19.360252380371094
        ],
        [
            0.2022532820701599,
            0.2319234311580658,
            0.9514755010604858,
            54.026737213134766
        ],
        [
            0.0,
            0.0,
            0.0,
            1.0
        ]
    ],
    "rotation_matrix": [
        [
            0.9689825773239136,
            -0.18826782703399658,
            -0.16008467972278595
        ],
        [
            0.14200419187545776,
            0.9543409943580627,
            -0.26280802488327026
        ],
        [
            0.2022532820701599,
            0.2319234311580658,
            0.9514755010604858
        ]
    ],
    "rotation_euler_deg": [
        [
            0.2390889823436737
        ],
        [
            -0.203658327460289
        ],
        [
            0.14551396667957306
        ]
    ],
    "translation_vector": [
        [
            49.1588249206543
        ],
        [
            -19.360252380371094
        ],
        [
            54.026737213134766
        ]
    ]
}