{
    "extrinsic_matrix": [
        [
            0.9711966514587402,
            -0.04348167032003403,
            0.2342785894870758,
            8.59575366973877
        ],
        [
            -0.03240111842751503,
            -0.9981757998466492,
            -0.050941865891218185,
            -0.9640212059020996
        ],
        [
            0.23606625199317932,
            0.04188365861773491,
            -0.970833957195282,
            1.9371508359909058
        ],
        [
            0.0,
            0.0,
            0.0,
            1.0
        ]
    ],
    "rotation_matrix": [
        [
            0.9711966514587402,
            -0.04348167032003403,
            0.2342785894870758
        ],
        [
            -0.03240111842751503,
            -0.9981757998466492,
            -0.050941865891218185
        ],
        [
            0.23606625199317932,
            0.04188365861773491,
            -0.970833957195282
        ]
    ],
    "rotation_euler_deg": [
        [
            3.098477363586426
        ],
        [
            -0.23831568658351898
        ],
        [
            -0.03334968909621239
        ]
    ],
    "translation_vector": [
        [
            8.59575366973877
        ],
        [
            -0.9640212059020996
        ],
        [
            1.9371508359909058
        ]
    ]
}