{
    "extrinsic_matrix": [
        [
            0.9954060316085815,
            0.08262839913368225,
            -0.048368409276008606,
            2.99839448928833
        ],
        [
            -0.07954192161560059,
            0.9948644042015076,
            0.06259496510028839,
            -0.010295987129211426
        ],
        [
            0.05329209566116333,
            -0.058460086584091187,
            0.9968663454055786,
            0.05569946765899658
        ],
        [
            0.0,
            0.0,
            0.0,
            1.0
        ]
    ],
    "rotation_matrix": [
        [
            0.9954060316085815,
            0.08262839913368225,
            -0.048368409276008606
        ],
        [
            -0.07954192161560059,
            0.9948644042015076,
            0.06259496510028839
        ],
        [
            0.05329209566116333,
            -0.058460086584091187,
            0.9968663454055786
        ]
    ],
    "rotation_euler_deg": [
        [
            -0.05857676640152931
        ],
        [
            -0.0533173494040966
        ],
        [
            -0.07973958551883698
        ]
    ],
    "translation_vector": [
        [
            2.99839448928833
        ],
        [
            -0.010295987129211426
        ],
        [
            0.05569946765899658
        ]
    ]
}