{
    "extrinsic_matrix": [
        [
            0.03399929404258728,
            -0.6901708841323853,
            -0.3124411702156067,
            30.289512634277344
        ],
        [
            0.08307331055402756,
            0.32135283946990967,
            -0.7037157416343689,
            -9.663202285766602
        ],
        [
            0.9528937935829163,
            -0.057665906846523285,
            0.2415369749069214,
            23.31705093383789
        ],
        [
            0.0,
            0.0,
            0.0,
            1.0
        ]
    ],
    "rotation_matrix": [
        [
            0.03399929404258728,
            -0.6901708841323853,
            -0.3124411702156067
        ],
        [
            0.08307331055402756,
            0.32135283946990967,
            -0.7037157416343689
        ],
        [
            0.9528937935829163,
            -0.057665906846523285,
            0.2415369749069214
        ]
    ],
    "rotation_euler_deg": [
        [
            -0.23435862362384796
        ],
        [
            -1.476874589920044
        ],
        [
            1.1823254823684692
        ]
    ],
    "translation_vector": [
        [
            30.289512634277344
        ],
        [
            -9.663202285766602
        ],
        [
            23.31705093383789
        ]
    ]
}