{
    "extrinsic_matrix": [
        [
            -0.6718406677246094,
            0.2748713195323944,
            0.6878048181533813,
            45.80010986328125
        ],
        [
            -0.0894019827246666,
            -0.9518974423408508,
            0.2930842638015747,
            -19.472110748291016
        ],
        [
            0.7352806329727173,
            0.1354149729013443,
            0.6640969514846802,
            65.4229507446289
        ],
        [
            0.0,
            0.0,
            0.0,
            1.0
        ]
    ],
    "rotation_matrix": [
        [
            -0.6718406677246094,
            0.2748713195323944,
            0.6878048181533813
        ],
        [
            -0.0894019827246666,
            -0.9518974423408508,
            0.2930842638015747
        ],
        [
            0.7352806329727173,
            0.1354149729013443,
            0.6640969514846802
        ]
    ],
    "rotation_euler_deg": [
        [
            0.2011508345603943
        ],
        [
            -0.8260805606842041
        ],
        [
            -3.0092997550964355
        ]
    ],
    "translation_vector": [
        [
            45.80010986328125
        ],
        [
            -19.472110748291016
        ],
        [
            65.4229507446289
        ]
    ]
}