{
    "extrinsic_matrix": [
        [
            -0.3176347613334656,
            0.7481369972229004,
            0.5825793743133545,
            41.69474411010742
        ],
        [
            0.48352962732315063,
            0.656308114528656,
            -0.5791876912117004,
            -11.439568519592285
        ],
        [
            -0.8156635761260986,
            0.09772385656833649,
            -0.5702126622200012,
            26.497610092163086
        ],
        [
            0.0,
            0.0,
            0.0,
            1.0
        ]
    ],
    "rotation_matrix": [
        [
            -0.3176347613334656,
            0.7481369972229004,
            0.5825793743133545
        ],
        [
            0.48352962732315063,
            0.656308114528656,
            -0.5791876912117004
        ],
        [
            -0.8156635761260986,
            0.09772385656833649,
            -0.5702126622200012
        ]
    ],
    "rotation_euler_deg": [
        [
            2.97186017036438
        ],
        [
            0.9538754224777222
        ],
        [
            2.152012825012207
        ]
    ],
    "translation_vector": [
        [
            41.69474411010742
        ],
        [
            -11.439568519592285
        ],
        [
            26.497610092163086
        ]
    ]
}