{
    "extrinsic_matrix": [
        [
            -0.8053885698318481,
            0.13871358335018158,
            0.24520504474639893,
            46.019657135009766
        ],
        [
            -0.07865504920482635,
            -0.9273562431335449,
            0.3597142994403839,
            -19.762630462646484
        ],
        [
            0.28179413080215454,
            0.2948301434516907,
            0.7498116493225098,
            64.97705078125
        ],
        [
            0.0,
            0.0,
            0.0,
            1.0
        ]
    ],
    "rotation_matrix": [
        [
            -0.8053885698318481,
            0.13871358335018158,
            0.24520504474639893
        ],
        [
            -0.07865504920482635,
            -0.9273562431335449,
            0.3597142994403839
        ],
        [
            0.28179413080215454,
            0.2948301434516907,
            0.7498116493225098
        ]
    ],
    "rotation_euler_deg": [
        [
            0.3746354579925537
        ],
        [
            -0.33509641885757446
        ],
        [
            -3.0442404747009277
        ]
    ],
    "translation_vector": [
        [
            46.019657135009766
        ],
        [
            -19.762630462646484
        ],
        [
            64.97705078125
        ]
    ]
}