{
    "extrinsic_matrix": [
        [
            -0.15756826102733612,
            -0.9735195636749268,
            -0.027579905465245247,
            22.866491317749023
        ],
        [
            -0.1958518773317337,
            0.06225565820932388,
            -0.9758663177490234,
            -1.9581644535064697
        ],
        [
            0.9547572731971741,
            -0.14712150394916534,
            -0.21173258125782013,
            12.239988327026367
        ],
        [
            0.0,
            0.0,
            0.0,
            1.0
        ]
    ],
    "rotation_matrix": [
        [
            -0.15756826102733612,
            -0.9735195636749268,
            -0.027579905465245247
        ],
        [
            -0.1958518773317337,
            0.06225565820932388,
            -0.9758663177490234
        ],
        [
            0.9547572731971741,
            -0.14712150394916534,
            -0.21173258125782013
        ]
    ],
    "rotation_euler_deg": [
        [
            -2.534334182739258
        ],
        [
            -1.313359260559082
        ],
        [
            -2.2482919692993164
        ]
    ],
    "translation_vector": [
        [
            22.866491317749023
        ],
        [
            -1.9581644535064697
        ],
        [
            12.239988327026367
        ]
    ]
}