{
    "extrinsic_matrix": [
        [
            -0.6995034217834473,
            0.25424546003341675,
            -0.05460801720619202,
            43.84553909301758
        ],
        [
            0.2791967988014221,
            0.13649427890777588,
            -0.8244545459747314,
            -19.508995056152344
        ],
        [
            -0.0928877592086792,
            -0.709545910358429,
            -0.41138458251953125,
            57.82542037963867
        ],
        [
            0.0,
            0.0,
            0.0,
            1.0
        ]
    ],
    "rotation_matrix": [
        [
            -0.6995034217834473,
            0.25424546003341675,
            -0.05460801720619202
        ],
        [
            0.2791967988014221,
            0.13649427890777588,
            -0.8244545459747314
        ],
        [
            -0.0928877592086792,
            -0.709545910358429,
            -0.41138458251953125
        ]
    ],
    "rotation_euler_deg": [
        [
            -2.096219778060913
        ],
        [
            0.12271041423082352
        ],
        [
            2.761831521987915
        ]
    ],
    "translation_vector": [
        [
            43.84553909301758
        ],
        [
            -19.508995056152344
        ],
        [
            57.82542037963867
        ]
    ]
}