{
    "extrinsic_matrix": [
        [
            -0.32404056191444397,
            -0.9431012272834778,
            -0.0745500847697258,
            20.918909072875977
        ],
        [
            -0.6398924589157104,
            0.16045446693897247,
            0.7515262961387634,
            -1.1340988874435425
        ],
        [
            -0.6968036890029907,
            0.29122936725616455,
            -0.6554771661758423,
            5.448422431945801
        ],
        [
            0.0,
            0.0,
            0.0,
            1.0
        ]
    ],
    "rotation_matrix": [
        [
            -0.32404056191444397,
            -0.9431012272834778,
            -0.0745500847697258
        ],
        [
            -0.6398924589157104,
            0.16045446693897247,
            0.7515262961387634
        ],
        [
            -0.6968036890029907,
            0.29122936725616455,
            -0.6554771661758423
        ]
    ],
    "rotation_euler_deg": [
        [
            2.7234878540039062
        ],
        [
            0.7709315419197083
        ],
        [
            -2.0395495891571045
        ]
    ],
    "translation_vector": [
        [
            20.918909072875977
        ],
        [
            -1.1340988874435425
        ],
        [
            5.448422431945801
        ]
    ]
}