{
    "extrinsic_matrix": [
        [
            0.39304888248443604,
            -0.27753642201423645,
            -0.8766331672668457,
            30.1451358795166
        ],
        [
            -0.007516482379287481,
            0.9523605108261108,
            -0.30488121509552,
            -9.967132568359375
        ],
        [
            0.9194865226745605,
            0.12642227113246918,
            0.37223851680755615,
            21.41682243347168
        ],
        [
            0.0,
            0.0,
            0.0,
            1.0
        ]
    ],
    "rotation_matrix": [
        [
            0.39304888248443604,
            -0.27753642201423645,
            -0.8766331672668457
        ],
        [
            -0.007516482379287481,
            0.9523605108261108,
            -0.30488121509552
        ],
        [
            0.9194865226745605,
            0.12642227113246918,
            0.37223851680755615
        ]
    ],
    "rotation_euler_deg": [
        [
            0.3274041712284088
        ],
        [
            -1.1667730808258057
        ],
        [
            -0.0191211998462677
        ]
    ],
    "translation_vector": [
        [
            30.1451358795166
        ],
        [
            -9.967132568359375
        ],
        [
            21.41682243347168
        ]
    ]
}