{
    "extrinsic_matrix": [
        [
            -0.4270252287387848,
            0.014385751448571682,
            0.9041252136230469,
            24.24939727783203
        ],
        [
            -0.4302886724472046,
            0.8761783242225647,
            -0.2171698808670044,
            -6.986519813537598
        ],
        [
            -0.7952989339828491,
            -0.48177215456962585,
            -0.36796054244041443,
            19.439891815185547
        ],
        [
            0.0,
            0.0,
            0.0,
            1.0
        ]
    ],
    "rotation_matrix": [
        [
            -0.4270252287387848,
            0.014385751448571682,
            0.9041252136230469
        ],
        [
            -0.4302886724472046,
            0.8761783242225647,
            -0.2171698808670044
        ],
        [
            -0.7952989339828491,
            -0.48177215456962585,
            -0.36796054244041443
        ]
    ],
    "rotation_euler_deg": [
        [
            -2.223048686981201
        ],
        [
            0.919501006603241
        ],
        [
            -2.3523879051208496
        ]
    ],
    "translation_vector": [
        [
            24.24939727783203
        ],
        [
            -6.986519813537598
        ],
        [
            19.439891815185547
        ]
    ]
}