{
    "extrinsic_matrix": [
        [
            0.7630301117897034,
            -0.4730914831161499,
            -0.4292711913585663,
            29.167177200317383
        ],
        [
            0.20839141309261322,
            -0.4535791277885437,
            0.8639605641365051,
            -11.704752922058105
        ],
        [
            -0.6029753684997559,
            -0.7541370987892151,
            -0.24517959356307983,
            26.505571365356445
        ],
        [
            0.0,
            0.0,
            0.0,
            1.0
        ]
    ],
    "rotation_matrix": [
        [
            0.7630301117897034,
            -0.4730914831161499,
            -0.4292711913585663
        ],
        [
            0.20839141309261322,
            -0.4535791277885437,
            0.8639605641365051
        ],
        [
            -0.6029753684997559,
            -0.7541370987892151,
            -0.24517959356307983
        ]
    ],
    "rotation_euler_deg": [
        [
            -1.8851301670074463
        ],
        [
            0.6513386368751526
        ],
        [
            0.2666085660457611
        ]
    ],
    "translation_vector": [
        [
            29.167177200317383
        ],
        [
            -11.704752922058105
        ],
        [
            26.505571365356445
        ]
    ]
}