{
    "extrinsic_matrix": [
        [
            0.4151970446109772,
            -0.27529242634773254,
            -0.8670785427093506,
            30.05910873413086
        ],
        [
            -0.0020048082806169987,
            0.9528356194496155,
            -0.30347970128059387,
            -9.977618217468262
        ],
        [
            0.90972900390625,
            0.12774206697940826,
            0.39506301283836365,
            23.40972900390625
        ],
        [
            0.0,
            0.0,
            0.0,
            1.0
        ]
    ],
    "rotation_matrix": [
        [
            0.4151970446109772,
            -0.27529242634773254,
            -0.8670785427093506
        ],
        [
            -0.0020048082806169987,
            0.9528356194496155,
            -0.30347970128059387
        ],
        [
            0.90972900390625,
            0.12774206697940826,
            0.39506301283836365
        ]
    ],
    "rotation_euler_deg": [
        [
            0.3127352297306061
        ],
        [
            -1.1426315307617188
        ],
        [
            -0.004828533157706261
        ]
    ],
    "translation_vector": [
        [
            30.05910873413086
        ],
        [
            -9.977618217468262
        ],
        [
            23.40972900390625
        ]
    ]
}