{
    "extrinsic_matrix": [
        [
            0.9346759915351868,
            -0.017117740586400032,
            -0.35483697056770325,
            23.59054946899414
        ],
        [
            0.3493046164512634,
            -0.13877777755260468,
            0.9265497922897339,
            -2.811196804046631
        ],
        [
            -0.06525005400180817,
            -0.9900684952735901,
            -0.12378543615341187,
            11.696187973022461
        ],
        [
            0.0,
            0.0,
            0.0,
            1.0
        ]
    ],
    "rotation_matrix": [
        [
            0.9346759915351868,
            -0.017117740586400032,
            -0.35483697056770325
        ],
        [
            0.3493046164512634,
            -0.13877777755260468,
            0.9265497922897339
        ],
        [
            -0.06525005400180817,
            -0.9900684952735901,
            -0.12378543615341187
        ]
    ],
    "rotation_euler_deg": [
        [
            -1.6951780319213867
        ],
        [
            0.06530002504587173
        ],
        [
            0.3576456606388092
        ]
    ],
    "translation_vector": [
        [
            23.59054946899414
        ],
        [
            -2.811196804046631
        ],
        [
            11.696187973022461
        ]
    ]
}