{
    "extrinsic_matrix": [
        [
            0.38117361068725586,
            -0.2792993485927582,
            -0.8813048005104065,
            30.153024673461914
        ],
        [
            -0.008896625600755215,
            0.952121376991272,
            -0.30559006333351135,
            -9.961825370788574
        ],
        [
            0.9244603514671326,
            0.12432334572076797,
            0.36043909192085266,
            22.416776657104492
        ],
        [
            0.0,
            0.0,
            0.0,
            1.0
        ]
    ],
    "rotation_matrix": [
        [
            0.38117361068725586,
            -0.2792993485927582,
            -0.8813048005104065
        ],
        [
            -0.008896625600755215,
            0.952121376991272,
            -0.30559006333351135
        ],
        [
            0.9244603514671326,
            0.12432334572076797,
            0.36043909192085266
        ]
    ],
    "rotation_euler_deg": [
        [
            0.33214378356933594
        ],
        [
            -1.17961847782135
        ],
        [
            -0.023335851728916168
        ]
    ],
    "translation_vector": [
        [
            30.153024673461914
        ],
        [
            -9.961825370788574
        ],
        [
            22.416776657104492
        ]
    ]
}