{
    "extrinsic_matrix": [
        [
            -0.14167232811450958,
            -0.9752291440963745,
            -0.02351125329732895,
            22.864643096923828
        ],
        [
            -0.19469568133354187,
            0.05490485206246376,
            -0.9763678312301636,
            -1.939538598060608
        ],
        [
            0.9566732048988342,
            -0.13242822885513306,
            -0.20959806442260742,
            11.952253341674805
        ],
        [
            0.0,
            0.0,
            0.0,
            1.0
        ]
    ],
    "rotation_matrix": [
        [
            -0.14167232811450958,
            -0.9752291440963745,
            -0.02351125329732895
        ],
        [
            -0.19469568133354187,
            0.05490485206246376,
            -0.9763678312301636
        ],
        [
            0.9566732048988342,
            -0.13242822885513306,
            -0.20959806442260742
        ]
    ],
    "rotation_euler_deg": [
        [
            -2.578104257583618
        ],
        [
            -1.3242276906967163
        ],
        [
            -2.199846029281616
        ]
    ],
    "translation_vector": [
        [
            22.864643096923828
        ],
        [
            -1.939538598060608
        ],
        [
            11.952253341674805
        ]
    ]
}