{
    "extrinsic_matrix": [
        [
            0.7602929472923279,
            0.10394155979156494,
            -0.641209602355957,
            47.424346923828125
        ],
        [
            -0.2953656315803528,
            0.9344852566719055,
            -0.19873669743537903,
            -17.52273178100586
        ],
        [
            0.5785443186759949,
            0.34048929810523987,
            0.7411836981773376,
            39.31998825073242
        ],
        [
            0.0,
            0.0,
            0.0,
            1.0
        ]
    ],
    "rotation_matrix": [
        [
            0.7602929472923279,
            0.10394155979156494,
            -0.641209602355957
        ],
        [
            -0.2953656315803528,
            0.9344852566719055,
            -0.19873669743537903
        ],
        [
            0.5785443186759949,
            0.34048929810523987,
            0.7411836981773376
        ]
    ],
    "rotation_euler_deg": [
        [
            0.43063172698020935
        ],
        [
            -0.6169429421424866
        ],
        [
            -0.37054410576820374
        ]
    ],
    "translation_vector": [
        [
            47.424346923828125
        ],
        [
            -17.52273178100586
        ],
        [
            39.31998825073242
        ]
    ]
}