{
    "extrinsic_matrix": [
        [
            0.6553571224212646,
            -0.5262847542762756,
            -0.5323766469955444,
            28.958574295043945
        ],
        [
            0.30935198068618774,
            -0.4595436453819275,
            0.8297728896141052,
            -11.369800567626953
        ],
        [
            -0.6808619499206543,
            -0.7141730785369873,
            -0.13593263924121857,
            26.083740234375
        ],
        [
            0.0,
            0.0,
            0.0,
            1.0
        ]
    ],
    "rotation_matrix": [
        [
            0.6553571224212646,
            -0.5262847542762756,
            -0.5323766469955444
        ],
        [
            0.30935198068618774,
            -0.4595436453819275,
            0.8297728896141052
        ],
        [
            -0.6808619499206543,
            -0.7141730785369873,
            -0.13593263924121857
        ]
    ],
    "rotation_euler_deg": [
        [
            -1.7588822841644287
        ],
        [
            0.754218578338623
        ],
        [
            0.4410269856452942
        ]
    ],
    "translation_vector": [
        [
            28.958574295043945
        ],
        [
            -11.369800567626953
        ],
        [
            26.083740234375
        ]
    ]
}