{
    "extrinsic_matrix": [
        [
            0.9421672224998474,
            0.33357104659080505,
            -0.032407790422439575,
            46.33932876586914
        ],
        [
            -0.3309888541698456,
            0.9109538197517395,
            -0.24619005620479584,
            -19.043813705444336
        ],
        [
            -0.05260007455945015,
            0.24267832934856415,
            0.9686797857284546,
            52.10877990722656
        ],
        [
            0.0,
            0.0,
            0.0,
            1.0
        ]
    ],
    "rotation_matrix": [
        [
            0.9421672224998474,
            0.33357104659080505,
            -0.032407790422439575
        ],
        [
            -0.3309888541698456,
            0.9109538197517395,
            -0.24619005620479584
        ],
        [
            -0.05260007455945015,
            0.24267832934856415,
            0.9686797857284546
        ]
    ],
    "rotation_euler_deg": [
        [
            0.24547255039215088
        ],
        [
            0.05262437462806702
        ],
        [
            -0.33783769607543945
        ]
    ],
    "translation_vector": [
        [
            46.33932876586914
        ],
        [
            -19.043813705444336
        ],
        [
            52.10877990722656
        ]
    ]
}