{
    "extrinsic_matrix": [
        [
            -0.8052237033843994,
            -0.25558239221572876,
            0.14299964904785156,
            45.91938781738281
        ],
        [
            -0.0826483964920044,
            0.013213053345680237,
            -0.926703155040741,
            -18.99725914001465
        ],
        [
            0.3005235195159912,
            -0.8285763263702393,
            -0.17871594429016113,
            57.971282958984375
        ],
        [
            0.0,
            0.0,
            0.0,
            1.0
        ]
    ],
    "rotation_matrix": [
        [
            -0.8052237033843994,
            -0.25558239221572876,
            0.14299964904785156
        ],
        [
            -0.0826483964920044,
            0.013213053345680237,
            -0.926703155040741
        ],
        [
            0.3005235195159912,
            -0.8285763263702393,
            -0.17871594429016113
        ]
    ],
    "rotation_euler_deg": [
        [
            -1.78323233127594
        ],
        [
            -0.35549381375312805
        ],
        [
            -3.0393104553222656
        ]
    ],
    "translation_vector": [
        [
            45.91938781738281
        ],
        [
            -18.99725914001465
        ],
        [
            57.971282958984375
        ]
    ]
}