{
    "extrinsic_matrix": [
        [
            0.9636728763580322,
            -0.18997560441493988,
            -0.1877312958240509,
            48.38505172729492
        ],
        [
            0.13285985589027405,
            0.9507343173027039,
            -0.2800937592983246,
            -19.50714111328125
        ],
        [
            0.23169325292110443,
            0.2449764460325241,
            0.9414377808570862,
            51.41996765136719
        ],
        [
            0.0,
            0.0,
            0.0,
            1.0
        ]
    ],
    "rotation_matrix": [
        [
            0.9636728763580322,
            -0.18997560441493988,
            -0.1877312958240509
        ],
        [
            0.13285985589027405,
            0.9507343173027039,
            -0.2800937592983246
        ],
        [
            0.23169325292110443,
            0.2449764460325241,
            0.9414377808570862
        ]
    ],
    "rotation_euler_deg": [
        [
            0.2545696496963501
        ],
        [
            -0.23381806910037994
        ],
        [
            0.1370045244693756
        ]
    ],
    "translation_vector": [
        [
            48.38505172729492
        ],
        [
            -19.50714111328125
        ],
        [
            51.41996765136719
        ]
    ]
}