{
    "extrinsic_matrix": [
        [
            -0.8813509345054626,
            0.15527668595314026,
            0.44621706008911133,
            4.071837902069092
        ],
        [
            -0.020080475136637688,
            0.9312857389450073,
            -0.3637355864048004,
            0.10714992135763168
        ],
        [
            -0.4720352590084076,
            -0.3295389711856842,
            -0.8176716566085815,
            2.992805242538452
        ],
        [
            0.0,
            0.0,
            0.0,
            1.0
        ]
    ],
    "rotation_matrix": [
        [
            -0.8813509345054626,
            0.15527668595314026,
            0.44621706008911133
        ],
        [
            -0.020080475136637688,
            0.9312857389450073,
            -0.3637355864048004
        ],
        [
            -0.4720352590084076,
            -0.3295389711856842,
            -0.8176716566085815
        ]
    ],
    "rotation_euler_deg": [
        [
            -2.7584846019744873
        ],
        [
            0.4915980100631714
        ],
        [
            -3.1188127994537354
        ]
    ],
    "translation_vector": [
        [
            4.071837902069092
        ],
        [
            0.10714992135763168
        ],
        [
            2.992805242538452
        ]
    ]
}