{
    "extrinsic_matrix": [
        [
            0.27678734064102173,
            0.9310519099235535,
            0.23776301741600037,
            22.574981689453125
        ],
        [
            0.0875987708568573,
            0.22195209562778473,
            -0.9711145758628845,
            -1.6803025007247925
        ],
        [
            -0.9569304585456848,
            0.2896198630332947,
            -0.02012551948428154,
            10.309967994689941
        ],
        [
            0.0,
            0.0,
            0.0,
            1.0
        ]
    ],
    "rotation_matrix": [
        [
            0.27678734064102173,
            0.9310519099235535,
            0.23776301741600037
        ],
        [
            0.0875987708568573,
            0.22195209562778473,
            -0.9711145758628845
        ],
        [
            -0.9569304585456848,
            0.2896198630332947,
            -0.02012551948428154
        ]
    ],
    "rotation_euler_deg": [
        [
            1.6401742696762085
        ],
        [
            1.276236891746521
        ],
        [
            0.3065102994441986
        ]
    ],
    "translation_vector": [
        [
            22.574981689453125
        ],
        [
            -1.6803025007247925
        ],
        [
            10.309967994689941
        ]
    ]
}