{
    "extrinsic_matrix": [
        [
            -0.6655218601226807,
            0.4181186854839325,
            -0.11812476813793182,
            43.1789436340332
        ],
        [
            0.3955041766166687,
            0.17612037062644958,
            -0.7915889024734497,
            -19.673480987548828
        ],
        [
            -0.21934139728546143,
            -0.6712861061096191,
            -0.4861709475517273,
            57.778533935546875
        ],
        [
            0.0,
            0.0,
            0.0,
            1.0
        ]
    ],
    "rotation_matrix": [
        [
            -0.6655218601226807,
            0.4181186854839325,
            -0.11812476813793182
        ],
        [
            0.3955041766166687,
            0.17612037062644958,
            -0.7915889024734497
        ],
        [
            -0.21934139728546143,
            -0.6712861061096191,
            -0.4861709475517273
        ]
    ],
    "rotation_euler_deg": [
        [
            -2.1976048946380615
        ],
        [
            0.2760881185531616
        ],
        [
            2.6053919792175293
        ]
    ],
    "translation_vector": [
        [
            43.1789436340332
        ],
        [
            -19.673480987548828
        ],
        [
            57.778533935546875
        ]
    ]
}