{
    "extrinsic_matrix": [
        [
            -0.8165508508682251,
            -0.3102068305015564,
            0.16417190432548523,
            46.14158630371094
        ],
        [
            -0.12141752243041992,
            4.351139068603516e-06,
            -0.9376583695411682,
            -18.942428588867188
        ],
        [
            0.34267473220825195,
            -0.8413295745849609,
            -0.15378716588020325,
            57.98691177368164
        ],
        [
            0.0,
            0.0,
            0.0,
            1.0
        ]
    ],
    "rotation_matrix": [
        [
            -0.8165508508682251,
            -0.3102068305015564,
            0.16417190432548523
        ],
        [
            -0.12141752243041992,
            4.351139068603516e-06,
            -0.9376583695411682
        ],
        [
            0.34267473220825195,
            -0.8413295745849609,
            -0.15378716588020325
        ]
    ],
    "rotation_euler_deg": [
        [
            -1.7515909671783447
        ],
        [
            -0.3934531807899475
        ],
        [
            -2.99397873878479
        ]
    ],
    "translation_vector": [
        [
            46.14158630371094
        ],
        [
            -18.942428588867188
        ],
        [
            57.98691177368164
        ]
    ]
}