{
    "extrinsic_matrix": [
        [
            0.3567793369293213,
            0.9341267943382263,
            -0.010744312778115273,
            19.157506942749023
        ],
        [
            -0.25804728269577026,
            0.10959894955158234,
            0.9598954916000366,
            -1.2135063409805298
        ],
        [
            0.8978419899940491,
            -0.3396987020969391,
            0.2801516354084015,
            6.9067158699035645
        ],
        [
            0.0,
            0.0,
            0.0,
            1.0
        ]
    ],
    "rotation_matrix": [
        [
            0.3567793369293213,
            0.9341267943382263,
            -0.010744312778115273
        ],
        [
            -0.25804728269577026,
            0.10959894955158234,
            0.9598954916000366
        ],
        [
            0.8978419899940491,
            -0.3396987020969391,
            0.2801516354084015
        ]
    ],
    "rotation_euler_deg": [
        [
            -0.8811711072921753
        ],
        [
            -1.1148436069488525
        ],
        [
            -0.6261723637580872
        ]
    ],
    "translation_vector": [
        [
            19.157506942749023
        ],
        [
            -1.2135063409805298
        ],
        [
            6.9067158699035645
        ]
    ]
}