{
    "extrinsic_matrix": [
        [
            -0.2688397765159607,
            -0.9615522027015686,
            -0.05606047436594963,
            22.87942886352539
        ],
        [
            -0.2039453387260437,
            0.11371130496263504,
            -0.9723559021949768,
            -2.088545560836792
        ],
        [
            0.9413459300994873,
            -0.24997442960739136,
            -0.22667424380779266,
            14.254133224487305
        ],
        [
            0.0,
            0.0,
            0.0,
            1.0
        ]
    ],
    "rotation_matrix": [
        [
            -0.2688397765159607,
            -0.9615522027015686,
            -0.05606047436594963
        ],
        [
            -0.2039453387260437,
            0.11371130496263504,
            -0.9723559021949768
        ],
        [
            0.9413459300994873,
            -0.24997442960739136,
            -0.22667424380779266
        ]
    ],
    "rotation_euler_deg": [
        [
            -2.307349920272827
        ],
        [
            -1.2265959978103638
        ],
        [
            -2.4926021099090576
        ]
    ],
    "translation_vector": [
        [
            22.87942886352539
        ],
        [
            -2.088545560836792
        ],
        [
            14.254133224487305
        ]
    ]
}