{
    "extrinsic_matrix": [
        [
            -0.09398452937602997,
            -0.9803580045700073,
            -0.011305294930934906,
            22.85909652709961
        ],
        [
            -0.1912270486354828,
            0.03285243362188339,
            -0.9778723120689392,
            -1.8836610317230225
        ],
        [
            0.9624209403991699,
            -0.0883484035730362,
            -0.2031944990158081,
            11.089048385620117
        ],
        [
            0.0,
            0.0,
            0.0,
            1.0
        ]
    ],
    "rotation_matrix": [
        [
            -0.09398452937602997,
            -0.9803580045700073,
            -0.011305294930934906
        ],
        [
            -0.1912270486354828,
            0.03285243362188339,
            -0.9778723120689392
        ],
        [
            0.9624209403991699,
            -0.0883484035730362,
            -0.2031944990158081
        ]
    ],
    "rotation_euler_deg": [
        [
            -2.7314529418945312
        ],
        [
            -1.3529161214828491
        ],
        [
            -2.0276057720184326
        ]
    ],
    "translation_vector": [
        [
            22.85909652709961
        ],
        [
            -1.8836610317230225
        ],
        [
            11.089048385620117
        ]
    ]
}