{
    "extrinsic_matrix": [
        [
            0.5561072826385498,
            0.7635980844497681,
            0.3281177580356598,
            44.94746017456055
        ],
        [
            0.4687654972076416,
            0.03782553970813751,
            -0.8825123906135559,
            -18.269804000854492
        ],
        [
            -0.6862967014312744,
            0.644582211971283,
            -0.33691340684890747,
            42.20917510986328
        ],
        [
            0.0,
            0.0,
            0.0,
            1.0
        ]
    ],
    "rotation_matrix": [
        [
            0.5561072826385498,
            0.7635980844497681,
            0.3281177580356598
        ],
        [
            0.4687654972076416,
            0.03782553970813751,
            -0.8825123906135559
        ],
        [
            -0.6862967014312744,
            0.644582211971283,
            -0.33691340684890747
        ]
    ],
    "rotation_euler_deg": [
        [
            2.052426815032959
        ],
        [
            0.7563852667808533
        ],
        [
            0.7003815174102783
        ]
    ],
    "translation_vector": [
        [
            44.94746017456055
        ],
        [
            -18.269804000854492
        ],
        [
            42.20917510986328
        ]
    ]
}