{
    "extrinsic_matrix": [
        [
            0.07088585942983627,
            -0.3051219582557678,
            0.9496711492538452,
            47.179752349853516
        ],
        [
            -0.10745607316493988,
            0.9441901445388794,
            0.3113810122013092,
            -19.466440200805664
        ],
        [
            -0.9916794300079346,
            -0.12412061542272568,
            0.03414173424243927,
            60.093265533447266
        ],
        [
            0.0,
            0.0,
            0.0,
            1.0
        ]
    ],
    "rotation_matrix": [
        [
            0.07088585942983627,
            -0.3051219582557678,
            0.9496711492538452
        ],
        [
            -0.10745607316493988,
            0.9441901445388794,
            0.3113810122013092
        ],
        [
            -0.9916794300079346,
            -0.12412061542272568,
            0.03414173424243927
        ]
    ],
    "rotation_euler_deg": [
        [
            -1.302366018295288
        ],
        [
            1.4417072534561157
        ],
        [
            -0.9876512289047241
        ]
    ],
    "translation_vector": [
        [
            47.179752349853516
        ],
        [
            -19.466440200805664
        ],
        [
            60.093265533447266
        ]
    ]
}