{
    "extrinsic_matrix": [
        [
            0.05122123658657074,
            -0.3448021113872528,
            0.937275230884552,
            46.72270202636719
        ],
        [
            -0.140912726521492,
            0.9266113042831421,
            0.34857839345932007,
            -20.06003761291504
        ],
        [
            -0.9886834621429443,
            -0.14992620050907135,
            -0.0011330203851684928,
            60.0539665222168
        ],
        [
            0.0,
            0.0,
            0.0,
            1.0
        ]
    ],
    "rotation_matrix": [
        [
            0.05122123658657074,
            -0.3448021113872528,
            0.937275230884552
        ],
        [
            -0.140912726521492,
            0.9266113042831421,
            0.34857839345932007
        ],
        [
            -0.9886834621429443,
            -0.14992620050907135,
            -0.0011330203851684928
        ]
    ],
    "rotation_euler_deg": [
        [
            -1.5783534049987793
        ],
        [
            1.4202935695648193
        ],
        [
            -1.222149133682251
        ]
    ],
    "translation_vector": [
        [
            46.72270202636719
        ],
        [
            -20.06003761291504
        ],
        [
            60.0539665222168
        ]
    ]
}