{
    "extrinsic_matrix": [
        [
            -0.30634286999702454,
            0.748396098613739,
            0.5882659554481506,
            41.584869384765625
        ],
        [
            0.45608383417129517,
            0.6578232645988464,
            -0.5993794798851013,
            -11.231668472290039
        ],
        [
            -0.8355485796928406,
            0.08468258380889893,
            -0.5428507924079895,
            25.525650024414062
        ],
        [
            0.0,
            0.0,
            0.0,
            1.0
        ]
    ],
    "rotation_matrix": [
        [
            -0.30634286999702454,
            0.748396098613739,
            0.5882659554481506
        ],
        [
            0.45608383417129517,
            0.6578232645988464,
            -0.5993794798851013
        ],
        [
            -0.8355485796928406,
            0.08468258380889893,
            -0.5428507924079895
        ]
    ],
    "rotation_euler_deg": [
        [
            2.9868438243865967
        ],
        [
            0.9891306161880493
        ],
        [
            2.162262439727783
        ]
    ],
    "translation_vector": [
        [
            41.584869384765625
        ],
        [
            -11.231668472290039
        ],
        [
            25.525650024414062
        ]
    ]
}