{
    "extrinsic_matrix": [
        [
            -0.32405009865760803,
            0.749133288860321,
            0.5777459740638733,
            42.49372100830078
        ],
        [
            0.5205726623535156,
            0.6511274576187134,
            -0.5523013472557068,
            -11.142484664916992
        ],
        [
            -0.7899338603019714,
            0.12178503721952438,
            -0.6009762287139893,
            25.85565757751465
        ],
        [
            0.0,
            0.0,
            0.0,
            1.0
        ]
    ],
    "rotation_matrix": [
        [
            -0.32405009865760803,
            0.749133288860321,
            0.5777459740638733
        ],
        [
            0.5205726623535156,
            0.6511274576187134,
            -0.5523013472557068
        ],
        [
            -0.7899338603019714,
            0.12178503721952438,
            -0.6009762287139893
        ]
    ],
    "rotation_euler_deg": [
        [
            2.941654682159424
        ],
        [
            0.9107012152671814
        ],
        [
            2.127587080001831
        ]
    ],
    "translation_vector": [
        [
            42.49372100830078
        ],
        [
            -11.142484664916992
        ],
        [
            25.85565757751465
        ]
    ]
}