{
    "extrinsic_matrix": [
        [
            0.7789162397384644,
            -0.46524330973625183,
            -0.4140589237213135,
            29.197954177856445
        ],
        [
            0.19349558651447296,
            -0.45269909501075745,
            0.8690046072006226,
            -11.754172325134277
        ],
        [
            -0.5914839506149292,
            -0.7600334286689758,
            -0.2612980008125305,
            26.56781005859375
        ],
        [
            0.0,
            0.0,
            0.0,
            1.0
        ]
    ],
    "rotation_matrix": [
        [
            0.7789162397384644,
            -0.46524330973625183,
            -0.4140589237213135
        ],
        [
            0.19349558651447296,
            -0.45269909501075745,
            0.8690046072006226
        ],
        [
            -0.5914839506149292,
            -0.7600334286689758,
            -0.2612980008125305
        ]
    ],
    "rotation_euler_deg": [
        [
            -1.901935338973999
        ],
        [
            0.6351088285446167
        ],
        [
            0.24348768591880798
        ]
    ],
    "translation_vector": [
        [
            29.197954177856445
        ],
        [
            -11.754172325134277
        ],
        [
            26.56781005859375
        ]
    ]
}