{
    "extrinsic_matrix": [
        [
            -0.9940890669822693,
            -0.03288476914167404,
            -0.10346552729606628,
            46.289039611816406
        ],
        [
            -0.009622122161090374,
            -0.9225811958312988,
            0.38568344712257385,
            -19.524030685424805
        ],
        [
            -0.10813786089420319,
            0.38439956307411194,
            0.9168112874031067,
            61.7000846862793
        ],
        [
            0.0,
            0.0,
            0.0,
            1.0
        ]
    ],
    "rotation_matrix": [
        [
            -0.9940890669822693,
            -0.03288476914167404,
            -0.10346552729606628
        ],
        [
            -0.009622122161090374,
            -0.9225811958312988,
            0.38568344712257385
        ],
        [
            -0.10813786089420319,
            0.38439956307411194,
            0.9168112874031067
        ]
    ],
    "rotation_euler_deg": [
        [
            0.3970147967338562
        ],
        [
            0.1083497628569603
        ],
        [
            -3.131913661956787
        ]
    ],
    "translation_vector": [
        [
            46.289039611816406
        ],
        [
            -19.524030685424805
        ],
        [
            61.7000846862793
        ]
    ]
}