{
    "extrinsic_matrix": [
        [
            -0.793896496295929,
            -0.2009580135345459,
            0.1218273937702179,
            45.69718933105469
        ],
        [
            -0.04387927055358887,
            0.02642175555229187,
            -0.9157479405403137,
            -19.052087783813477
        ],
        [
            0.25837230682373047,
            -0.8158230185508728,
            -0.20364472270011902,
            57.95565414428711
        ],
        [
            0.0,
            0.0,
            0.0,
            1.0
        ]
    ],
    "rotation_matrix": [
        [
            -0.793896496295929,
            -0.2009580135345459,
            0.1218273937702179
        ],
        [
            -0.04387927055358887,
            0.02642175555229187,
            -0.9157479405403137
        ],
        [
            0.25837230682373047,
            -0.8158230185508728,
            -0.20364472270011902
        ]
    ],
    "rotation_euler_deg": [
        [
            -1.8154160976409912
        ],
        [
            -0.3141888380050659
        ],
        [
            -3.0863780975341797
        ]
    ],
    "translation_vector": [
        [
            45.69718933105469
        ],
        [
            -19.052087783813477
        ],
        [
            57.95565414428711
        ]
    ]
}