{
    "extrinsic_matrix": [
        [
            0.5975642204284668,
            -0.6030436754226685,
            -0.5284460783004761,
            34.95071792602539
        ],
        [
            0.19430717825889587,
            -0.5305028557777405,
            0.8251128196716309,
            -12.498895645141602
        ],
        [
            -0.7779214978218079,
            -0.595738410949707,
            -0.1998339742422104,
            25.30705451965332
        ],
        [
            0.0,
            0.0,
            0.0,
            1.0
        ]
    ],
    "rotation_matrix": [
        [
            0.5975642204284668,
            -0.6030436754226685,
            -0.5284460783004761
        ],
        [
            0.19430717825889587,
            -0.5305028557777405,
            0.8251128196716309
        ],
        [
            -0.7779214978218079,
            -0.595738410949707,
            -0.1998339742422104
        ]
    ],
    "rotation_euler_deg": [
        [
            -1.8944408893585205
        ],
        [
            0.8913511037826538
        ],
        [
            0.3143814504146576
        ]
    ],
    "translation_vector": [
        [
            34.95071792602539
        ],
        [
            -12.498895645141602
        ],
        [
            25.30705451965332
        ]
    ]
}