{
    "extrinsic_matrix": [
        [
            -0.7523635625839233,
            -0.0006685256958007812,
            0.04419583082199097,
            44.88246536254883
        ],
        [
            0.09827423095703125,
            0.07485365867614746,
            -0.8755788207054138,
            -19.25312614440918
        ],
        [
            0.103817880153656,
            -0.7690610885620117,
            -0.2950502634048462,
            57.89834976196289
        ],
        [
            0.0,
            0.0,
            0.0,
            1.0
        ]
    ],
    "rotation_matrix": [
        [
            -0.7523635625839233,
            -0.0006685256958007812,
            0.04419583082199097
        ],
        [
            0.09827423095703125,
            0.07485365867614746,
            -0.8755788207054138
        ],
        [
            0.103817880153656,
            -0.7690610885620117,
            -0.2950502634048462
        ]
    ],
    "rotation_euler_deg": [
        [
            -1.9371289014816284
        ],
        [
            -0.13598226010799408
        ],
        [
            3.011707305908203
        ]
    ],
    "translation_vector": [
        [
            44.88246536254883
        ],
        [
            -19.25312614440918
        ],
        [
            57.89834976196289
        ]
    ]
}